claim_number,age_of_driver,gender,marital_status,safety_rating,annual_income,high_education,address_change,property_status,zip_code,claim_date,claim_day_of_week,accident_site,past_num_of_claims,witness_present,liab_prct,channel,police_report,age_of_vehicle,vehicle_category,vehicle_price,vehicle_color,total_claim,injury_claim,policy deductible,annual premium,days open,form defects,fraud reported
269568,33,M,1,72,35936.0,0,1,Own,50006,10/18/2024,Friday,Local,0,1,45,Phone,0,2,Medium,23457.35282,black,26707.46021,7957.267641,2000,1415.74,10.00976115,5,Y
974592,31,M,1,76,84940.8,1,1,Own,15021,12/23/2023,Saturday,Local,0,0,100,Phone,0,7,Medium,19752.42523,gray,15279.38583,3014.110884,1000,1199.44,8.264031851,3,N
1244160,42,F,0,68,29779.2,1,0,Own,80042,5/26/2024,Sunday,Local,0,1,84,Phone,1,4,Medium,12689.88429,white,6535.967672,2812.365265,2000,972.18,9.443031698,2,Y
2135808,30,F,1,79,34419.0,1,1,Own,50041,9/27/2024,Friday,Parking Lot,0,0,61,Phone,0,7,Medium,28091.43192,silver,15488.98712,3973.694785,1000,988.45,7.041739847,3,Y
2592000,42,F,0,92,39814.4,1,1,Own,50009,9/3/2023,Sunday,Highway,0,0,72,Phone,1,4,Compact,12006.5627,red,12427.00182,3388.568025,2000,1273.7,9.966159716,4,Y
3525120,23,M,1,82,20164.8,1,0,Rent,15015,3/21/2024,Thursday,Highway,0,0,80,Phone,1,6,Compact,12224.5503,white,24375.06253,5335.459014,500,1848.81,9.411242095,4,Y
3608064,55,M,1,83,14104.0,0,1,Own,80107,8/31/2024,Saturday,Parking Lot,0,0,69,Phone,0,4,Compact,12845.13183,other,30130.72245,6011.22711,500,1362.87,8.528898183,3,Y
3649536,44,F,0,65,160546.0,1,1,Rent,85001,9/1/2024,Sunday,Local,0,0,86,Phone,1,4,Large,76566.41329,silver,30982.76488,10852.36645,500,1239.22,8.592964817,3,N
3981312,37,F,0,68,7786.0,0,1,Rent,80022,5/26/2024,Sunday,Highway,0,0,51,Phone,1,5,Large,34708.88292,black,23599.39624,5904.032433,500,1105.49,8.546369217,9,Y
4209408,40,F,1,77,99026.0,1,1,Own,50047,8/6/2023,Sunday,Parking Lot,0,0,50,Phone,1,5,Medium,19450.25858,silver,12600.65557,5891.41743,1000,1425.54,9.551207744,2,N
4748544,27,M,0,36,32728.0,1,0,Rent,50023,12/28/2024,Saturday,Parking Lot,2,0,71,Phone,1,5,Large,7879.238294,black,41443.38211,6794.780109,2000,769.95,9.057925582,2,Y
4790016,42,F,1,65,179808.0,0,1,Rent,85072,10/5/2023,Thursday,Parking Lot,3,0,93,Phone,1,6,Large,34221.32516,silver,21670.54025,4019.553749,2000,1514.72,10.20500492,5,N
5101056,34,M,1,82,16429.0,0,1,Own,20106,3/20/2023,Monday,Parking Lot,0,1,0,Phone,1,5,Large,20504.51437,black,44689.78043,3431.849274,2000,1136.83,8.164786494,4,Y
5121792,31,F,0,94,84939.2,1,1,Own,85077,3/9/2023,Thursday,Local,1,0,94,Phone,1,4,Medium,21003.68362,gray,22015.10594,5270.906542,2000,1322.78,8.63599319,3,N
5660928,46,M,0,45,11246.0,0,1,Own,15025,9/22/2023,Friday,Local,1,1,34,Phone,1,2,Large,25602.20531,other,30860.11818,4499.059204,2000,1338.5,9.64053346,3,Y
5723136,57,M,1,65,14693.0,1,0,Rent,85007,8/9/2024,Friday,Parking Lot,1,0,64,Phone,1,1,Medium,9732.691388,gray,26752.07125,5461.151361,1000,1074.07,9.812436192,3,Y
6158592,56,M,1,83,44387.0,1,1,Rent,20148,10/19/2023,Thursday,Local,0,1,27,Phone,0,3,Medium,10883.7118,red,11807.93998,4511.907191,2000,1103.58,10.5576621,6,Y
7568640,51,F,1,87,162891.2,1,0,Rent,85035,10/14/2024,Monday,Highway,2,0,99,Phone,1,4,Compact,31615.03599,other,28699.249,7990.167818,500,1355.08,8.550854393,4,N
7817472,41,F,0,66,29408.0,1,0,Rent,20163,2/24/2023,Friday,Parking Lot,0,0,99,Phone,1,7,Medium,13942.05244,gray,41405.79596,3996.453104,500,1158.03,9.701092284,5,Y
8045568,49,F,0,79,82292.8,0,1,Own,85028,10/30/2024,Wednesday,Local,1,1,24,Phone,1,7,Compact,11488.23238,silver,19754.24336,6706.715266,500,1344.36,7.47937187,3,N
8211456,33,F,1,64,95934.4,1,0,Rent,20107,2/19/2024,Monday,Highway,0,0,3,Phone,0,2,Medium,12267.68033,gray,13732.00306,1971.468572,500,1203.24,7.617566343,3,N
8273664,44,M,1,89,80561.6,1,1,Own,20165,11/13/2024,Wednesday,Highway,0,0,21,Phone,1,3,Medium,49584.22238,gray,47665.79269,7193.215579,1000,1152.4,6.924367299,3,N
8792064,52,F,1,70,82292.8,1,1,Rent,50035,9/12/2023,Tuesday,Parking Lot,0,0,14,Phone,1,8,Compact,28494.95994,gray,34879.35173,6669.939824,500,1229.16,10.04717681,0,N
9020160,41,M,1,64,80561.6,1,0,Rent,20156,6/22/2023,Thursday,Local,2,0,20,Phone,1,3,Large,24455.90722,red,32964.01489,7713.185245,500,1706.79,10.26960072,8,N
9206784,58,M,1,86,82292.8,0,1,Own,20106,8/21/2024,Wednesday,Local,1,0,93,Phone,0,4,Large,14203.39611,silver,34878.65574,3798.774361,500,885.08,8.619270212,2,N
9745920,42,M,0,68,93347.2,1,0,Own,80034,3/24/2024,Sunday,Highway,0,1,2,Phone,1,3,Large,11534.5613,gray,30124.33636,2245.716441,1000,986.53,8.042216093,3,N
10305792,48,M,1,94,80561.6,0,1,Rent,85067,5/12/2024,Sunday,Parking Lot,3,0,0,Phone,1,6,Compact,25215.6433,white,17997.97862,4501.841953,500,1722.95,8.096150872,2,N
10679040,35,F,0,87,86892.8,1,1,Own,20156,11/23/2023,Thursday,Parking Lot,0,0,92,Phone,0,1,Large,19600.90487,gray,18686.10785,5627.615502,500,767.14,8.064835853,4,N
11840256,27,M,0,87,82292.8,1,1,Rent,85054,12/5/2024,Thursday,Highway,0,0,57,Phone,1,2,Medium,25604.80108,black,26180.26783,4214.161394,1000,2047.59,9.784155061,4,N
11964672,43,M,0,32,20169.6,1,1,Own,50032,9/1/2023,Friday,Local,0,0,6,Phone,0,6,Large,11544.57147,blue,28746.61543,3630.172038,2000,1371.78,9.188036472,6,Y
12047616,65,M,1,73,26795.2,0,1,Own,20144,2/24/2023,Friday,Local,0,1,22,Phone,0,6,Compact,34869.33691,black,21577.29777,7656.655706,2000,932.14,8.850708118,3,Y
13167360,53,F,0,78,163536.0,1,0,Own,0,8/13/2024,Tuesday,Parking Lot,0,0,68,Phone,0,7,Medium,25747.59643,silver,28683.68958,3435.867014,500,865.33,7.876778029,9,N
13436928,55,M,0,86,34105.6,1,0,Own,15045,6/17/2024,Monday,Highway,0,1,69,Phone,0,2,Compact,10736.03065,blue,48844.29531,4683.967849,2000,1134.08,10.47431442,6,Y
14162688,53,M,1,92,43515.2,1,0,Own,80021,7/24/2023,Monday,Highway,0,1,76,Phone,1,3,Large,14621.55121,white,23206.44925,2961.131957,2000,694.45,10.53081735,5,Y
14722560,68,F,1,66,37552.0,0,1,Rent,15012,9/21/2024,Saturday,Local,1,1,97,Phone,1,7,Medium,26014.27743,white,19733.7098,2439.667767,1000,1194.0,9.180571971,1,Y
14743296,23,F,0,80,150181.0,1,0,Rent,15021,11/27/2024,Wednesday,Local,0,0,99,Phone,1,3,Compact,50337.8293,gray,32663.07309,1625.777507,1000,1248.25,8.577774108,1,N
14867712,43,F,1,88,160162.0,1,0,Own,85068,12/23/2024,Monday,Local,0,0,84,Phone,1,5,Compact,37125.67225,gray,33959.29759,1694.017873,500,1338.54,9.532174967,5,N
15199488,37,F,1,78,87776.0,1,1,Own,80011,4/24/2023,Monday,Local,0,0,43,Phone,1,4,Medium,38455.01501,gray,29864.72945,3659.682727,500,806.31,8.176495295,7,N
15303168,52,F,1,69,160162.0,0,0,Own,80013,2/18/2023,Saturday,Parking Lot,5,0,76,Phone,1,4,Medium,17243.70739,white,45190.14619,3760.108962,500,947.75,8.786623863,3,N
15323904,48,F,1,80,95941.0,0,0,Own,50049,4/3/2024,Wednesday,Parking Lot,1,0,86,Phone,0,6,Compact,12917.2572,blue,13553.05598,5708.055749,2000,1018.73,8.689523936,6,N
15780096,45,F,0,41,87776.0,1,1,Own,85005,6/29/2024,Saturday,Local,0,0,74,Phone,0,4,Large,24722.50125,gray,50905.8586,4486.818427,1000,1086.48,10.7964143,6,N
15925248,41,M,1,91,19408.0,1,0,Own,15057,12/9/2023,Saturday,Local,0,0,76,Phone,0,6,Medium,25179.98403,red,10762.97406,4584.123661,2000,765.64,8.893795219,3,Y
15987456,23,F,1,64,150181.0,1,0,Own,80034,9/3/2023,Sunday,Highway,0,0,36,Phone,1,3,Compact,23685.50367,gray,6219.439115,4753.01309,2000,1327.41,9.221183782,3,N
16671744,51,M,0,73,150181.0,1,0,Rent,50044,6/2/2023,Friday,Parking Lot,0,0,32,Phone,1,5,Medium,8302.884838,blue,12833.60782,4101.351151,2000,995.56,10.25876605,1,N
16962048,54,F,1,30,163820.8,1,0,Rent,50038,10/11/2023,Wednesday,Local,1,0,24,Phone,1,4,Compact,22710.86772,red,18852.53509,3121.382598,1000,1377.94,9.434962585,3,N
17293824,48,M,1,52,150181.0,0,1,Rent,20152,9/25/2024,Wednesday,Local,0,0,17,Phone,0,6,Medium,15995.36838,other,19570.05302,6269.606997,500,1259.02,9.221813141,6,N
17563392,46,M,0,83,95941.0,1,0,Rent,50027,8/24/2024,Saturday,Local,0,0,0,Phone,1,4,Large,57172.22455,other,54261.1606,4580.849745,500,1399.27,8.470496578,2,N
17687808,55,M,1,50,160162.0,1,1,Own,20160,10/3/2024,Thursday,Local,0,0,52,Phone,1,2,Large,26349.40418,white,17093.35733,4793.678945,500,1365.46,7.699852647,2,N
18620928,53,M,0,59,160162.0,0,1,Rent,85051,10/6/2024,Sunday,Highway,0,0,52,Phone,1,5,Large,27627.86559,red,17203.42597,3396.363297,500,1203.17,9.03712699,0,N
18703872,77,M,1,83,95941.0,1,0,Rent,80024,7/10/2024,Wednesday,Local,0,1,36,Phone,1,3,Medium,45498.18177,red,35390.50774,2293.342919,2000,1212.12,9.159244202,6,N
18994176,24,F,1,98,30833.6,0,1,Own,85073,11/25/2023,Saturday,Parking Lot,1,1,81,Phone,0,6,Compact,14976.48873,black,15994.91383,4401.706538,500,922.67,8.947221237,4,Y
19035648,43,F,0,75,80185.6,1,1,Own,85030,11/8/2023,Wednesday,Parking Lot,1,0,35,Phone,0,2,Compact,15503.9907,black,17054.73409,11319.60982,500,1195.01,7.321504282,2,N
19367424,43,M,1,81,160184.0,1,0,Own,15012,8/28/2023,Monday,Local,2,1,21,Phone,1,1,Compact,17059.55326,black,47036.35003,3451.848241,1000,1403.9,10.30976206,3,N
19450368,53,F,1,60,30833.6,0,0,Own,20148,12/21/2023,Thursday,Local,0,0,32,Phone,0,10,Large,32348.74069,other,29288.44716,4496.81883,2000,1554.86,7.763337136,9,Y
19885824,62,M,0,42,96035.2,1,0,Rent,15010,2/23/2024,Friday,Parking Lot,0,0,15,Phone,1,4,Large,23157.78558,other,10789.29226,7768.325519,2000,1724.46,8.94770139,2,N
20134656,22,F,0,86,149433.6,1,0,Rent,85051,10/26/2024,Saturday,Local,1,1,43,Phone,1,4,Large,26475.48716,blue,9013.200049,5503.953904,500,1757.21,9.735575698,7,N
20279808,63,F,1,67,166299.2,0,1,Rent,85028,6/19/2023,Monday,Local,1,1,94,Phone,1,4,Medium,32128.95358,gray,27829.58373,10465.63288,1000,802.24,9.713553156,4,N
20507904,45,F,1,71,160883.2,0,0,Own,20132,2/18/2023,Saturday,Local,0,0,10,Phone,1,2,Medium,15690.94509,silver,53232.68784,2123.455627,500,1090.03,9.319328295,5,N
20860416,29,F,0,55,93876.8,1,0,Rent,85015,1/9/2024,Tuesday,Local,0,0,3,Phone,0,5,Large,10840.19058,gray,20525.79757,6503.598195,1000,1191.8,8.863160238,5,N
21067776,53,F,1,68,93496.0,1,0,Own,85003,2/3/2023,Friday,Highway,0,0,73,Phone,0,5,Large,42925.0554,red,39407.10066,6560.484083,2000,1459.93,9.603453897,8,N
21275136,50,M,1,59,80833.6,0,1,Own,80021,2/5/2023,Sunday,Local,2,1,32,Phone,1,7,Compact,25435.13215,red,21765.28198,4850.013982,2000,1398.46,9.934635407,1,N
22187520,59,M,1,81,95219.2,0,1,Rent,85046,1/9/2023,Monday,Parking Lot,3,0,100,Phone,1,4,Compact,19650.84767,blue,30113.38033,4409.993546,1000,1306.78,7.654032482,3,N
22228992,40,M,0,59,80833.6,1,1,Rent,20132,5/20/2023,Saturday,Parking Lot,0,0,53,Phone,1,6,Medium,17408.78599,blue,25028.08174,6007.476149,1000,1538.6,9.008098161,3,N
22291200,38,F,1,76,18176.0,1,1,Rent,15010,3/20/2023,Monday,Local,1,0,51,Phone,1,4,Large,27802.00044,gray,5550.720827,3291.487946,1000,1354.5,9.737468258,5,Y
22477824,34,M,0,74,18176.0,0,1,Own,80015,6/11/2023,Sunday,Parking Lot,1,0,86,Phone,1,8,Large,12294.58633,gray,22973.22882,2515.286561,1000,949.44,8.545785264,8,Y
22519296,60,M,0,71,165488.0,0,1,Own,20124,6/23/2024,Sunday,Local,0,1,1,Phone,0,5,Medium,5477.839167,gray,12035.63239,2026.468383,2000,977.4,8.784291821,1,N
22685184,37,F,1,60,157792.0,1,0,Own,85017,3/23/2024,Saturday,Local,2,0,76,Phone,1,5,Compact,15105.36522,other,22205.70466,7527.844832,500,1187.53,8.034524615,3,N
24157440,50,M,1,69,42620.8,1,0,Own,85013,6/12/2023,Monday,Local,0,0,1,Phone,1,6,Compact,8303.065932,white,18538.4525,7762.016782,2000,1836.02,8.987906851,4,Y
25837056,46,F,1,76,80833.6,0,1,Rent,50054,2/12/2024,Monday,Parking Lot,0,0,73,Phone,1,5,Large,6906.532255,black,12745.16368,4296.61233,500,1532.8,9.962441847,6,N
27060480,36,M,1,54,80833.6,1,1,Own,20105,*,*,Local,0,0,80,Phone,1,5,Large,18925.20554,white,17865.00762,3173.067568,1000,1164.97,10.28876143,4,N
27765504,31,F,1,76,80833.6,1,1,Own,85017,8/31/2024,Saturday,Local,0,0,49,Phone,1,7,Medium,12191.15147,black,22113.15778,4517.233987,500,1251.16,9.344463166,8,N
29009664,49,M,1,82,21312.8,1,1,Own,20146,4/6/2023,Thursday,Highway,2,0,2,Phone,1,4,Large,29722.52219,red,22321.9391,4997.802377,1000,1526.61,9.58068656,4,Y
29424384,52,F,1,45,21312.8,1,1,Own,85017,12/24/2023,Sunday,Local,0,0,5,Phone,0,5,Compact,15801.48714,red,28407.7968,4231.124069,500,1433.24,9.516380731,3,Y
29569536,34,M,1,61,99016.0,0,0,Own,50036,2/20/2023,Monday,Local,0,0,98,Phone,0,7,Medium,18981.99702,silver,50188.23601,7100.97818,500,1135.43,7.916400706,3,N
31290624,46,F,0,80,99016.0,1,0,Own,50008,12/18/2023,Monday,Local,0,0,50,Phone,0,5,Compact,20069.5488,other,22344.62395,3254.232783,1000,1677.26,8.758863579,5,N
31933440,36,M,1,51,87347.2,1,1,Own,15010,9/17/2023,Sunday,Local,0,0,51,Phone,0,4,Large,16041.39282,blue,11406.54702,4168.514175,1000,1008.79,9.85814333,4,N
32057856,49,M,1,71,92268.8,1,1,Rent,85020,7/8/2023,Saturday,Local,0,0,53,Phone,1,2,Compact,17161.59931,white,19203.75685,3160.49478,1000,1141.1,9.851576676,4,N
32120064,50,M,1,78,142587.2,1,1,Rent,15033,11/14/2024,Thursday,Highway,0,0,3,Phone,1,6,Compact,40803.46741,black,25346.22732,3316.314729,1000,1397.0,9.356110163,3,N
32140800,34,M,0,60,87347.2,1,1,Rent,15025,4/7/2024,Sunday,Highway,0,0,16,Phone,1,6,Large,21041.9807,other,23428.43261,4232.485332,1000,1664.66,7.949195861,5,N
32451840,47,F,1,90,92268.8,1,1,Own,85077,1/23/2023,Monday,Local,0,0,12,Phone,0,4,Large,9946.42064,blue,11089.26866,5272.923584,500,1339.39,8.632953707,2,N
32804352,30,M,0,90,92268.8,1,1,Rent,80038,11/19/2023,Sunday,Highway,3,0,6,Phone,1,5,Medium,29511.37485,silver,36654.69837,3178.30613,1000,830.31,8.530392974,2,N
33426432,46,M,1,64,87347.2,1,1,Rent,15009,5/4/2024,Saturday,Local,0,1,51,Phone,0,2,Medium,24089.74383,silver,29585.39788,5170.921934,500,1255.02,8.665386848,2,N
33675264,73,M,1,78,142587.2,0,1,Own,15031,10/6/2023,Friday,Parking Lot,0,1,5,Phone,0,4,Large,44784.42636,white,19511.0824,2532.794032,2000,836.11,9.26353936,7,N
34608384,42,M,1,76,142587.2,1,0,Rent,15001,3/13/2023,Monday,Highway,0,1,99,Phone,1,2,Medium,9774.418315,black,27165.73747,6061.562318,500,1616.26,9.189817459,5,N
35188992,42,F,1,88,92268.8,1,1,Rent,80025,12/14/2023,Thursday,Local,0,0,14,Phone,1,4,Medium,9434.91958,red,28426.44975,7503.636135,500,895.14,9.01260775,4,N
35458560,33,M,0,68,87347.2,1,1,Own,20111,6/13/2023,Tuesday,Highway,0,0,50,Phone,0,4,Medium,6706.8789,gray,37808.10061,4615.492922,2000,1767.02,8.609977842,1,N
35728128,41,M,1,90,87347.2,1,1,Own,80110,6/18/2024,Tuesday,Local,3,0,99,Phone,1,9,Medium,14893.51844,other,17051.11436,5873.266623,2000,1223.39,8.90462882,4,N
35956224,42,F,1,74,92268.8,0,1,Own,85080,10/24/2023,Tuesday,Highway,0,1,50,Phone,1,3,Compact,13315.45646,white,26496.48807,5508.853205,2000,1539.06,8.913363552,3,N
36619776,29,F,0,63,153880.0,0,0,Rent,80003,5/20/2023,Saturday,Local,1,0,4,Phone,1,9,Large,19814.95786,blue,14094.95024,4908.570052,500,1216.24,9.738797765,2,N
36681984,31,M,1,79,154940.8,0,0,Rent,50005,11/13/2023,Monday,Parking Lot,0,0,95,Phone,0,5,Medium,25443.74268,black,31095.10759,6571.015129,500,1484.72,8.024475659,4,N
38029824,36,F,1,71,153880.0,1,1,Own,15050,12/27/2024,Friday,Local,0,1,1,Phone,0,5,Large,43842.45996,blue,21130.87317,4945.670379,500,1122.95,8.829826731,4,N
38195712,42,F,0,82,165512.0,0,1,Own,80025,12/12/2023,Tuesday,Local,0,0,80,Phone,1,4,Compact,15049.24483,gray,26792.08469,4171.089322,1000,935.77,8.150799484,7,N
38278656,56,M,1,79,153315.2,1,0,Own,85067,9/24/2023,Sunday,Highway,0,1,24,Phone,0,3,Medium,17465.58278,red,5878.604238,2725.738036,2000,1192.04,9.639522112,6,N
38693376,45,M,0,58,154940.8,1,1,Own,15055,3/12/2023,Sunday,Local,0,0,98,Phone,1,2,Large,21460.90514,white,39325.82476,6894.663993,2000,1509.04,11.02229557,2,N
38755584,25,M,1,50,153315.2,0,1,Rent,80046,1/23/2023,Monday,Parking Lot,0,0,64,Phone,1,10,Medium,18367.32831,red,26908.69906,2965.778464,1000,1267.4,8.146484091,4,N
38900736,51,M,1,52,82908.8,1,0,Own,80045,7/10/2023,Monday,Highway,3,1,100,Phone,1,1,Compact,16898.79315,silver,58195.16421,2802.855781,500,1698.51,7.069053339,3,N
39730176,36,M,1,36,153880.0,0,1,Own,85077,12/25/2023,Monday,Parking Lot,0,1,33,Phone,0,3,Medium,19882.87184,red,24420.46075,3973.229788,500,1427.46,8.325826687,5,N
40207104,53,F,1,65,23547.2,0,1,Rent,20107,11/5/2023,Sunday,Parking Lot,0,0,100,Phone,1,1,Medium,31949.19379,gray,17480.18971,949.9655652,500,484.67,8.808810561,3,Y
42882048,57,M,1,38,153880.0,0,1,Rent,20136,11/13/2024,Wednesday,Local,0,0,36,Phone,0,3,Large,31651.94796,gray,7360.833147,4907.600579,2000,1155.97,10.1599839,4,N
43296768,56,F,1,74,153880.0,1,1,Own,85034,5/22/2024,Wednesday,Parking Lot,1,*,99,Phone,1,7,Large,20996.98068,white,19913.83833,5233.31299,500,1518.54,10.03226507,5,N
44022528,47,M,1,84,153880.0,0,1,Rent,80020,5/19/2023,Friday,Highway,0,0,79,Phone,1,2,Large,25755.24343,red,37226.84763,3313.687085,500,1257.04,8.053373233,4,N
44064000,47,M,1,94,154940.8,1,1,Rent,80016,3/30/2024,Saturday,Highway,2,0,50,Phone,0,6,Compact,13585.66232,black,16606.66316,5906.888325,2000,719.52,9.389273894,4,N
44914176,37,F,0,79,153880.0,1,0,Rent,20134,1/11/2024,Thursday,Local,2,0,48,Phone,1,5,Medium,12757.10558,other,45276.59036,6519.90315,2000,1482.57,9.299705945,5,N
44934912,36,F,0,89,154940.8,1,1,Own,20120,5/9/2023,Tuesday,Local,1,1,46,Phone,0,3,Large,24637.85238,silver,18365.8813,2497.30984,1000,954.18,9.480302604,5,N
46324224,55,F,1,93,153880.0,0,0,Own,85066,10/31/2023,Tuesday,Local,0,0,67,Phone,1,6,Compact,3654.602724,other,15167.47583,6425.394759,1000,1387.35,10.614064,3,N
46490112,53,F,1,90,165512.0,0,0,Rent,50026,11/10/2023,Friday,Local,0,1,1,Phone,0,6,Medium,20970.23982,black,16478.30358,7671.964724,1000,1851.78,9.910648707,8,N
46614528,47,F,1,74,154940.8,1,1,Own,85017,3/4/2024,Monday,Parking Lot,1,0,35,Phone,1,4,Compact,22795.65288,silver,9868.695123,3836.283188,2000,1253.44,10.13113803,3,N
46759680,39,F,1,72,38622.4,0,1,Rent,50051,1/4/2024,Thursday,Parking Lot,0,0,60,Phone,0,8,Large,24109.45197,gray,20033.42832,2765.916372,500,1367.99,8.877607164,4,Y
46780416,38,F,1,62,88190.4,1,1,Own,50020,10/20/2024,Sunday,Parking Lot,0,0,50,Phone,0,1,Compact,29884.34958,gray,19460.83543,5389.893262,500,1594.37,8.85934874,7,N
47568384,39,F,1,70,90862.4,1,1,Own,15018,1/14/2024,Sunday,Local,5,0,13,Phone,1,4,Compact,31699.95662,red,12906.08821,3161.829505,2000,912.29,8.411057409,5,N
48169728,75,M,0,85,88190.4,1,1,Own,15012,7/23/2024,Tuesday,Local,0,0,98,Phone,1,4,Compact,56858.08257,white,13856.40127,3301.44308,500,1198.44,9.710191147,5,N
49393152,37,M,1,78,88190.4,0,0,Own,85055,5/28/2024,Tuesday,Local,0,0,100,Phone,0,3,Large,23126.14821,blue,26855.60839,5512.337319,2000,1112.04,9.262456088,3,N
49621248,35,F,1,63,10444.8,1,0,Own,20110,9/24/2024,Tuesday,Local,0,0,79,Phone,0,6,Medium,27883.08518,red,25967.1133,4739.423335,500,1042.56,10.94631249,2,N
49641984,37,F,1,82,37771.2,1,1,Rent,15021,6/23/2024,Sunday,Highway,0,1,12,Phone,1,3,Medium,32911.82593,other,20031.67587,3215.554457,2000,1263.48,8.952067589,4,Y
49911552,43,M,0,73,88190.4,1,1,Rent,85002,12/31/2023,Sunday,Parking Lot,2,0,21,Phone,1,7,Large,30426.32182,black,13353.9941,6193.33015,500,1006.99,8.798222041,4,N
50201856,31,M,0,80,90862.4,1,1,Rent,50037,7/30/2024,Tuesday,Parking Lot,0,0,1,Phone,0,6,Medium,13355.42015,black,14248.75817,3276.812656,2000,1066.7,9.253152209,4,N
50264064,53,M,0,96,92116.8,1,1,Own,20148,9/18/2024,Wednesday,Local,1,0,23,Phone,0,8,Large,21753.33522,silver,47886.40345,4705.687589,2000,1585.54,8.443439714,6,N
50367744,41,M,0,88,88190.4,1,1,Own,85077,4/7/2024,Sunday,Local,0,1,99,Phone,1,8,Compact,17672.9634,other,43378.02701,4319.010454,500,1246.03,9.118774846,7,N
50637312,64,F,0,88,10444.8,1,1,Own,15049,8/24/2023,Thursday,Highway,1,1,3,Phone,1,6,Medium,20779.9998,gray,31628.91757,3659.885286,1000,1007.0,7.562794128,3,N
50678784,66,F,1,89,17036.8,1,0,Rent,50011,3/21/2024,Thursday,Local,0,0,37,Phone,1,1,Medium,39512.10323,red,9417.515235,7737.338049,1000,1200.33,8.29183349,2,Y
50948352,32,F,1,59,95435.2,1,1,Own,20119,10/27/2024,Sunday,Parking Lot,1,0,97,Phone,1,3,Large,13093.88269,red,36271.33452,5652.384951,500,871.46,9.839503452,5,N
52897536,42,F,0,77,88190.4,1,1,Own,80017,12/21/2023,Thursday,Parking Lot,0,0,75,Phone,1,6,Large,27476.6407,black,25217.82864,6881.56002,1000,988.93,7.994186393,4,N
53063424,46,M,0,81,90862.4,1,0,Rent,80105,6/20/2024,Thursday,Parking Lot,0,0,72,Phone,1,4,Medium,27090.65665,blue,37807.16289,8937.202883,2000,1188.51,10.28601898,4,N
54514944,38,M,1,79,-1.6,0,1,Own,50044,2/9/2023,Thursday,Highway,0,1,1,Phone,1,2,Medium,13231.61627,blue,11807.14132,9912.868738,1000,1361.45,8.248503469,3,Y
55696896,57,M,0,70,24678.4,1,1,Own,50054,1/26/2024,Friday,Highway,0,0,27,Phone,0,10,Compact,13030.72495,silver,18265.14896,4096.884754,500,1093.83,9.510891533,0,Y
56090880,48,M,0,75,24678.4,1,1,Rent,15042,12/22/2023,Friday,Local,0,0,7,Phone,1,5,Compact,22339.54399,white,42810.3591,7752.365385,1000,1722.5,8.686621208,4,Y
56567808,35,F,1,70,24678.4,1,1,Own,80106,2/14/2023,Tuesday,Local,0,0,36,Phone,0,6,Large,41475.17903,gray,6911.514838,2895.949867,1000,1235.14,9.218601998,5,Y
56754432,21,M,1,67,48699.2,1,1,Rent,80028,7/1/2024,Monday,Local,0,0,21,Phone,0,8,Large,34328.55885,other,33625.2415,3132.841269,500,1383.49,9.744048377,3,N
57355776,39,F,1,72,24678.4,0,0,Own,50037,2/25/2024,Sunday,Parking Lot,1,0,37,Phone,0,4,Compact,25218.9267,black,26342.23381,6712.257337,1000,1503.21,8.544821247,3,Y
57542400,51,F,0,93,82908.8,0,1,Own,20148,4/28/2023,Friday,Parking Lot,1,0,22,Phone,1,5,Compact,22261.74836,silver,22967.4838,1242.740247,500,1564.43,9.181544917,6,N
58247424,49,M,0,89,82908.8,0,1,Own,80020,6/24/2023,Saturday,Local,0,0,20,Phone,1,2,Compact,42949.57431,red,20574.07721,2392.815622,1000,1200.09,8.640125051,5,N
58516992,40,F,1,88,82908.8,0,1,Rent,20134,8/1/2024,Thursday,Parking Lot,2,0,50,Phone,1,1,Medium,36520.93683,silver,9870.90427,6158.67733,1000,1361.45,9.225679116,2,N
58848768,31,F,0,80,82908.8,1,1,Own,50054,3/8/2023,Wednesday,Highway,0,0,89,Phone,0,2,Medium,14256.01367,red,12935.62819,3146.058019,2000,1453.61,9.850685327,4,N
58890240,30,F,1,82,19024.0,0,1,Rent,50049,10/23/2023,Monday,Parking Lot,0,0,73,Phone,1,4,Compact,11472.16185,blue,11674.89804,4723.02624,500,1672.88,8.504086351,3,Y
59574528,39,M,1,89,82908.8,1,0,Rent,15017,8/30/2023,Wednesday,Highway,0,1,92,Phone,1,5,Compact,43122.72914,gray,18013.87424,7417.68399,500,1533.71,8.727644512,4,N
59823360,35,F,1,74,19024.0,0,0,Own,80037,5/4/2024,Saturday,Local,1,0,64,Phone,1,4,Large,32253.37689,other,20017.9333,2721.855724,2000,1188.51,9.226365951,3,Y
60549120,59,F,1,61,82908.8,0,1,Own,20120,12/2/2023,Saturday,Parking Lot,0,0,57,Phone,1,4,Compact,20870.33257,black,12564.13544,2197.703156,1000,1310.8,8.438408354,3,N
60777216,43,M,1,77,82908.8,0,1,Rent,15034,12/14/2024,Saturday,Highway,0,0,31,Phone,1,7,Compact,16377.19813,gray,10863.48041,3675.500867,2000,1356.92,9.574793567,11,N
60860160,30,F,1,76,19024.0,0,1,Own,80017,4/24/2023,Monday,Parking Lot,4,0,30,Phone,1,3,Medium,36888.83005,black,20702.30122,5272.17858,1000,766.19,9.925085532,4,Y
61420032,66,F,1,73,82908.8,1,1,Own,50047,5/5/2023,Friday,Local,6,0,24,Phone,1,3,Compact,13065.0535,gray,4796.042894,5725.401171,1000,840.95,9.025226026,6,N
62042112,36,F,1,71,19024.0,1,1,Own,20163,2/5/2024,Monday,Highway,0,1,51,Phone,1,10,Large,64999.48751,red,11551.63874,5098.731407,1000,1347.04,7.78790715,5,Y
62830080,53,F,0,20,82908.8,0,1,Own,15019,1/4/2024,Thursday,Parking Lot,0,0,80,Phone,0,12,Large,12111.96795,black,17293.77544,8503.876875,1000,1503.21,8.796606861,4,N
62892288,50,M,0,74,19024.0,1,1,Rent,80002,5/9/2024,Thursday,Local,1,0,64,Phone,1,8,Medium,8416.173049,red,16036.91188,14658.54081,1000,1722.5,8.958562386,4,Y
65152512,34,M,1,96,82908.8,1,1,Rent,50011,2/27/2023,Monday,Highway,0,1,18,Phone,1,4,Large,61059.95721,other,24271.01785,1408.513357,500,951.56,9.868256658,3,N
65173248,36,M,1,64,19024.0,0,1,Own,85060,5/27/2024,Monday,Local,1,0,98,Phone,1,7,Medium,16109.35786,gray,8141.063035,4560.413983,500,1533.71,8.931580007,5,Y
65276928,34,M,0,77,82908.8,1,1,Own,85034,8/25/2023,Friday,Highway,0,0,94,Phone,1,2,Large,14651.37431,gray,23909.54551,6356.101032,500,1093.83,6.915656673,2,N
65463552,41,F,1,79,19024.0,1,1,Own,15044,5/13/2023,Saturday,Parking Lot,0,0,9,Phone,1,5,Compact,39377.19958,silver,18629.84078,12289.74854,2000,1101.83,9.944811378,3,Y
65733120,44,M,0,95,19024.0,1,1,Own,15035,4/24/2023,Monday,Parking Lot,0,0,66,Phone,1,6,Large,14916.02104,other,26629.30359,2152.098016,1000,1503.21,9.503690698,3,Y
65795328,33,F,0,52,19024.0,0,1,Own,15038,7/3/2023,Monday,Local,0,1,18,Phone,1,5,Large,17395.1776,white,55494.83447,4651.050678,500,944.03,9.360281488,5,Y
66230784,58,M,0,94,19024.0,1,1,Rent,20111,6/5/2024,Wednesday,Local,0,0,15,Phone,1,10,Compact,14859.23367,red,26951.87873,4790.972457,500,1383.49,8.089116498,6,Y
66251520,22,M,0,66,49488.0,1,1,Rent,80022,5/18/2024,Saturday,Local,0,0,5,Phone,0,4,Large,29432.96359,white,22824.90891,5708.300949,2000,1356.92,9.190707194,2,N
66562560,49,M,0,57,82908.8,0,0,Rent,80105,5/25/2024,Saturday,Highway,0,0,12,Phone,1,3,Large,14946.46615,white,10038.57838,6292.212469,500,951.56,7.92421234,2,N
66790656,27,M,1,70,82908.8,0,1,Rent,85077,5/2/2024,Thursday,Local,0,0,72,Phone,1,4,Large,7553.369109,white,9410.139142,5134.33751,1000,988.93,9.529864781,3,N
68656896,39,F,1,50,82908.8,1,1,Rent,15035,5/29/2023,Monday,Parking Lot,0,1,67,Phone,0,4,Large,13377.29782,gray,43082.85254,6228.768985,1000,1347.04,10.01206863,3,N
69030144,39,M,1,62,82908.8,1,1,Own,80016,3/3/2024,Sunday,Local,0,0,1,Phone,1,3,Large,22245.20343,black,12071.15177,8323.31257,500,951.56,7.110850906,8,N
69714432,58,M,1,61,19024.0,1,0,Own,20109,1/24/2023,Tuesday,Local,0,0,27,Phone,1,6,Large,29144.6191,white,24453.04301,9512.566553,1000,1503.21,8.808914907,7,Y
70502400,42,M,1,83,92585.6,1,0,Own,50046,9/12/2024,Thursday,Highway,0,1,75,Phone,1,3,Medium,26434.67407,red,27338.654,5072.88662,500,1383.49,8.551921331,7,N
70523136,63,F,1,83,92585.6,0,0,Rent,80005,10/4/2023,Wednesday,Highway,0,1,13,Phone,1,9,Medium,11135.2973,blue,13326.50743,4310.604514,2000,1356.92,8.551532705,4,N
70564608,45,F,0,78,92585.6,1,0,Own,80014,9/20/2023,Wednesday,Local,1,0,27,Phone,0,3,Compact,34431.74417,gray,13831.72071,2944.40771,1000,1060.74,10.35451839,3,N
71767296,51,M,1,84,82908.8,1,1,Rent,50012,5/1/2024,Wednesday,Parking Lot,0,0,32,Phone,1,3,Large,28246.25471,silver,9205.41843,2020.769073,1000,1347.04,8.562515935,7,N
75147264,40,F,1,44,99017.6,1,0,Own,20152,8/2/2023,Wednesday,Local,0,0,23,Phone,0,4,Medium,17706.35344,gray,28222.9377,8546.215603,2000,1101.83,8.590505345,0,N
75748608,37,M,1,34,27504.0,1,1,Rent,50047,1/4/2023,Wednesday,Local,0,0,26,Phone,0,6,Compact,24906.4477,silver,40777.70875,6258.272212,1000,1235.14,8.357253628,5,Y
75935232,34,M,1,69,99017.6,1,1,Rent,15001,12/7/2023,Thursday,Highway,0,0,93,Phone,0,5,Compact,30312.54592,other,19812.57005,1035.813708,1000,1347.04,9.30387421,5,N
75955968,59,M,1,77,139830.4,0,0,Rent,80003,11/22/2024,Friday,Local,0,0,17,Phone,0,7,Large,11911.80224,blue,12468.3469,3801.324509,1000,1310.8,10.71404196,4,N
76080384,29,M,1,86,84964.8,1,0,Rent,80007,9/26/2023,Tuesday,Parking Lot,0,0,2,Phone,0,3,Compact,47551.7204,white,41235.22694,2440.377029,500,1383.49,8.019448318,5,N
76184064,48,M,1,86,99017.6,1,0,Rent,85008,5/10/2023,Wednesday,Local,4,0,73,Phone,1,3,Large,7604.310637,other,6104.112722,3948.450399,1000,766.19,9.024795588,5,N
76225536,51,F,1,62,139830.4,0,0,Rent,15022,9/24/2024,Tuesday,Local,0,0,91,Phone,0,9,Compact,36691.6968,silver,9553.015158,8106.575218,1000,1060.74,9.518174913,8,N
76536576,38,M,0,77,27504.0,1,1,Rent,50047,7/31/2023,Monday,Local,0,0,1,Phone,0,4,Compact,23424.1873,gray,18919.05439,6348.457065,1000,1331.94,8.667788782,4,Y
76598784,36,M,1,55,99017.6,0,1,Rent,15010,5/17/2023,Wednesday,Local,0,0,56,Phone,1,2,Compact,26714.73966,black,27447.44025,4936.416718,1000,1361.45,8.443370658,5,N
77241600,34,M,1,86,84964.8,0,1,Rent,50012,7/27/2023,Thursday,Parking Lot,0,0,99,Phone,0,7,Medium,21535.38953,other,12933.23498,5001.632608,500,1564.43,8.700239686,1,N
77469696,53,F,1,36,139830.4,0,1,Rent,80002,9/20/2023,Wednesday,Local,0,0,36,Phone,1,8,Compact,32129.13765,blue,31157.99241,3645.189061,1000,1235.14,6.951643947,6,N
77718528,42,M,1,79,27504.0,1,1,Rent,85026,3/13/2024,Wednesday,Parking Lot,0,0,25,Phone,1,7,Medium,34833.96618,blue,15660.71862,3881.786874,2000,1356.92,8.510603186,2,Y
77780736,42,F,1,86,99017.6,1,1,Rent,50039,10/24/2023,Tuesday,Parking Lot,3,1,46,Phone,1,5,Large,23703.48502,white,13098.87652,6162.259768,1000,766.19,9.105605149,2,N
77822208,38,F,1,66,139830.4,1,1,Own,85030,11/10/2024,Sunday,Parking Lot,0,0,58,Phone,1,8,Medium,51692.09313,gray,17326.64972,5513.658062,1000,1060.74,7.745290471,6,N
78465024,39,F,1,78,139830.4,1,0,Rent,15010,12/29/2023,Friday,Highway,0,0,42,Phone,0,5,Large,31826.53492,other,18002.81458,4201.252319,2000,1101.83,6.908437158,7,N
79605504,30,M,1,45,27504.0,1,1,Rent,50005,5/3/2024,Friday,Local,0,0,18,Phone,0,10,Compact,9545.482937,other,11107.26378,1755.153005,1000,1503.21,9.937123297,2,Y
79750656,37,F,1,69,139830.4,0,0,Rent,15033,2/19/2024,Monday,Local,0,0,84,Phone,0,7,Large,27710.27163,gray,28200.73733,5481.9472,500,944.03,9.47283796,2,N
80165376,36,M,1,71,99017.6,0,1,Rent,15052,8/22/2023,Tuesday,Local,0,0,2,Phone,1,4,Compact,10220.94575,black,21735.41681,3010.157655,1000,1347.04,7.820709038,3,N
80310528,55,M,1,75,27504.0,1,0,Rent,20113,11/28/2024,Thursday,Local,0,0,70,Phone,0,8,Medium,8915.775964,silver,22568.01143,3099.659354,1000,766.19,8.784321094,6,Y
80414208,40,F,0,56,139830.4,1,1,Own,50046,7/28/2024,Sunday,Parking Lot,0,1,96,Phone,1,6,Large,23201.36834,black,29408.74251,9353.183183,500,951.56,7.899302533,5,N
80704512,38,F,0,91,27504.0,1,0,Rent,85002,6/3/2024,Monday,Local,0,0,67,Phone,1,6,Large,20472.54213,other,40859.08527,3183.774766,1000,1361.45,9.343083019,3,Y
80766720,42,F,0,31,99017.6,0,1,Rent,50020,9/19/2024,Thursday,Parking Lot,0,0,11,Phone,1,10,Large,18759.54358,other,27902.87941,7631.601202,2000,1188.51,10.14292555,4,N
81139968,37,M,1,80,139830.4,1,1,Rent,50043,11/9/2024,Saturday,Parking Lot,0,0,100,Phone,0,7,Compact,25347.11172,black,23204.35905,3328.796565,500,1672.88,9.183690393,0,N
82695168,43,F,1,82,139830.4,1,0,Rent,50037,11/8/2023,Wednesday,Parking Lot,0,0,1,Phone,1,6,Compact,8098.739419,white,26579.26379,6616.044828,1000,1436.79,9.252183492,4,N
83089152,52,F,1,51,27504.0,1,1,Own,85051,11/30/2024,Saturday,Local,2,0,94,Phone,1,6,Medium,24336.15107,gray,18510.11764,5193.101572,1000,1200.09,9.000530017,1,Y
83213568,49,F,1,71,139830.4,1,1,Own,15060,8/31/2023,Thursday,Local,0,1,41,Phone,0,6,Large,35085.86868,silver,15788.62993,6539.463452,1000,988.93,7.370496922,4,N
83649024,33,F,0,64,84964.8,0,0,Rent,85019,8/23/2024,Friday,Local,0,0,84,Phone,0,6,Large,12268.74008,white,13310.08215,8553.07681,1000,1248.05,9.089891907,4,N
83669760,53,M,1,84,27504.0,0,1,Rent,20155,6/23/2023,Friday,Local,0,0,70,Phone,0,4,Compact,26858.03162,white,10326.75712,7874.641634,500,1564.43,8.109465347,5,Y
83773440,57,F,0,84,139830.4,1,0,Rent,50046,6/1/2023,Thursday,Parking Lot,0,0,35,Phone,1,6,Large,16220.1885,black,31717.59093,1462.333915,500,722.66,8.448839817,5,N
84188160,48,F,0,73,139830.4,1,0,Own,85077,12/11/2023,Monday,Highway,0,0,99,Phone,1,10,Medium,25488.8076,blue,25819.32818,2511.091704,1000,766.19,6.999939323,4,N
84623616,45,M,1,65,27504.0,1,1,Own,80028,5/19/2024,Sunday,Parking Lot,0,0,34,Phone,1,5,Large,16962.80772,black,26019.03251,9101.09618,2000,1101.83,9.497954357,3,Y
85929984,51,F,1,96,82908.8,1,1,Rent,85032,9/13/2024,Friday,Local,3,1,13,Phone,1,5,Medium,18648.9879,gray,27837.47009,6115.431335,2000,1453.61,6.662352842,2,N
88915968,58,F,0,58,159411.2,1,1,Own,80015,4/25/2024,Thursday,Parking Lot,0,0,0,Phone,1,5,Compact,13519.06885,blue,20562.05994,6986.042222,1000,840.95,8.033285329,7,N
88957440,35,M,1,91,159411.2,1,1,Own,20153,2/25/2024,Sunday,Local,0,0,7,Phone,0,8,Large,12715.32026,blue,22652.90056,5172.215988,1000,1503.21,6.797688914,2,N
89040384,37,M,0,86,159411.2,0,1,Own,20160,9/10/2023,Sunday,Local,0,0,100,Phone,1,4,Medium,63308.26785,blue,14531.21833,4189.313398,1000,1722.5,9.803175907,3,N
89309952,35,F,1,85,159411.2,1,1,Own,20131,2/23/2023,Thursday,Parking Lot,0,1,1,Phone,1,4,Compact,71711.90509,gray,11578.99365,4709.179271,1000,1280.88,8.825008979,3,N
91155456,43,M,0,77,30188.8,1,1,Own,20148,3/5/2024,Tuesday,Local,0,0,5,Phone,0,4,Compact,5103.742711,silver,32645.38062,5604.170987,1000,1060.74,9.303787669,3,Y
91300608,45,M,0,76,30915.2,1,1,Own,50012,10/13/2023,Friday,Highway,0,0,30,Phone,0,1,Medium,15669.42338,gray,31841.39122,5770.045661,500,951.56,9.114391107,7,Y
93436416,51,M,1,82,82908.8,0,1,Own,80030,9/25/2023,Monday,Local,0,0,39,Phone,0,2,Large,20782.42583,black,13005.75713,6101.237816,1000,1722.5,8.506290241,5,N
93623040,41,M,1,83,82908.8,1,1,Rent,85082,5/17/2023,Wednesday,Parking Lot,0,0,51,Phone,0,5,Compact,38659.68696,red,15771.76772,1843.014895,1000,1280.88,10.09204064,4,N
93643776,47,M,0,63,82908.8,1,0,Rent,80025,2/27/2024,Tuesday,Local,0,0,29,Phone,1,5,Compact,4334.01484,white,10540.47704,8706.075349,500,722.66,8.310544507,4,N
93705984,50,F,1,77,82908.8,1,1,Own,80044,3/31/2024,Sunday,Local,1,0,75,Phone,0,4,Large,27137.99188,other,5530.218693,5194.016189,1000,1235.14,9.21019234,3,N
94203648,35,F,1,69,82908.8,1,1,Own,85045,7/4/2024,Thursday,Parking Lot,0,1,9,Phone,1,6,Large,16412.57916,red,25314.37515,2054.155224,500,1093.83,10.00264511,3,N
94307328,39,M,1,87,82908.8,0,0,Own,85027,9/20/2024,Friday,Local,0,0,1,Phone,1,4,Medium,10683.26765,black,32938.50134,10639.02556,1000,1331.94,9.471003637,0,N
94328064,47,F,0,86,82908.8,1,1,Rent,80034,5/7/2024,Tuesday,Local,0,1,86,Phone,0,1,Compact,16520.74542,silver,16279.9853,5540.524558,1000,1361.45,9.524066284,3,N
94867200,57,F,1,49,82908.8,1,0,Own,20109,8/25/2024,Sunday,Local,0,0,49,Phone,1,7,Compact,20886.37158,black,25842.80412,5327.331995,500,722.66,9.557051689,8,N
96007680,48,M,0,74,82908.8,0,1,Own,20112,4/1/2024,Monday,Local,0,0,34,Phone,0,2,Medium,25110.33993,white,24899.13676,3043.425895,500,1672.88,8.059035689,4,N
96235776,39,M,1,80,82908.8,1,0,Rent,50008,11/20/2023,Monday,Local,2,0,51,Phone,1,5,Medium,16651.02401,gray,23443.05021,6384.948596,500,722.66,8.45182184,3,N
96256512,48,M,1,85,82908.8,0,1,Rent,15033,11/1/2024,Friday,Local,0,0,58,Phone,0,5,Medium,32346.73631,blue,27912.7933,4498.19337,1000,1235.14,7.674805005,3,N
96546816,46,F,1,76,31251.2,1,1,Rent,0,12/19/2023,Tuesday,Highway,0,0,50,Phone,1,5,Large,12164.55181,blue,25055.29082,5313.40671,1000,1060.74,8.139447364,1,Y
96650496,32,F,1,63,25468.8,1,1,Own,80003,12/17/2023,Sunday,Local,0,0,17,Phone,0,5,Large,37405.80613,gray,56468.6306,2926.199497,1000,1200.09,8.606499006,4,Y
96837120,43,F,1,82,87097.6,1,1,Own,80014,7/9/2024,Tuesday,Parking Lot,3,0,0,Phone,1,7,Medium,13197.18778,other,41107.85272,5051.061871,1000,988.93,7.123126935,6,N
96857856,66,M,1,85,25468.8,1,1,Own,50011,6/26/2023,Monday,Highway,1,0,36,Phone,0,7,Compact,26415.06806,silver,23835.69077,9092.766276,1000,1331.94,9.762773392,4,Y
97127424,43,M,1,86,25468.8,1,0,Own,15032,8/23/2024,Friday,Highway,0,0,65,Phone,1,3,Medium,23149.12639,gray,38575.64954,5141.326417,2000,1101.83,9.277319963,3,Y
97189632,57,M,1,78,87097.6,0,1,Own,15035,10/28/2024,Monday,Local,0,0,99,Phone,1,4,Medium,15991.69903,black,26252.11357,5617.922326,1000,840.95,10.67972175,0,N
98827776,37,F,0,89,87097.6,1,1,Rent,50020,7/25/2023,Tuesday,Local,1,0,10,Phone,0,5,Compact,30482.24695,gray,43292.93153,4346.152959,500,1672.88,11.00424724,2,N
99035136,39,M,0,74,25468.8,1,0,Rent,20105,11/25/2024,Monday,Parking Lot,0,0,98,Phone,0,3,Compact,13053.75399,silver,8127.61215,2745.939512,500,722.66,8.978306847,5,Y
99553536,44,F,0,84,25468.8,1,1,Rent,80025,10/12/2024,Saturday,Highway,0,0,93,Phone,0,5,Compact,18490.75044,red,10760.64444,2026.384479,1000,1200.09,8.069519839,2,Y
100051200,61,M,1,84,25468.8,1,1,Own,80023,11/1/2024,Friday,Parking Lot,1,0,67,Phone,1,5,Medium,19610.03166,silver,45935.37098,7657.283797,1000,1722.5,10.91087376,3,Y
101627136,60,M,1,66,25468.8,0,1,Rent,80016,2/19/2024,Monday,Parking Lot,0,0,61,Phone,0,6,Compact,52364.1875,blue,8178.138977,7574.268117,2000,1453.61,8.708590625,4,Y
102290688,58,F,1,88,87097.6,1,1,Rent,85004,5/26/2024,Sunday,Parking Lot,2,0,70,Phone,1,6,Large,30490.9917,silver,29998.14846,9615.605452,1000,766.19,8.780937799,4,N
102622464,40,M,1,82,87097.6,0,1,Own,50011,2/8/2024,Thursday,Local,0,0,96,Phone,0,5,Compact,7948.369481,other,20613.18298,8043.455793,500,1093.83,9.932993575,5,N
102726144,36,F,1,67,87097.6,0,0,Own,15001,5/19/2023,Friday,Local,1,0,42,Phone,1,5,Medium,28651.58585,silver,34685.46026,3563.981676,2000,1188.51,10.16553225,1,N
103389696,57,M,1,72,24704.0,1,0,Own,50054,1/30/2023,Monday,Local,1,0,97,Phone,1,5,Large,21607.23033,other,14892.18215,4093.705496,500,1383.49,9.687702262,6,Y
104550912,58,F,1,66,44979.2,1,1,Rent,85021,6/3/2024,Monday,Local,0,1,97,Phone,1,3,Medium,12051.43649,silver,38226.656,7737.149395,500,722.66,8.916994171,4,Y
109175040,52,M,1,85,82908.8,1,1,Own,50009,4/27/2023,Thursday,Local,0,1,97,Phone,0,10,Compact,20526.5135,white,13913.55519,2754.657912,1000,1361.45,9.102640774,4,N
111248640,64,F,1,79,111603.2,1,0,Own,80024,8/19/2024,Monday,Highway,0,0,18,Phone,1,4,Large,17521.62526,gray,20588.7566,1664.81468,500,722.66,8.45772304,6,N
111435264,45,F,1,94,111603.2,0,0,Own,85060,8/27/2023,Sunday,Local,0,1,89,Phone,1,8,Compact,31748.3848,white,11779.17422,2886.300186,1000,1310.8,10.44499315,2,N
111456000,49,M,1,61,111603.2,1,0,Rent,20152,10/27/2024,Sunday,Local,0,0,22,Phone,0,1,Compact,50387.36398,red,31000.23026,4387.746522,1000,1436.79,7.10712634,5,N
111953664,33,M,1,43,111603.2,1,0,Own,80022,1/22/2024,Monday,Local,0,0,29,Phone,1,7,Large,30406.96599,blue,46393.48336,4299.146534,2000,1188.51,10.93654495,3,N
112264704,46,M,1,89,111603.2,0,0,Own,50020,7/8/2024,Monday,Local,0,0,100,Phone,1,2,Compact,24199.79109,red,12596.23332,4313.831173,500,944.03,9.685608036,5,N
112368384,50,M,1,64,111603.2,0,1,Own,15042,9/21/2023,Thursday,Parking Lot,0,0,22,Phone,0,6,Medium,20195.70079,other,29416.95199,3449.030543,500,1672.88,8.555930435,4,N
112389120,50,F,0,84,111603.2,1,1,Own,85029,7/7/2024,Sunday,Local,0,1,60,Phone,1,8,Medium,3435.745425,white,10061.61764,9000.846693,1000,1248.05,8.216510595,4,N
116971776,22,F,1,86,49433.6,0,0,Rent,20111,7/20/2023,Thursday,Parking Lot,0,0,79,Phone,0,4,Medium,14610.10973,white,52695.02343,7055.647275,1000,840.95,7.922050797,6,Y
117967104,63,M,0,64,111603.2,0,0,Own,15025,9/24/2023,Sunday,Parking Lot,0,0,33,Phone,0,7,Large,12053.1946,silver,17588.96198,7994.264449,1000,1060.74,9.369118766,5,N
118920960,67,F,1,83,111603.2,1,1,Own,20153,5/24/2023,Wednesday,Local,0,0,69,Phone,0,6,Large,15266.06366,red,28274.01588,2843.041701,500,1564.43,10.50628931,3,N
118962432,71,F,0,70,28185.6,0,1,Rent,20112,10/18/2024,Friday,Highway,0,1,94,Phone,0,6,Medium,14513.99749,blue,11045.57161,3170.758011,1000,1280.88,7.888254194,2,Y
122176512,54,M,1,89,100164.8,0,1,Own,15007,10/31/2023,Tuesday,Local,0,0,96,Phone,1,5,Compact,26328.64389,black,13388.27934,7493.734216,1000,766.19,7.880408422,1,N
122217984,44,F,1,63,91539.2,0,0,Own,50047,9/17/2023,Sunday,Local,1,0,100,Phone,1,8,Compact,21094.15078,silver,9844.446,2053.775605,1000,1060.74,8.963999585,4,N
123109632,40,F,1,78,91539.2,0,0,Own,15049,5/19/2024,Sunday,Local,1,0,5,Phone,1,7,Medium,16661.71759,black,35302.06834,2446.521797,2000,1453.61,9.219025621,4,N
123171840,49,F,0,76,91539.2,1,1,Own,20110,11/25/2024,Monday,Parking Lot,1,0,87,Phone,0,1,Large,20733.55411,white,19669.31038,2914.994541,500,1564.43,8.980870807,5,N
123669504,25,F,1,87,107304.0,1,1,Rent,85012,4/8/2024,Monday,Parking Lot,0,0,77,Phone,1,3,Large,38039.82561,gray,10521.20982,4880.715337,1000,1200.09,7.405748744,5,N
123835392,51,F,1,79,100164.8,1,1,Rent,50051,4/12/2024,Friday,Parking Lot,0,0,28,Phone,0,3,Compact,43474.79019,black,31402.76471,4323.443627,1000,1361.45,9.605037371,3,N
123856128,42,M,1,86,91539.2,0,1,Own,20143,3/30/2023,Thursday,Parking Lot,0,0,98,Phone,0,8,Medium,18503.77549,silver,56969.05027,3690.464629,2000,1188.51,8.46445549,1,N
123918336,50,M,1,69,107304.0,0,1,Rent,15009,2/27/2024,Tuesday,Parking Lot,4,0,22,Phone,1,6,Large,35873.75048,gray,18528.99947,6455.549823,2000,1101.83,9.062746528,7,N
124001280,30,F,1,85,91539.2,1,0,Own,50014,6/4/2023,Sunday,Highway,0,0,94,Phone,1,6,Large,6159.613941,gray,16484.71261,7414.094218,1000,1503.21,9.174998877,3,N
124913664,51,F,1,50,91539.2,0,1,Rent,85035,4/25/2024,Thursday,Parking Lot,0,0,3,Phone,0,2,Medium,24095.29368,red,53562.44505,2979.56517,500,1533.71,9.349167477,5,N
124955136,78,M,1,35,107304.0,1,1,Own,85028,4/14/2024,Sunday,Highway,2,1,41,Phone,1,8,Medium,38630.35265,silver,42570.32974,4913.195282,1000,1200.09,7.479910084,5,N
125100288,70,F,1,67,91539.2,1,1,Own,15028,8/25/2023,Friday,Local,0,0,50,Phone,1,0,Compact,20788.8497,other,11628.3138,2355.082088,1000,988.93,9.329632978,4,N
125121024,47,F,1,81,107304.0,1,1,Own,85075,6/17/2024,Monday,Highway,0,0,11,Phone,0,6,Compact,29591.10806,gray,27335.55933,3482.633615,1000,1331.94,9.37362621,6,N
125162496,45,M,1,84,100164.8,1,0,Own,80007,2/2/2023,Thursday,Parking Lot,0,0,100,Phone,1,5,Compact,7443.512618,white,28439.17997,6632.424945,1000,1361.45,10.37159686,5,N
125266176,44,F,1,81,107304.0,1,1,Own,85074,4/8/2024,Monday,Local,0,0,2,Phone,1,4,Large,24615.23688,red,19466.36395,6078.033343,2000,1101.83,8.727052856,3,N
125286912,49,F,1,72,100164.8,1,1,Rent,80005,10/19/2023,Thursday,Highway,0,1,98,Phone,0,4,Compact,24838.4725,blue,45890.47455,3188.322729,1000,840.95,8.557430457,2,N
125950464,44,F,0,83,91539.2,1,0,Rent,50046,8/3/2023,Thursday,Highway,0,0,50,Phone,0,3,Large,15174.76877,gray,16078.65707,5130.623866,500,1383.49,7.290002119,2,N
127194624,23,M,1,70,100164.8,0,1,Rent,20117,12/12/2023,Tuesday,Local,2,0,50,Phone,1,3,Medium,28102.47515,gray,47716.9963,3944.148771,1000,1235.14,9.563965446,4,N
137541888,51,M,1,57,82908.8,1,1,Rent,20143,3/28/2023,Tuesday,Highway,1,0,1,Phone,1,5,Medium,13253.7951,blue,33080.53903,3606.825408,1000,766.19,10.46803363,3,N
144156672,51,F,1,90,82908.8,1,0,Own,20146,5/23/2023,Tuesday,Local,1,0,23,Phone,1,4,Medium,19780.65298,red,7349.476382,8220.823356,1000,1436.79,9.905628239,1,N
180486144,51,M,1,73,82908.8,0,1,Rent,80016,3/21/2024,Thursday,Local,0,0,17,Phone,0,5,Large,14022.72449,black,40793.86473,3159.929611,2000,1101.83,9.924508363,5,N
191559168,51,F,1,75,82908.8,1,1,Rent,80003,4/17/2023,Monday,Local,0,0,74,Phone,1,3,Medium,15900.28731,other,18858.84097,2532.271753,1000,1200.09,9.500695661,4,N
211984128,22,M,1,59,49444.8,1,1,Rent,80014,9/18/2023,Monday,Highway,2,0,95,Phone,1,5,Large,33198.08481,blue,92931.97933,2173.43658,1000,1248.05,7.306696643,2,N
212958720,19,F,0,87,47091.2,1,0,Own,20106,4/25/2023,Tuesday,Local,0,0,0,Phone,0,6,Medium,34349.7746,other,43098.69652,4090.066248,2000,1188.51,7.940887561,7,N
215612928,51,M,1,76,82908.8,1,1,Rent,15009,10/6/2023,Friday,Local,0,0,25,Phone,0,8,Large,41287.44354,black,17267.32056,5247.098517,1000,1200.09,8.733251707,6,N
229195008,52,F,1,48,82908.8,1,0,Own,50003,11/20/2024,Wednesday,Local,2,1,64,Phone,1,2,Medium,24912.96031,black,18633.44028,3750.10619,500,1055.6,9.276903876,2,N
229775616,22,M,1,65,49460.8,1,1,Rent,85042,6/5/2024,Wednesday,Parking Lot,0,0,21,Phone,1,4,Medium,8449.266179,other,32504.14072,7446.482957,500,1518.54,9.524799769,0,N
234026496,51,M,1,74,82908.8,1,0,Own,85079,3/28/2023,Tuesday,Local,0,0,56,Phone,1,1,Large,46461.60918,black,15256.55162,4934.44971,2000,1239.06,7.927054524,5,N
249993216,20,F,0,90,47916.8,1,0,Rent,50054,4/23/2023,Sunday,Parking Lot,1,0,28,Phone,0,4,Compact,28159.97933,silver,26882.63969,6483.745235,500,1055.6,9.179273998,1,N
269920512,22,M,0,62,49480.0,1,0,Own,50049,6/20/2024,Thursday,Highway,0,1,98,Phone,1,6,Medium,33979.2558,gray,23642.43503,6860.255901,500,1055.6,10.65609071,1,N
281035008,22,M,1,88,49436.8,0,1,Rent,15051,3/13/2024,Wednesday,Local,0,0,65,Phone,0,6,Large,31687.60322,silver,51252.35505,6838.046863,500,1055.6,8.864380742,6,N
281180160,22,M,0,62,49483.2,1,1,Rent,15012,7/29/2023,Saturday,Parking Lot,0,0,0,Phone,1,4,Large,21035.84633,gray,11556.338,4738.424819,1000,1726.91,8.142526892,5,N
288790272,51,M,1,63,82908.8,0,0,Rent,80106,11/7/2024,Thursday,Parking Lot,0,0,44,Phone,0,3,Medium,14444.80411,silver,50373.52442,8014.245604,1000,999.43,10.43363023,7,N
289142784,51,M,0,65,82908.8,0,1,Rent,20164,10/5/2024,Saturday,Local,0,0,50,Phone,1,8,Large,22311.8843,blue,26566.02632,4678.474529,2000,1246.68,8.305210126,2,N
294637824,51,F,1,84,82908.8,1,1,Rent,85010,3/1/2024,Friday,Highway,0,1,50,Phone,1,5,Compact,14716.62505,white,22756.66318,5098.537448,500,1518.54,9.772455509,3,N
295819776,51,F,1,61,82908.8,1,1,Own,15009,5/22/2023,Monday,Local,2,0,85,Phone,1,5,Compact,11889.10199,other,14184.99885,7225.602273,1000,1324.78,9.099912673,3,N
299738880,40,M,1,70,91539.2,0,1,Rent,50054,8/6/2023,Sunday,Parking Lot,0,0,1,Phone,1,5,Medium,32729.42379,red,16175.9465,4593.062022,500,1518.54,10.00907286,6,N
299759616,48,F,1,84,107304.0,1,1,Rent,15042,4/1/2023,Saturday,Local,0,0,65,Phone,1,4,Medium,29008.44843,black,12019.05347,4794.441232,2000,1239.06,8.279066025,3,N
300008448,64,M,1,87,100164.8,0,0,Own,50042,8/22/2024,Thursday,Local,2,1,90,Phone,1,6,Compact,9400.689518,black,8098.389849,9448.561371,500,1354.2,8.579517826,6,N
300112128,33,F,1,79,107304.0,1,1,Rent,15027,2/22/2023,Wednesday,Parking Lot,0,0,46,Phone,1,5,Medium,20244.23338,white,25812.69151,4968.917965,1000,999.43,10.56278081,5,N
300195072,40,M,0,82,107304.0,0,1,Rent,15001,7/3/2024,Wednesday,Parking Lot,0,0,10,Phone,0,3,Large,24612.24804,red,7466.681189,3373.505168,500,1232.57,7.411948631,4,N
300257280,64,M,1,66,91539.2,1,1,Rent,20151,4/19/2023,Wednesday,Local,5,1,93,Phone,1,4,Compact,18189.59743,silver,15470.02498,5104.030955,500,1078.65,12.6192978,5,N
300360960,38,F,1,89,100164.8,0,1,Rent,80002,6/17/2023,Saturday,Local,0,0,73,Phone,0,5,Compact,15900.96248,blue,8448.220372,8555.520023,500,1518.54,9.575803566,8,N
300402432,36,M,1,76,37360.0,1,1,Own,15010,11/20/2024,Wednesday,Highway,1,1,92,Phone,1,7,Compact,23096.51983,silver,15642.52999,1449.13706,2000,1246.68,8.962062694,6,Y
300630528,46,F,1,72,120872.0,0,0,Own,85016,12/23/2024,Monday,Local,2,0,8,Phone,1,6,Medium,13165.0423,silver,29349.26997,5023.513788,1000,999.43,10.94563277,6,N
301024512,25,F,0,63,120872.0,1,1,Rent,85024,2/7/2024,Wednesday,Highway,1,1,91,Phone,0,3,Compact,41368.42302,blue,32716.04122,5410.726078,1000,1324.78,8.540581165,4,N
301045248,22,M,1,73,120872.0,1,0,Rent,20138,3/7/2023,Tuesday,Local,0,1,21,Phone,0,5,Compact,23787.3061,gray,35484.6789,2245.450309,500,1518.54,7.624205094,3,N
301439232,51,F,1,70,120872.0,0,0,Own,20143,12/8/2023,Friday,Parking Lot,0,0,70,Phone,1,2,Compact,31902.71783,other,12964.62656,2630.67477,500,1055.6,7.934405797,5,N
302330880,40,F,0,78,120872.0,1,0,Own,80002,10/11/2023,Wednesday,Local,0,0,50,Phone,0,5,Medium,19641.93499,gray,27893.02989,2930.166237,1000,1622.67,9.178336893,3,N
302393088,37,F,1,88,120872.0,0,1,Own,20156,11/27/2024,Wednesday,Parking Lot,0,0,42,Phone,0,2,Compact,10053.20124,silver,25749.30324,7555.179644,500,1082.36,9.628590678,6,N
303844608,39,M,1,72,120872.0,1,0,Own,80016,8/17/2023,Thursday,Local,0,1,100,Phone,1,9,Large,12056.40643,gray,22889.15737,4092.147541,2000,1239.06,7.881233387,2,N
303886080,52,F,1,84,120872.0,1,1,Rent,15026,12/10/2024,Tuesday,Highway,0,0,100,Phone,0,11,Medium,23416.95445,silver,14728.44426,3887.400205,1000,1622.67,8.71199017,2,N
304839936,58,M,1,70,120872.0,0,0,Rent,15045,6/26/2024,Wednesday,Local,0,0,80,Phone,0,7,Medium,35359.43368,red,18543.56089,2853.484596,1000,1622.67,7.848807776,4,N
305150976,47,M,0,91,120872.0,1,1,Rent,20128,6/25/2024,Tuesday,Highway,0,0,89,Phone,1,2,Medium,35882.61189,blue,27809.25611,4159.406715,1000,1726.91,9.008609388,2,N
306498816,31,F,0,76,120872.0,1,0,Rent,85083,10/29/2023,Sunday,Highway,1,0,49,Phone,1,7,Medium,22818.95854,black,21556.75045,1407.119459,500,1518.54,8.158395959,8,N
306602496,53,F,1,75,120872.0,0,1,Own,85046,1/19/2023,Thursday,Parking Lot,0,0,0,Phone,1,6,Medium,24119.23557,black,15443.05178,8005.261795,2000,1246.68,8.546376209,2,N
306623232,48,F,1,85,120872.0,1,1,Own,80002,12/2/2023,Saturday,Local,1,1,98,Phone,1,6,Large,30480.48721,black,41363.01664,7492.598232,1000,1622.67,9.6922272,2,N
306789120,48,M,1,68,81953.6,0,0,Own,80101,9/8/2024,Sunday,Local,0,0,0,Phone,0,3,Compact,26154.66716,other,31680.30046,4328.365304,500,1232.57,9.755433189,2,N
306851328,53,F,1,75,81953.6,1,0,Own,20142,7/1/2023,Saturday,Local,0,0,95,Phone,1,2,Medium,7664.117156,other,16100.43385,2301.310573,1000,1324.78,8.594855953,6,N
307369728,51,M,1,88,102894.4,1,1,Own,85005,10/2/2023,Monday,Parking Lot,0,0,26,Phone,1,6,Large,21581.8491,black,31791.94718,3729.71761,500,1082.36,9.798458643,3,N
307431936,50,F,1,87,102894.4,1,1,Own,85004,4/2/2023,Sunday,Parking Lot,1,0,50,Phone,1,2,Large,18135.21657,gray,31468.35025,2632.692899,500,1354.2,8.144023339,3,N
307452672,36,M,1,63,102894.4,0,1,Own,15006,4/19/2024,Friday,Local,0,0,3,Phone,1,4,Compact,12300.68116,red,29323.55138,4585.602676,500,1055.6,11.36290963,3,N
307473408,60,F,1,79,102894.4,1,0,Own,50021,12/19/2024,Thursday,Local,0,1,56,Phone,0,7,Large,18160.10609,silver,27212.82942,3119.065902,1000,999.43,9.964261446,0,N
307494144,82,F,1,80,102894.4,1,0,Rent,50025,3/24/2023,Friday,Highway,0,0,1,Phone,1,4,Compact,18564.94683,other,4260.154398,5912.812192,2000,1155.97,9.08483316,3,N
307535616,40,M,0,41,102894.4,0,1,Own,50013,7/26/2024,Friday,Highway,0,1,75,Phone,1,3,Compact,20441.00247,black,44694.21165,2931.270015,1000,1726.91,8.630133414,5,N
307805184,46,F,1,83,81241.6,0,1,Rent,20101,5/12/2023,Friday,Local,0,0,0,Phone,0,3,Compact,6231.547497,red,37477.68406,8233.533986,2000,1246.68,8.754323372,2,N
307971072,60,F,1,87,89412.8,1,1,Own,80011,7/30/2024,Tuesday,Local,1,1,49,Phone,0,4,Medium,8503.291546,silver,50832.11176,6738.207484,500,1354.2,7.06894805,3,N
308551680,67,M,1,61,84936.0,1,1,Own,15049,8/24/2023,Thursday,Parking Lot,4,0,39,Phone,1,8,Medium,35994.02468,gray,9867.352712,4422.524093,500,1354.2,8.782539448,3,N
309215232,42,M,1,68,89412.8,1,1,Own,20153,3/29/2024,Friday,Local,0,0,84,Phone,0,8,Medium,29394.86237,red,10060.12714,5441.935536,2000,1246.68,9.544399392,5,N
309298176,37,M,1,30,84936.0,0,0,Rent,20146,8/9/2023,Wednesday,Parking Lot,0,0,50,Phone,0,3,Compact,23866.07183,other,45117.29791,5837.459655,500,1082.36,8.455654813,1,N
309692160,51,M,1,75,84936.0,0,1,Rent,85051,6/12/2024,Wednesday,Parking Lot,0,0,23,Phone,0,4,Compact,30735.3219,white,24318.12282,4975.484055,500,1232.57,8.732285976,4,N
309837312,39,M,1,65,84936.0,1,1,Own,85022,7/17/2024,Wednesday,Local,0,0,75,Phone,1,12,Medium,42810.02867,gray,24321.25867,9232.129401,500,1518.54,10.21006876,5,N
309878784,61,F,0,81,89412.8,1,1,Rent,80106,11/10/2023,Friday,Parking Lot,0,0,73,Phone,1,6,Compact,25374.73318,other,8601.484345,4530.318441,2000,1239.06,9.417668957,6,N
309920256,26,M,1,89,81241.6,1,0,Rent,85061,10/17/2024,Thursday,Parking Lot,0,0,93,Phone,1,2,Large,35450.8356,black,13766.91677,10420.58504,2000,1246.68,8.967792372,3,N
310355712,26,M,1,92,84936.0,1,0,Own,80044,6/23/2023,Friday,Highway,2,0,17,Phone,1,4,Medium,21767.84551,red,43883.50353,2977.030059,1000,1726.91,10.35163365,4,N
311848704,60,M,0,61,81241.6,1,0,Rent,85064,2/26/2024,Monday,Parking Lot,0,1,90,Phone,0,7,Compact,28757.29278,white,8262.338725,2503.397034,1000,1726.91,8.498552458,5,N
312180480,35,M,0,83,89412.8,1,1,Own,50051,8/31/2023,Thursday,Local,2,1,92,Phone,1,6,Medium,9746.434857,silver,11362.61425,3334.529827,500,1082.36,9.476744301,3,N
319521024,39,F,1,74,89412.8,0,0,Rent,80031,12/3/2023,Sunday,Local,0,0,99,Phone,1,5,Large,12426.04136,black,20909.54761,2762.808903,1000,1622.67,7.620391458,4,N
320537088,51,F,1,38,89412.8,1,0,Own,20102,11/9/2023,Thursday,Parking Lot,1,1,94,Phone,0,7,Large,12180.96282,gray,30807.91369,3797.037071,1000,999.43,8.521257516,6,N
320889600,40,F,1,62,81241.6,1,1,Own,15034,8/24/2024,Saturday,Parking Lot,1,1,67,Phone,1,3,Large,20268.95339,gray,18851.61085,2533.295961,500,1078.65,7.869021257,5,N
320931072,55,M,1,81,84936.0,0,1,Rent,80030,2/4/2023,Saturday,Parking Lot,1,1,51,Phone,0,5,Medium,29460.09206,gray,23500.65618,5272.469857,1000,1324.78,9.10775964,5,N
321408000,50,M,1,91,89412.8,1,1,Own,20132,4/30/2023,Sunday,Parking Lot,2,0,31,Phone,1,4,Compact,37688.78309,other,21079.79574,9647.003715,500,1232.57,9.146825944,3,N
321470208,35,M,0,76,84936.0,1,1,Own,80105,2/8/2023,Wednesday,Local,4,0,1,Phone,1,6,Compact,16327.93791,gray,24409.0417,2482.129676,1000,1324.78,9.882616697,5,N
321511680,79,M,1,68,89412.8,0,1,Rent,20144,9/8/2024,Sunday,Highway,0,0,0,Phone,0,3,Compact,25187.30505,red,34987.35223,10103.80309,500,1518.54,8.194143274,2,N
321532416,47,F,1,91,81241.6,1,1,Own,15042,7/7/2023,Friday,Parking Lot,0,0,90,Phone,1,3,Medium,50984.25514,gray,22893.1943,2826.174582,2000,1239.06,8.812267246,5,N
321594624,54,F,1,77,89412.8,1,0,Own,80016,9/4/2023,Monday,Local,3,0,50,Phone,0,4,Medium,7843.013776,red,21473.85855,4725.401806,1000,1622.67,8.291747833,4,N
322278912,22,M,1,86,89412.8,1,0,Own,15052,3/7/2024,Thursday,Local,1,0,1,Phone,1,4,Compact,10151.26318,blue,18833.19749,3830.165296,500,1082.36,11.51784352,4,N
322465536,46,M,0,59,84936.0,1,1,Own,20105,5/14/2024,Tuesday,Local,0,1,1,Phone,1,7,Compact,18558.50079,white,36676.75939,5271.708053,500,1055.6,9.767311857,7,N
323253504,56,F,1,52,89412.8,1,0,Rent,85025,3/27/2023,Monday,Local,1,0,86,Phone,1,3,Medium,16659.20468,red,11890.62969,7628.091119,500,1055.6,9.337149856,7,N
323398656,35,M,1,72,81241.6,0,1,Rent,20111,3/1/2024,Friday,Local,0,0,76,Phone,0,8,Compact,33070.85761,silver,24383.30647,5234.667682,500,1232.57,9.228845528,5,N
323440128,42,M,1,94,84936.0,1,1,Rent,50032,8/22/2023,Tuesday,Parking Lot,1,0,1,Phone,1,5,Large,42412.99488,gray,14004.36187,7532.822942,500,1078.65,10.14758337,6,N
323854848,37,M,1,82,89412.8,0,0,Rent,15019,1/13/2023,Friday,Local,2,1,76,Phone,1,8,Compact,38076.95414,silver,41352.84911,4782.534213,1000,999.43,8.255491591,6,N
324000000,28,F,1,69,81241.6,1,1,Rent,20108,3/11/2024,Monday,Local,0,1,99,Phone,0,6,Large,8921.438291,silver,10151.02148,6537.553579,500,1078.65,10.29942989,2,N
327504384,51,F,1,85,82908.8,1,1,Own,80108,1/7/2024,Sunday,Local,0,0,57,Phone,1,9,Large,15174.15786,red,6657.130753,2978.313614,500,1232.57,9.4944468,5,N
327981312,22,M,1,63,49451.2,1,1,Rent,85061,3/25/2024,Monday,Local,0,0,61,Phone,1,3,Compact,27725.57126,blue,20750.95643,3214.709098,1000,1324.78,8.807081335,6,N
334990080,51,F,1,89,82908.8,1,1,Rent,80004,9/1/2024,Sunday,Local,0,1,99,Phone,1,10,Compact,28538.50743,red,7069.418386,1936.058508,500,1354.2,7.37172799,3,N
342517248,37,F,0,70,80904.32,1,0,Rent,20116,12/25/2024,Wednesday,Highway,0,0,84,Phone,1,5,Compact,15480.87289,white,19970.8467,3868.715661,500,1082.36,5.725938445,6,N
342641664,43,F,1,69,84237.44,1,0,Rent,80011,6/2/2024,Sunday,Parking Lot,0,1,12,Phone,1,10,Large,14191.22401,red,17536.84304,7352.779123,2000,1155.97,7.925975258,2,N
343139328,56,F,1,73,90204.8,1,1,Own,50001,4/20/2023,Thursday,Highway,1,0,0,Phone,1,6,Large,28267.87907,silver,45217.00026,2078.087735,500,1082.36,9.189988837,5,N
343574784,43,M,1,72,84239.68,0,1,Own,50025,11/30/2023,Thursday,Local,0,0,92,Phone,1,3,Medium,14680.71354,silver,30062.66911,4855.397509,2000,1239.06,9.292858849,6,N
343989504,44,M,0,74,84781.76,0,1,Rent,50052,6/6/2024,Thursday,Parking Lot,0,0,16,Phone,1,2,Large,26256.58663,red,37761.82652,2774.937073,1000,999.43,9.161151143,4,N
344984832,40,M,0,58,82626.88,1,1,Rent,50027,8/12/2023,Saturday,Highway,0,0,100,Phone,1,4,Large,12918.54011,other,21910.78537,9416.071325,500,1518.54,8.389586386,4,N
345337344,45,M,1,77,85263.36,0,0,Rent,15026,11/5/2024,Tuesday,Local,0,0,51,Phone,1,6,Compact,38709.88649,black,18233.65435,4197.297156,1000,1726.91,9.084445219,0,N
345358080,49,M,1,80,87209.92,1,0,Own,20109,8/10/2023,Thursday,Highway,0,0,6,Phone,0,3,Large,32025.68333,gray,14017.87969,1572.249907,500,1232.57,8.876620019,4,N
345420288,37,F,1,95,80879.68,1,1,Own,15001,7/2/2023,Sunday,Local,0,0,9,Phone,0,4,Compact,12014.03599,other,20065.52385,3118.431484,1000,1324.78,11.50674176,4,N
346042368,59,M,0,88,91342.72,1,0,Rent,20149,3/13/2024,Wednesday,Local,1,1,73,Phone,1,3,Medium,41356.65619,blue,21850.3226,6017.191804,500,1232.57,9.577423663,6,N
346208256,45,M,1,80,10912.0,1,1,Rent,20158,6/24/2024,Monday,Parking Lot,1,0,0,Phone,1,4,Compact,44518.69133,white,12069.1934,2946.564597,2000,1239.06,9.632972675,4,Y
346581504,37,F,1,86,80852.8,1,0,Own,80003,3/3/2023,Friday,Local,0,0,48,Phone,0,5,Compact,23654.90725,white,11476.15682,3790.318784,1000,1324.78,10.49716818,5,N
346643712,48,F,1,69,86696.96,1,0,Rent,50028,1/1/2024,Monday,Parking Lot,0,1,1,Phone,0,3,Medium,31336.21228,gray,33915.15464,6099.214324,2000,1246.68,8.057092786,5,N
347618304,36,M,0,70,37315.2,1,1,Own,85050,3/14/2023,Tuesday,Local,1,1,32,Phone,1,5,Compact,11581.17834,gray,42680.17569,1195.730182,1000,1726.91,10.4458093,0,Y
347701248,39,F,1,91,82064.64,1,1,Own,80101,2/18/2023,Saturday,Local,3,1,24,Phone,1,2,Large,31963.64505,red,19178.0561,3012.975051,500,1232.57,9.403339735,3,N
347742720,41,M,0,94,83216.0,1,0,Own,15014,5/12/2024,Sunday,Local,0,1,95,Phone,1,3,Large,17943.40935,red,12940.7825,8541.772417,500,1078.65,9.450702705,1,N
347784192,49,F,1,81,87178.56,0,1,Own,50010,1/4/2023,Wednesday,Parking Lot,0,1,97,Phone,0,6,Large,13931.62351,red,14431.00946,6063.420639,1000,1324.78,9.229535073,3,N
348800256,42,F,1,71,111686.4,0,0,Rent,80020,6/1/2024,Saturday,Highway,0,0,91,Phone,0,4,Medium,21076.8803,red,11457.83074,1616.344678,2000,1155.97,8.542919625,5,N
349733376,44,F,0,68,84770.56,1,1,Own,80109,3/24/2024,Sunday,Local,0,1,80,Phone,0,5,Medium,43949.48918,gray,37274.13276,5889.989851,1000,1324.78,8.36604556,5,N
349816320,53,M,0,43,88961.6,1,0,Own,20131,8/25/2024,Sunday,Parking Lot,0,0,93,Phone,1,11,Medium,9719.362799,white,12160.78035,5745.856166,2000,1239.06,10.17634231,5,N
349878528,63,M,1,62,92751.68,1,0,Rent,50047,3/27/2023,Monday,Parking Lot,0,0,88,Phone,1,6,Large,26853.32386,blue,71381.10354,6654.906001,2000,1246.68,7.334011495,6,N
350417664,38,F,1,71,81462.08,1,1,Own,80033,10/13/2023,Friday,Local,0,0,4,Phone,0,8,Compact,3425.93842,silver,26458.41028,3603.848187,500,1518.54,8.777259734,2,N
350604288,36,M,1,22,80283.84,1,0,Rent,85027,6/6/2024,Thursday,Parking Lot,2,0,21,Phone,1,6,Compact,18226.63291,black,18841.38203,9883.030534,2000,1246.68,9.026644341,3,N
350625024,36,F,1,63,80227.84,0,1,Own,85016,9/6/2024,Friday,Parking Lot,0,0,56,Phone,1,5,Large,9130.715324,gray,11576.50413,5284.634073,1000,1622.67,8.54789085,3,N
350707968,31,M,1,72,90935.04,0,0,Own,50047,10/1/2024,Tuesday,Local,0,0,9,Phone,0,2,Compact,7130.469696,blue,48746.70975,8337.441968,500,1082.36,9.523023094,4,N
350770176,57,F,1,31,90578.88,0,1,Rent,15027,2/4/2024,Sunday,Local,0,0,98,Phone,0,5,Large,18819.23649,gray,22834.41105,3701.931859,500,1354.2,8.072200107,5,N
351558144,37,M,0,92,80870.72,1,1,Rent,50021,3/6/2023,Monday,Local,2,0,100,Phone,1,10,Medium,25744.46682,black,26245.07919,5879.378118,500,1055.6,7.853436593,0,N
351641088,39,F,1,79,82055.68,1,0,Own,50020,1/19/2023,Thursday,Local,0,1,39,Phone,1,5,Compact,43372.5665,black,24990.23153,5801.931657,1000,999.43,10.00202842,1,N
351827712,48,M,0,58,86750.72,1,1,Own,15060,9/6/2024,Friday,Parking Lot,1,0,0,Phone,1,6,Compact,34168.70403,silver,28106.24747,3636.513806,1000,1324.78,9.453819941,6,N
351889920,44,F,0,79,84743.68,1,1,Rent,80016,1/5/2024,Friday,Local,0,0,34,Phone,1,7,Medium,14698.89055,gray,18325.32592,6287.571427,2000,1239.06,7.231290032,5,N
351972864,65,F,1,71,93508.8,1,0,Rent,50054,10/14/2024,Monday,Parking Lot,1,0,18,Phone,0,6,Medium,7527.305786,gray,15193.44349,2764.856177,1000,1622.67,9.143245301,4,N
352781568,37,M,1,69,80864.0,1,0,Rent,50012,3/22/2024,Friday,Local,0,0,92,Phone,0,7,Medium,10768.50148,white,54639.30225,2929.439601,500,1078.65,10.14369827,1,N
355269888,54,F,0,65,89371.52,1,1,Rent,85076,2/22/2024,Thursday,Highway,1,0,88,Phone,0,3,Medium,20002.02176,silver,65081.45921,3703.765455,1000,1726.91,8.388530416,5,N
355290624,43,M,1,84,84241.92,1,0,Own,50013,8/30/2024,Friday,Local,0,1,42,Phone,0,4,Medium,20352.53704,black,34352.93918,2190.90075,500,1232.57,9.479658783,7,N
358276608,53,M,1,60,88932.48,1,0,Rent,80010,3/24/2023,Friday,Highway,2,0,19,Phone,1,5,Medium,47376.17236,blue,26313.78043,5369.85288,1000,1726.91,7.766829663,2,N
358318080,39,F,1,94,82104.96,1,1,Rent,85037,7/14/2023,Friday,Local,2,0,2,Phone,1,5,Compact,20841.44839,blue,28445.50075,6128.948236,500,1078.65,11.68846529,7,N
358401024,44,F,1,64,84730.24,1,1,Rent,20119,11/23/2024,Saturday,Parking Lot,1,0,2,Phone,1,6,Medium,36622.05163,black,16551.95315,9803.619269,1000,1324.78,8.228616235,4,N
358608384,51,M,0,82,88049.92,1,1,Own,50051,1/1/2023,Sunday,Parking Lot,0,0,48,Phone,0,4,Large,18826.73037,silver,51704.17216,2479.532923,1000,1622.67,9.618580171,5,N
358712064,58,F,1,46,90948.48,1,0,Own,15050,10/31/2023,Tuesday,Parking Lot,1,0,92,Phone,0,4,Compact,11218.80452,red,6874.288431,2937.551451,500,1055.6,7.767888081,3,N
358795008,43,F,0,85,84244.16,0,1,Rent,20151,11/29/2024,Friday,Local,0,1,4,Phone,1,3,Compact,21749.06927,black,27230.30501,2109.706914,1000,999.43,8.735596111,5,N
358960896,43,M,1,51,84248.64,1,1,Own,15010,9/20/2023,Wednesday,Local,0,0,86,Phone,1,2,Compact,8235.715533,white,11738.16147,2937.142887,500,1232.57,9.037611388,3,N
359043840,62,F,0,63,92424.64,1,1,Own,50038,9/23/2023,Saturday,Highway,1,0,96,Phone,1,6,Large,13658.37772,gray,11580.37731,2696.944127,1000,1324.78,7.367656465,3,N
359147520,39,F,1,27,82055.68,1,1,Own,20152,10/26/2023,Thursday,Local,0,1,49,Phone,0,8,Compact,8727.443894,other,27791.19967,3425.065237,2000,1239.06,9.79448574,8,N
359396352,53,M,1,87,88957.12,1,0,Own,50005,4/12/2024,Friday,Local,0,0,91,Phone,1,2,Large,12833.62335,gray,26234.28325,6437.993588,500,1055.6,8.653510689,2,N
359500032,49,F,0,51,87198.72,0,1,Own,80003,*,*,Local,0,0,76,Phone,1,3,Large,10042.91744,black,32059.49992,6230.456756,1000,999.43,8.754085531,5,N
360080640,33,M,1,74,106317.12,0,1,Own,20165,1/8/2024,Monday,Local,0,1,47,Phone,1,5,Medium,13473.75877,blue,18566.73727,9977.934715,500,1354.2,7.586230863,6,N
360806400,28,M,0,61,34592.0,0,0,Rent,50007,9/8/2023,Friday,Highway,3,0,79,Phone,1,2,Medium,28672.08256,blue,25997.5,5687.298041,500,1055.6,9.121687665,5,Y
361096704,56,M,1,81,10121.92,0,1,Own,20142,4/3/2024,Wednesday,Highway,0,1,28,Phone,0,5,Medium,23043.05196,red,17874.2871,5107.344332,500,1232.57,10.42250584,7,Y
361179648,46,F,1,85,85776.32,1,0,Own,15032,8/5/2024,Monday,Highway,0,0,3,Phone,1,4,Large,14740.99689,red,15694.1493,4291.373724,500,1518.54,9.118951702,6,N
361304064,47,M,0,79,86260.16,0,1,Rent,80037,4/8/2023,Saturday,Highway,4,0,29,Phone,1,5,Large,43579.80466,white,8967.843081,9339.351342,1000,1622.67,9.880404583,8,N
361843200,45,F,0,60,85249.92,1,0,Own,15021,6/10/2023,Saturday,Local,1,1,67,Phone,1,4,Compact,10779.11976,gray,15002.28896,5892.894857,2000,1239.06,8.761314761,2,N
362257920,44,M,1,75,84754.88,0,1,Own,50038,4/17/2023,Monday,Parking Lot,0,0,15,Phone,1,5,Medium,15990.56115,silver,23485.13644,6258.903285,1000,999.43,10.23760539,3,N
368810496,22,F,0,58,49459.2,0,1,Rent,50054,5/31/2023,Wednesday,Parking Lot,0,0,5,Phone,0,7,Medium,14380.83464,silver,33119.62268,7756.80262,500,1082.36,9.447043767,4,Y
369764352,40,F,1,96,29024.0,1,1,Rent,80002,4/22/2023,Saturday,Local,0,0,91,Phone,0,3,Compact,21934.38727,silver,18475.40961,3911.9349,500,1232.57,9.992970403,7,Y
370116864,40,F,1,59,29020.8,1,0,Rent,85016,3/20/2024,Wednesday,Highway,0,0,49,Phone,0,5,Compact,31636.73442,red,19382.1971,4122.852715,500,1082.36,7.812707858,4,Y
370987776,48,F,0,63,11977.6,1,1,Rent,80027,8/13/2024,Tuesday,Parking Lot,0,0,75,Phone,0,3,Compact,53093.86742,blue,22530.74445,7265.954942,500,1354.2,8.218712745,3,Y
371195136,28,F,1,73,23329.6,0,1,Rent,50032,2/2/2023,Thursday,Local,0,0,26,Phone,0,3,Large,36131.0231,gray,26785.26487,4036.453546,500,1078.65,7.711328701,6,Y
371485440,55,M,0,77,24108.8,1,1,Rent,80044,4/8/2023,Saturday,Local,0,0,23,Phone,0,2,Medium,27573.88957,blue,13841.60289,2663.353105,500,1055.6,10.1309713,1,Y
371858688,75,M,1,44,99080.0,0,0,Own,50008,4/3/2023,Monday,Parking Lot,0,0,79,Phone,0,6,Large,55628.04432,blue,18960.42402,5108.142898,2000,1239.06,9.671478653,6,N
371941632,67,M,0,88,87286.4,0,1,Own,80002,9/1/2024,Sunday,Parking Lot,0,1,94,Phone,0,4,Medium,25534.6967,silver,24304.86453,2099.50669,1000,1622.67,9.411350218,2,N
372024576,39,M,0,55,38612.8,1,0,Own,20146,9/5/2024,Thursday,Local,0,0,13,Phone,1,5,Large,48407.52944,gray,34777.66201,2508.204312,500,1082.36,8.846626484,3,Y
372335616,55,M,0,68,94132.8,1,1,Own,20132,9/2/2023,Saturday,Local,0,1,15,Phone,1,7,Medium,15271.52253,blue,14825.31218,6790.282445,500,1232.57,9.534651415,2,N
372377088,52,M,1,74,103259.2,1,1,Rent,20132,9/25/2024,Wednesday,Local,0,1,55,Phone,0,3,Medium,11037.02527,black,19072.25398,7214.632266,500,1078.65,9.59293025,4,N
372480768,30,F,0,86,24448.0,0,1,Rent,15025,9/23/2024,Monday,Parking Lot,0,0,93,Phone,1,6,Large,25480.36165,white,45898.16195,8877.990079,500,1518.54,10.93611405,7,Y
372522240,49,F,1,80,102249.6,1,1,Own,85020,10/10/2023,Tuesday,Highway,0,1,1,Phone,0,5,Large,25619.91291,other,44637.31558,4097.394577,2000,1239.06,9.649824932,7,N
373040640,83,F,0,96,30672.0,1,1,Own,85073,2/18/2023,Saturday,Highway,0,0,3,Phone,1,5,Compact,14039.01955,silver,12356.69686,4572.330636,2000,1155.97,7.143177164,9,Y
373704192,38,F,1,85,98198.4,1,0,Rent,15031,5/7/2023,Sunday,Highway,0,1,68,Phone,1,4,Compact,33496.32073,gray,13840.52497,4236.227638,500,1354.2,6.666413307,5,N
374118912,47,M,0,79,99404.8,1,1,Rent,20115,6/10/2024,Monday,Local,0,1,50,Phone,1,9,Compact,32502.52058,silver,9369.220799,930.6028017,2000,1239.06,8.991012113,3,N
374201856,65,M,1,89,98198.4,0,0,Rent,15037,10/1/2023,Sunday,Highway,2,0,97,Phone,1,4,Large,23801.40721,red,12802.79292,4023.494067,500,1082.36,7.927485667,2,N
375363072,35,M,1,75,36889.6,1,1,Own,20151,7/25/2023,Tuesday,Local,0,1,50,Phone,1,6,Compact,5683.724366,red,14578.56099,4832.141023,500,1078.65,10.20594463,5,Y
375881472,49,M,0,71,32260.8,1,0,Own,15025,6/18/2023,Sunday,Parking Lot,1,0,77,Phone,0,2,Compact,68642.0398,red,22586.53281,2489.902027,1000,1622.67,7.301241695,6,Y
376316928,44,M,1,81,90923.2,1,1,Own,15003,10/18/2023,Wednesday,Local,1,0,41,Phone,1,3,Compact,8307.271948,red,21538.21258,4306.011003,2000,1155.97,9.789569646,2,N
376337664,61,M,1,88,98198.4,1,0,Rent,50003,3/4/2024,Monday,Local,0,0,80,Phone,0,4,Compact,8848.404633,other,51161.09198,4782.015969,1000,1726.91,8.736340863,7,N
376565760,45,M,1,38,90923.2,1,1,Rent,20135,12/22/2024,Sunday,Highway,0,1,0,Phone,1,8,Compact,4943.839685,black,43614.16088,10219.31917,2000,1246.68,8.534511723,6,N
380236032,30,M,0,79,94699.2,1,1,Own,20122,6/12/2024,Wednesday,Local,2,0,98,Phone,1,2,Medium,19927.94338,blue,22552.98793,8353.127005,1000,1622.67,8.63051673,2,N
380526336,48,F,1,71,94699.2,1,1,Rent,15035,6/10/2023,Saturday,Highway,0,0,27,Phone,1,3,Medium,15972.36775,white,19157.21134,4882.050769,2000,1155.97,9.5078963,7,N
381252096,66,M,0,59,99404.8,1,0,Own,50011,8/10/2023,Thursday,Parking Lot,0,0,4,Phone,1,3,Large,7248.837743,silver,21737.71616,3643.132385,1000,999.43,10.73315791,3,N
381500928,38,F,1,60,98198.4,1,0,Rent,50013,6/20/2024,Thursday,Local,0,1,50,Phone,1,7,Large,37447.86576,other,10289.04343,3642.358372,2000,1246.68,9.438536015,4,N
382309632,54,F,1,95,98198.4,1,0,Own,50001,3/2/2024,Saturday,Local,0,0,53,Phone,0,4,Compact,10039.21804,other,14617.4889,4626.677572,1000,1622.67,8.328337903,3,N
382807296,49,M,1,46,162281.6,1,0,Own,85076,4/6/2024,Saturday,Highway,0,0,44,Phone,0,1,Medium,31657.45794,blue,68100.97662,3032.911771,500,1518.54,8.229825519,4,N
383056128,40,F,1,53,89019.2,1,1,Rent,15024,5/23/2024,Thursday,Parking Lot,0,1,99,Phone,1,4,Compact,27489.26294,gray,35358.05619,2447.496187,1000,1622.67,9.397977919,3,N
383097600,50,M,1,68,32587.2,1,1,Rent,15012,4/7/2024,Sunday,Local,0,0,31,Phone,0,6,Medium,22600.85714,black,3907.138827,4286.255558,500,1082.36,9.309437392,5,Y
385585920,47,M,0,54,89019.2,1,0,Rent,20158,5/19/2024,Sunday,Highway,1,1,50,Phone,0,2,Large,38393.64583,other,10959.47867,4433.017109,1000,1726.91,8.045730658,4,N
386311680,37,F,1,84,159803.2,1,1,Rent,80003,3/19/2024,Tuesday,Parking Lot,0,0,65,Phone,1,8,Medium,15813.30708,red,45407.80449,10342.071,500,1078.65,8.249000003,5,N
386394624,31,M,1,85,162281.6,0,0,Own,15024,5/7/2023,Sunday,Highway,0,1,11,Phone,0,8,Compact,13383.44492,other,12718.31742,6587.421867,2000,1239.06,8.89156454,1,N
386913024,35,F,1,50,162281.6,0,1,Rent,20102,10/2/2024,Wednesday,Parking Lot,1,0,1,Phone,1,4,Compact,18145.48871,white,42336.45942,6880.006631,500,1232.57,8.983034836,5,N
386975232,65,M,0,85,92939.2,1,0,Rent,15052,5/3/2024,Friday,Local,0,0,97,Phone,0,3,Compact,15702.65513,gray,32089.77698,8430.500321,1000,1324.78,9.006459612,1,N
386995968,51,F,1,88,89019.2,1,1,Own,15047,12/19/2024,Thursday,Local,0,0,100,Phone,1,5,Large,53617.55677,gray,17970.07104,4342.8802,500,1518.54,10.84177448,5,N
387058176,46,M,0,57,32587.2,1,0,Own,85041,1/8/2023,Sunday,Highway,1,1,43,Phone,1,4,Large,69274.76608,gray,62352.41952,3611.220644,2000,1239.06,8.909054961,9,Y
388841472,51,F,1,87,159803.2,1,0,Own,15042,6/23/2024,Sunday,Highway,0,1,80,Phone,1,5,Compact,14326.38657,red,11483.38662,6077.647462,1000,1622.67,7.395963499,9,N
388882944,35,F,1,59,89019.2,0,1,Own,20153,4/1/2023,Saturday,Local,0,0,100,Phone,1,4,Compact,61586.82226,black,4558.576271,6009.33498,500,1354.2,8.34947161,6,N
388945152,51,F,0,42,162281.6,0,1,Own,85027,12/24/2023,Sunday,Local,1,0,47,Phone,1,6,Medium,35247.26303,white,14201.95321,6952.697932,500,1055.6,8.551833444,3,N
388965888,60,F,1,85,159803.2,1,1,Own,15027,2/8/2023,Wednesday,Local,0,0,99,Phone,0,1,Large,22336.61443,other,19501.94159,4793.30724,1000,999.43,7.942088436,8,N
389173248,41,F,1,95,89417.6,1,1,Own,15035,1/27/2023,Friday,Parking Lot,0,1,28,Phone,1,4,Large,20371.25672,black,31820.55725,12587.35512,1000,1324.78,8.326040607,3,Y
389256192,50,M,1,50,22595.2,1,1,Rent,50057,10/12/2023,Thursday,Local,3,1,30,Phone,1,6,Compact,30918.08011,silver,45442.53846,4929.957062,2000,1239.06,9.916266124,8,Y
389422080,44,F,1,68,160520.0,1,1,Own,15025,11/24/2024,Sunday,Highway,0,1,70,Phone,0,2,Compact,11650.27467,other,18908.95015,3305.996151,500,1354.2,8.96916908,6,N
389587968,77,M,0,75,99532.8,1,1,Own,80030,3/14/2023,Tuesday,Parking Lot,0,0,49,Phone,1,3,Large,13484.16567,black,7902.887367,8970.03966,1000,999.43,9.679612734,6,Y
398711808,51,F,1,87,82908.8,1,1,Own,15035,11/28/2024,Thursday,Highway,1,0,46,Phone,1,2,Medium,12001.25812,silver,11394.95461,2290.315321,500,1078.65,9.296786878,5,N
404932608,21,M,1,78,48736.0,1,1,Rent,20116,5/2/2024,Thursday,Parking Lot,3,0,0,Phone,1,7,Large,15271.39983,silver,13171.23292,2969.593319,500,1354.2,9.981059327,8,N
425647872,19,M,1,86,47110.4,1,1,Rent,85021,10/26/2023,Thursday,Parking Lot,0,0,29,Phone,1,11,Large,22601.1224,black,12978.57015,4803.061271,2000,1155.97,9.261372823,6,N
435393792,52,M,1,79,82908.8,0,0,Rent,85065,4/24/2024,Wednesday,Highway,0,0,0,Phone,0,10,Compact,32420.32684,red,17742.53405,4657.872289,500,1078.65,8.464118061,8,N
449038080,20,M,1,96,47921.6,0,1,Rent,50058,4/28/2023,Friday,Highway,0,1,89,Phone,0,4,Large,15803.20183,black,27460.7669,3664.717278,500,1055.6,7.344136114,4,Y
470790144,51,F,1,73,82908.8,0,0,Rent,20143,7/21/2024,Sunday,Local,0,0,49,Phone,1,2,Compact,27400.488,white,14230.59267,5562.388915,1000,1726.91,9.966318949,3,N
471101184,22,F,1,81,49465.6,1,1,Rent,15037,3/14/2023,Tuesday,Parking Lot,0,0,2,Phone,1,4,Large,19871.72045,gray,17960.38619,5221.322995,500,1082.36,8.915789269,7,Y
471578112,22,M,0,65,49425.6,0,0,Own,85022,7/9/2023,Sunday,Local,0,0,49,Phone,0,4,Large,24185.99363,silver,9361.62432,4357.889671,500,1518.54,9.702648554,4,N
475455744,51,F,0,63,82908.8,0,1,Own,20132,3/17/2024,Sunday,Local,0,1,91,Phone,1,1,Medium,20801.82131,red,11824.83849,1378.904379,1000,1324.78,9.255934025,2,N
479229696,52,M,1,69,88486.72,1,1,Rent,20151,10/21/2023,Saturday,Local,0,0,100,Phone,1,4,Large,63292.34355,gray,11824.50159,8039.178054,500,1078.65,7.897411276,7,N
480370176,39,M,0,42,82066.88,0,0,Own,85068,10/5/2023,Thursday,Parking Lot,0,1,84,Phone,0,3,Large,23597.9154,blue,3842.364204,7223.525521,500,1082.36,8.744480912,1,N
480556800,41,F,0,50,83175.68,1,1,Own,80016,3/14/2024,Thursday,Parking Lot,0,0,49,Phone,0,3,Medium,32149.83177,red,10711.35723,9522.816011,1000,1726.91,7.762494167,1,N
480701952,48,F,0,95,86717.12,1,1,Rent,15025,2/19/2023,Sunday,Highway,0,1,16,Phone,0,5,Large,28217.19243,gray,37065.58137,8124.072436,1000,1324.78,10.35415129,3,N
480743424,48,M,0,70,86723.84,0,0,Own,20137,2/22/2023,Wednesday,Local,0,0,60,Phone,0,3,Medium,15013.41997,black,41177.11303,3664.596213,2000,1239.06,8.573298335,6,N
481552128,45,M,0,69,85288.0,1,1,Own,50005,8/24/2024,Saturday,Local,3,1,80,Phone,1,6,Compact,10804.68536,silver,20114.08214,5584.571094,2000,1239.06,7.013501406,2,N
481904640,41,F,0,38,33142.08,1,1,Rent,15009,12/5/2024,Thursday,Parking Lot,1,0,9,Phone,1,4,Medium,22271.97427,red,12790.48542,5701.667783,1000,999.43,10.80587129,7,Y
481946112,59,F,1,58,31320.32,1,1,Own,80010,8/2/2024,Friday,Local,0,0,18,Phone,1,3,Large,17544.9334,black,48537.30547,3672.170071,2000,1155.97,9.525284844,6,Y
482340096,42,M,1,63,83695.36,1,1,Rent,20118,1/30/2023,Monday,Parking Lot,0,1,0,Phone,1,5,Large,9129.190001,other,21568.50317,2283.162336,500,1354.2,9.820433928,6,Y
482423040,41,M,0,74,83204.8,0,0,Own,80031,2/1/2024,Thursday,Highway,2,0,50,Phone,1,2,Large,24201.59311,gray,21151.96936,10881.60062,500,1055.6,9.614091564,5,Y
482713344,45,F,1,60,85290.24,0,1,Own,20117,12/22/2024,Sunday,Highway,3,0,49,Phone,1,2,Compact,35511.8946,gray,55957.33939,3887.92318,1000,1324.78,7.967402186,1,N
482837760,51,M,1,69,116072.32,1,1,Own,85008,10/31/2023,Tuesday,Highway,0,0,88,Phone,1,4,Large,44289.97274,silver,27987.68188,8692.255948,2000,1246.68,9.279734574,8,N
482858496,69,M,1,62,94839.36,0,1,Own,85055,2/5/2024,Monday,Local,0,1,88,Phone,1,4,Compact,38182.71665,other,21998.04046,1971.101403,1000,1622.67,7.474598739,0,Y
482899968,36,F,1,93,80304.0,1,1,Own,20151,6/12/2024,Wednesday,Highway,0,0,96,Phone,0,6,Compact,38620.89768,other,46927.76855,7817.322803,500,1082.36,8.499754358,4,N
483314688,37,M,1,74,80857.28,1,1,Rent,50047,10/10/2024,Thursday,Parking Lot,0,0,100,Phone,1,7,Large,16317.71627,blue,12072.02651,2327.80023,2000,1239.06,9.756473542,5,Y
483356160,47,M,1,83,86253.44,1,1,Own,50025,3/5/2024,Tuesday,Local,0,1,55,Phone,1,7,Medium,26529.96294,white,12753.92998,4482.395333,2000,1246.68,8.705835497,7,N
483397632,46,M,1,62,85758.4,1,0,Rent,80010,9/23/2023,Saturday,Parking Lot,0,0,0,Phone,0,5,Medium,11617.94887,red,32364.57578,5468.297497,1000,1622.67,7.692210687,5,N
483563520,48,F,1,41,86730.56,1,1,Own,85010,4/20/2023,Thursday,Local,0,0,97,Phone,1,7,Large,29017.64548,red,21554.18689,5704.804441,500,1082.36,9.756946712,7,N
483978240,41,M,1,77,83175.68,1,1,Rent,50025,3/25/2023,Saturday,Parking Lot,0,0,56,Phone,0,5,Compact,45096.18086,gray,27925.76186,3478.95922,1000,1324.78,9.747490146,3,Y
487752192,68,F,1,70,94521.28,0,1,Own,80011,4/23/2023,Sunday,Local,1,0,27,Phone,1,5,Compact,8991.351314,red,10583.93103,4456.256872,500,1078.65,9.514297913,4,N
488332800,37,F,1,57,80859.52,1,0,Own,15005,12/24/2023,Sunday,Local,0,0,50,Phone,0,6,Medium,29281.60305,red,31967.70759,2522.159854,1000,1324.78,8.289838412,7,N
488374272,26,M,1,69,87001.6,1,0,Rent,50035,3/17/2024,Sunday,Local,0,1,65,Phone,1,10,Large,18610.97589,gray,23607.37803,6978.820633,500,1518.54,9.736668619,6,N
488581632,49,M,1,77,87225.6,1,1,Own,85074,11/28/2023,Tuesday,Parking Lot,0,0,1,Phone,0,7,Medium,13904.83641,white,10139.46864,3859.016253,500,1082.36,9.896964503,3,N
489100032,70,F,1,79,95152.96,1,0,Rent,20141,4/3/2023,Monday,Parking Lot,2,0,98,Phone,1,3,Medium,34238.50011,gray,33613.62205,6081.115955,1000,999.43,9.523085539,4,N
489141504,45,M,1,69,85249.92,0,0,Own,20107,7/24/2023,Monday,Parking Lot,0,0,57,Phone,1,5,Compact,14628.17103,silver,21776.54819,9985.783561,1000,1726.91,8.227847425,1,N
489431808,55,M,1,93,89750.08,0,0,Own,85077,3/11/2024,Monday,Parking Lot,0,0,3,Phone,1,7,Large,12596.79329,blue,18562.52703,8513.605456,1000,1324.78,8.045672752,6,N
489576960,40,M,1,75,82640.32,1,1,Rent,80041,6/8/2023,Thursday,Parking Lot,1,0,48,Phone,1,3,Medium,21490.00426,silver,44658.20395,5508.762359,1000,1622.67,9.216345464,1,N
489722112,47,F,1,47,86233.28,0,1,Own,85053,7/10/2024,Wednesday,Local,1,1,39,Phone,1,4,Compact,10755.67831,blue,7403.591798,3787.774175,500,1354.2,9.4621974,5,N
489846528,39,M,0,67,82078.08,0,1,Rent,20117,12/17/2023,Sunday,Local,0,0,88,Phone,0,1,Compact,17177.31475,red,17818.11887,5071.273091,500,1055.6,8.883760182,2,N
490634496,52,M,1,67,88544.96,1,1,Rent,20156,7/31/2024,Wednesday,Parking Lot,0,0,96,Phone,0,3,Compact,25038.13832,white,8242.707697,5505.013854,1000,1726.91,8.555630213,5,N
490675968,44,M,1,72,84763.84,0,0,Own,85030,8/3/2023,Thursday,Parking Lot,0,0,94,Phone,1,4,Medium,9309.832713,gray,19771.76424,3383.011748,500,1232.57,8.652019309,4,N
490841856,45,F,0,74,85285.76,0,1,Own,85017,11/29/2024,Friday,Parking Lot,0,0,97,Phone,1,6,Compact,28262.56002,silver,37118.21807,4171.000841,2000,1246.68,8.027492829,4,N
491152896,38,M,1,60,81486.72,0,0,Rent,20124,10/17/2023,Tuesday,Local,0,0,50,Phone,1,5,Large,14437.61323,red,24653.59029,5847.75292,1000,1726.91,10.3895825,5,N
491733504,40,F,1,70,82633.6,0,0,Own,50026,1/6/2023,Friday,Local,1,0,100,Phone,1,4,Compact,19259.43168,black,15283.92611,4969.475466,500,1354.2,9.461181021,5,N
492272640,41,M,1,71,116502.4,1,1,Rent,20110,8/4/2023,Friday,Local,1,0,1,Phone,1,7,Compact,32335.88007,black,18603.63905,8305.638771,2000,1246.68,8.121294426,5,N
492355584,38,M,1,75,114093.952,1,0,Own,20129,10/21/2023,Saturday,Local,0,0,3,Phone,0,5,Medium,30187.92286,red,26697.22195,8134.329644,500,1082.36,9.408079796,8,N
494429184,47,F,0,68,86228.8,1,0,Own,85011,5/19/2023,Friday,Highway,1,0,49,Phone,1,5,Large,39894.46352,other,12627.59822,3289.057273,2000,1155.97,8.387930679,4,N
494532864,56,M,1,72,90195.84,1,1,Rent,85045,10/11/2023,Wednesday,Local,1,0,8,Phone,0,11,Medium,21165.35326,gray,30393.82089,5419.021739,1000,1726.91,9.210255983,6,N
494864640,53,M,1,89,88948.16,1,0,Own,80033,8/1/2023,Tuesday,Parking Lot,1,0,40,Phone,1,6,Medium,36996.89508,black,21902.49825,3247.869193,500,1354.2,8.748378665,5,N
494968320,38,F,0,56,81475.52,1,1,Rent,20116,4/25/2023,Tuesday,Local,0,0,75,Phone,1,6,Medium,22183.65873,blue,16327.84173,7553.756882,500,1055.6,9.881178574,6,N
495092736,37,F,0,85,80897.6,0,1,Rent,80007,5/18/2024,Saturday,Parking Lot,0,0,72,Phone,0,6,Compact,8624.922909,gray,57608.2003,2848.858093,500,1232.57,8.282640121,5,N
495134208,51,F,1,92,88043.2,0,1,Own,80106,11/10/2023,Friday,Parking Lot,0,0,0,Phone,1,5,Large,21133.20265,silver,23213.76207,3963.631059,1000,1324.78,8.140914021,7,N
495424512,39,F,1,89,82066.88,0,1,Rent,50035,9/20/2024,Friday,Local,0,0,76,Phone,1,9,Large,33515.67596,blue,26662.35596,4778.800052,500,1354.2,9.186386626,3,N
498680064,21,M,1,63,48739.2,1,0,Rent,50033,5/23/2024,Thursday,Parking Lot,0,0,29,Phone,0,4,Compact,29160.5618,blue,7598.804839,5682.44733,500,1078.65,7.343546091,5,N
499779072,48,M,0,78,86679.04,1,0,Rent,15046,4/29/2023,Saturday,Local,2,0,62,Phone,1,3,Large,11097.97398,silver,9482.157188,5130.857683,1000,1622.67,8.680017707,5,N
499986432,42,F,1,81,83737.92,1,1,Own,80047,8/17/2024,Saturday,Local,0,0,66,Phone,0,4,Medium,34581.64257,red,32710.11098,7254.263109,1000,999.43,8.355090081,2,N
500007168,36,F,1,81,80281.6,1,0,Own,85062,5/11/2023,Thursday,Parking Lot,2,0,15,Phone,1,5,Large,9550.542401,gray,27164.54785,5018.729417,2000,1155.97,7.693586149,3,N
502930944,62,F,1,79,92435.84,1,1,Rent,15005,7/19/2023,Wednesday,Local,0,0,1,Phone,1,7,Medium,9720.275021,white,23358.14278,5439.890754,2000,1155.97,8.337418353,3,N
503241984,48,M,1,85,86726.08,0,1,Own,85018,8/24/2023,Thursday,Local,0,1,20,Phone,0,4,Large,19335.80237,other,17745.1975,10614.64519,500,1518.54,9.516098684,5,N
503387136,65,F,1,89,93513.28,1,1,Rent,80002,11/11/2024,Monday,Parking Lot,0,1,82,Phone,1,7,Large,48503.94514,white,12008.71032,6178.417823,1000,1622.67,9.028614405,4,N
503470080,37,M,1,48,80897.6,1,0,Rent,50041,8/6/2024,Tuesday,Highway,0,0,76,Phone,1,2,Large,43942.97408,blue,23474.11858,4507.065769,500,1055.6,9.270358302,4,N
503490816,42,F,1,75,83681.92,1,0,Own,85001,10/5/2023,Thursday,Parking Lot,0,0,3,Phone,1,2,Large,10217.83279,gray,38843.67334,9390.671475,1000,999.43,7.213638203,5,N
505170432,57,F,1,90,90581.12,0,1,Rent,20149,10/18/2024,Friday,Local,0,0,100,Phone,1,4,Compact,25233.4803,blue,28817.7352,5061.248799,500,1354.2,8.464689358,6,N
505730304,60,M,1,65,91705.6,0,1,Own,20151,2/26/2024,Monday,Local,0,1,31,Phone,0,4,Medium,11193.64107,red,41847.23069,5559.497271,500,1354.2,8.72404477,7,Y
506248704,47,M,1,70,86240.0,0,1,Own,15035,8/21/2024,Wednesday,Local,1,0,97,Phone,1,6,Large,20638.20497,gray,30131.81204,2086.559187,1000,1726.91,8.387210892,3,N
506310912,41,M,1,85,83198.08,1,0,Own,15046,2/1/2023,Wednesday,Parking Lot,0,0,17,Phone,1,9,Large,36324.69277,white,29444.69836,6531.185896,500,1232.57,10.44113459,2,N
506891520,51,M,0,62,32904.0,1,1,Own,20146,10/6/2023,Friday,Parking Lot,0,0,99,Phone,1,6,Medium,23368.45848,red,11431.21653,2007.174208,500,1232.57,6.917930488,5,N
507161088,59,M,1,64,35259.2,1,1,Rent,20108,5/5/2024,Sunday,Parking Lot,1,0,47,Phone,0,9,Compact,31656.28761,white,31673.21237,5650.722476,2000,1239.06,8.408958218,6,N
507472128,38,M,1,54,38204.8,0,1,Own,85078,8/20/2024,Tuesday,Parking Lot,0,0,23,Phone,1,9,Compact,32520.05847,other,33876.52376,3668.139867,500,1354.2,8.953512417,2,N
507513600,55,F,1,94,34110.4,1,0,Rent,80103,4/12/2023,Wednesday,Highway,0,0,6,Phone,1,3,Compact,8572.16047,other,40191.59655,2632.980762,500,1055.6,8.744483917,5,N
507534336,35,F,1,74,36899.2,0,0,Own,20134,3/28/2023,Tuesday,Local,0,1,99,Phone,1,4,Large,28658.03499,silver,31227.40016,11405.97888,1000,999.43,8.945536851,5,N
508197888,45,F,1,78,40880.0,1,1,Own,15003,2/5/2024,Monday,Local,0,0,22,Phone,0,4,Medium,42768.28811,black,40051.11458,2235.691687,1000,1726.91,7.6980225,3,N
508280832,59,F,1,90,44228.8,1,1,Own,50008,11/13/2024,Wednesday,Parking Lot,2,0,51,Phone,1,2,Compact,50935.55319,blue,11209.60782,2163.727668,500,1078.65,8.84792237,3,N
508363776,32,M,0,74,44359.68,1,1,Own,85029,7/22/2024,Monday,Local,0,1,42,Phone,1,8,Medium,24338.75479,silver,18845.58523,3183.182214,1000,1324.78,11.21295875,1,N
508405248,44,M,1,69,48433.92,0,0,Own,85027,3/24/2024,Sunday,Parking Lot,2,0,51,Phone,1,4,Medium,35988.31766,gray,29629.09663,7617.842035,500,1518.54,10.0638714,5,N
508799232,33,M,0,90,44759.04,1,1,Own,20102,8/14/2024,Wednesday,Local,0,1,4,Phone,1,3,Compact,14760.4854,blue,13198.72184,2100.73937,500,1354.2,9.948075558,8,N
508965120,37,F,1,27,46210.56,1,1,Own,80033,3/27/2023,Monday,Parking Lot,0,0,69,Phone,0,7,Medium,49592.8871,white,12430.96224,2173.950581,1000,999.43,7.633100751,4,N
509649408,39,F,1,47,46888.96,0,0,Own,50025,9/26/2024,Thursday,Local,0,0,94,Phone,1,7,Large,28985.7968,gray,9993.096889,3834.163034,1000,1324.78,9.107966418,4,N
512531712,43,F,0,86,48116.48,1,1,Rent,50020,9/25/2023,Monday,Parking Lot,2,0,7,Phone,1,2,Medium,40665.73097,other,58074.26288,3264.536308,1000,1324.78,9.501526751,4,N
512635392,25,M,1,86,41203.2,1,0,Rent,80015,1/25/2023,Wednesday,Local,0,1,13,Phone,0,2,Compact,31001.59619,gray,50049.64413,5717.168481,2000,1246.68,8.766780229,5,N
513216000,24,M,1,76,40692.48,1,0,Rent,80005,2/1/2024,Thursday,Parking Lot,0,0,34,Phone,0,3,Compact,38382.11867,black,21325.70039,6215.039365,500,1518.54,9.073987227,3,N
514107648,40,F,0,84,47205.12,0,1,Own,80033,7/3/2024,Wednesday,Local,1,1,79,Phone,0,7,Medium,36527.54393,blue,25278.45788,5473.511199,500,1055.6,9.70666916,3,N
514149120,35,F,1,84,45519.36,1,1,Own,50034,7/29/2023,Saturday,Local,1,0,98,Phone,0,3,Compact,17994.00077,gray,34528.42307,2152.114513,1000,999.43,9.145568421,4,N
514211328,40,F,1,63,47225.6,0,0,Own,80014,12/3/2024,Tuesday,Local,0,0,34,Phone,0,6,Medium,46894.57512,white,11177.4232,4781.712758,1000,1726.91,9.456152763,3,N
516450816,22,F,0,43,49446.4,1,1,Rent,15009,10/13/2024,Sunday,Parking Lot,0,0,11,Phone,0,7,Medium,37133.63487,other,7679.982416,4041.615358,1000,1622.67,7.506555691,2,Y
516907008,51,F,1,77,82908.8,0,0,Own,85069,5/4/2023,Thursday,Parking Lot,0,0,31,Phone,0,8,Compact,12559.77212,gray,55051.8263,2697.501929,500,1078.65,8.508890006,3,N
517342464,51,F,0,60,82908.8,0,1,Own,15042,10/12/2023,Thursday,Parking Lot,0,0,0,Phone,0,3,Compact,15486.56873,blue,14628.22291,3885.66223,1000,1726.91,9.049463093,3,N
518234112,49,F,1,76,49812.48,0,1,Rent,15009,6/23/2024,Sunday,Local,0,0,71,Phone,0,8,Medium,20941.38306,other,22559.2618,5084.602402,500,1082.36,8.608782092,7,N
518586624,40,F,1,90,47189.76,1,1,Own,85025,4/20/2024,Saturday,Parking Lot,0,0,59,Phone,0,2,Large,33771.9516,white,15597.34052,6351.188304,1000,1726.91,8.224218955,6,N
518711040,45,M,1,57,48716.8,1,0,Own,20142,11/13/2024,Wednesday,Parking Lot,1,0,29,Phone,0,9,Medium,29492.36919,white,22352.43832,5400.143301,2000,1239.06,9.536696589,2,N
518939136,46,F,1,84,49002.24,1,0,Rent,15057,7/2/2024,Tuesday,Local,0,0,1,Phone,0,6,Medium,25702.94459,other,28710.62534,3075.174568,1000,999.43,8.191153093,11,N
529825536,51,M,1,57,82908.8,1,0,Rent,20160,1/13/2024,Saturday,Local,0,1,83,Phone,1,5,Medium,27816.58412,gray,11796.84938,3240.262609,500,1518.54,8.853922877,7,N
545688576,22,M,1,90,49435.2,1,0,Rent,50006,10/20/2023,Friday,Parking Lot,3,0,58,Phone,1,4,Compact,7586.995962,silver,32163.74846,5575.182297,500,1518.54,9.685836524,7,Y
551826432,21,M,1,81,48721.6,1,1,Rent,80041,5/12/2023,Friday,Highway,0,0,0,Phone,0,2,Medium,11388.2009,other,10312.45165,7171.972926,1000,1324.78,8.063356034,8,Y
555517440,21,M,1,90,48716.8,0,1,Rent,15035,10/25/2023,Wednesday,Highway,1,0,16,Phone,1,6,Medium,18774.0886,black,23197.46817,6157.910141,500,1082.36,8.737246577,1,N
560141568,52,M,1,79,82908.8,0,0,Rent,85009,7/8/2023,Saturday,Local,0,0,80,Phone,0,4,Compact,25442.8532,silver,12782.21706,4379.750275,1000,1726.91,9.374660142,1,N
567793152,22,M,1,86,49428.8,1,0,Rent,50033,7/20/2024,Saturday,Local,2,0,48,Phone,0,9,Compact,17425.59723,red,38244.85504,4209.017581,1000,1324.78,6.981526961,4,N
578409984,20,M,1,72,47899.2,1,0,Rent,50012,10/19/2024,Saturday,Local,0,0,59,Phone,1,5,Compact,6883.321329,white,37673.20396,3730.651465,1000,1622.67,7.153802181,3,Y
580048128,51,M,0,62,82908.8,0,1,Own,85038,3/23/2024,Saturday,Parking Lot,0,1,83,Phone,1,4,Compact,25564.6958,white,12333.0445,5831.905135,500,1354.2,9.436501367,3,N
582266880,51,F,0,57,82908.8,1,0,Own,15012,9/20/2023,Wednesday,Parking Lot,1,1,0,Phone,1,2,Compact,38369.46678,white,19640.50286,1460.457078,500,1078.65,9.636881955,4,N
586434816,45,M,0,23,10878.4,0,1,Own,85025,5/18/2024,Saturday,Highway,0,0,12,Phone,1,3,Large,12768.97648,other,11272.15557,12351.69561,1000,1726.91,8.776232088,6,Y
586745856,34,F,1,90,156422.4,1,0,Rent,80012,4/17/2024,Wednesday,Local,0,0,41,Phone,1,6,Large,26924.52412,black,4820.264543,6819.303101,1000,1622.67,9.549195702,3,N
586766592,30,F,1,70,94428.8,1,1,Rent,20165,11/25/2023,Saturday,Parking Lot,2,1,58,Phone,1,5,Large,4860.994001,gray,13369.98501,4604.730439,500,1082.36,9.367128739,3,N
586849536,50,F,1,71,162580.8,1,0,Rent,80031,8/8/2024,Thursday,Local,0,0,1,Phone,0,5,Large,43992.08188,red,17093.89653,5532.5204,1000,999.43,8.541095798,2,N
586953216,29,F,0,70,153875.2,1,0,Rent,50013,4/24/2024,Wednesday,Local,0,0,2,Phone,1,4,Compact,21974.17582,black,12579.41039,4747.524005,500,1232.57,8.527231739,2,N
589275648,50,F,1,86,90190.4,0,0,Own,85073,10/10/2024,Thursday,Local,0,0,65,Phone,1,6,Compact,10786.30699,red,15492.08601,4467.773106,500,1354.2,8.843526981,2,N
589711104,51,F,0,78,82908.8,0,0,Rent,85021,3/30/2023,Thursday,Local,0,1,99,Phone,1,2,Compact,23000.94128,other,12050.16279,6640.809305,1000,1324.78,9.775466976,2,N
590022144,67,F,1,19,90190.4,1,1,Own,20155,6/21/2023,Wednesday,Local,0,0,92,Phone,0,6,Medium,27502.82029,gray,13388.03873,5398.540546,1000,999.43,9.600560508,5,N
590042880,32,M,1,78,99801.6,0,1,Own,15012,4/5/2024,Friday,Parking Lot,1,0,7,Phone,1,6,Large,16993.65829,red,26248.71085,4757.16102,2000,1155.97,9.780479169,6,N
590457600,46,F,1,82,29014.4,0,1,Rent,80044,12/1/2024,Sunday,Local,0,0,19,Phone,1,10,Large,26471.46403,white,19703.18725,4955.209352,2000,1239.06,9.547976892,3,Y
590602752,35,F,0,66,90190.4,1,1,Own,20135,5/24/2024,Friday,Highway,0,0,8,Phone,0,3,Medium,10346.23954,red,33267.22543,3239.744834,2000,1246.68,7.45443127,5,N
590623488,51,M,1,80,99801.6,0,1,Rent,50002,8/23/2024,Friday,Highway,1,0,57,Phone,0,6,Large,30831.82395,red,29552.91647,5417.85265,1000,1622.67,7.862299939,1,Y
592448256,51,M,1,69,82908.8,1,0,Own,80102,7/26/2024,Friday,Parking Lot,0,0,26,Phone,1,6,Medium,31832.9291,black,20829.24831,4549.737788,2000,1155.97,8.172085227,5,N
592593408,59,M,1,81,99801.6,1,0,Own,15018,9/10/2023,Sunday,Highway,0,0,13,Phone,1,4,Medium,27445.26347,white,20001.82762,7498.061905,1000,1324.78,10.84161931,4,N
593879040,46,F,1,86,29014.4,1,1,Own,15012,9/12/2023,Tuesday,Local,0,0,66,Phone,1,7,Large,19047.9737,other,48424.56663,7448.796375,1000,999.43,7.862958628,0,Y
593982720,34,M,1,77,90190.4,1,0,Own,50006,2/13/2024,Tuesday,Local,0,0,91,Phone,0,6,Large,24129.597,gray,27677.39876,5846.782293,2000,1155.97,6.229424638,2,N
595579392,58,F,1,87,29014.4,1,0,Own,80021,12/26/2024,Thursday,Local,0,1,23,Phone,1,4,Large,6362.50024,black,12925.28664,5566.0324,2000,1246.68,8.01833883,2,Y
595745280,44,F,1,61,29014.4,0,1,Rent,50047,10/7/2023,Saturday,Highway,0,0,44,Phone,0,1,Medium,16330.98904,gray,20688.72455,6773.987767,500,1055.6,7.793384035,1,Y
597860352,37,M,1,31,29014.4,1,0,Own,50047,8/4/2024,Sunday,Local,1,0,26,Phone,0,4,Large,35031.32778,red,32760.66537,5052.984386,1000,999.43,9.530549787,5,Y
598544640,41,F,1,58,29014.4,1,1,Own,85076,10/8/2024,Tuesday,Highway,0,1,77,Phone,1,2,Medium,33864.21758,gray,17345.85781,3620.454479,1000,1622.67,9.106832402,2,Y
598669056,51,F,1,81,82908.8,1,0,Own,50039,2/26/2023,Sunday,Local,1,0,90,Phone,0,5,Compact,27205.20869,silver,21411.79046,4340.173974,500,1055.6,9.428467385,4,N
598917888,56,F,1,84,29014.4,0,1,Rent,15012,1/28/2023,Saturday,Parking Lot,0,0,96,Phone,0,6,Medium,15409.35935,silver,9418.536775,5236.559852,500,1078.65,8.441609483,2,Y
599332608,51,M,0,54,82908.8,1,0,Rent,15055,9/3/2024,Tuesday,Local,1,0,4,Phone,0,2,Compact,11457.52718,red,17033.68262,2155.033193,2000,1155.97,9.69629091,3,N
605138688,59,F,1,80,25248.0,0,1,Rent,80017,9/1/2024,Sunday,Highway,2,1,98,Phone,1,10,Compact,24726.45472,black,20272.70225,4125.739679,1000,1726.91,9.303854747,1,Y
607627008,54,F,0,35,85512.0,0,1,Own,50012,5/13/2024,Monday,Local,3,1,16,Phone,1,4,Medium,27309.12372,blue,17980.70759,4805.807255,1000,999.43,8.152307707,2,N
607792896,27,F,1,78,85512.0,1,1,Rent,15034,12/9/2023,Saturday,Parking Lot,1,0,93,Phone,0,8,Large,52375.52557,other,26979.42996,3897.255957,1000,1324.78,7.637500663,6,N
608435712,47,M,0,81,81585.6,0,0,Own,15057,8/1/2024,Thursday,Local,1,0,92,Phone,0,5,Compact,43457.05744,blue,14835.96955,6094.453639,500,1078.65,8.536299421,5,N
609306624,32,F,1,92,25470.4,0,1,Own,15007,2/8/2024,Thursday,Parking Lot,1,0,99,Phone,0,6,Compact,32054.32359,gray,20160.62883,4940.497917,500,1078.65,8.996794899,4,Y
609348096,35,F,1,75,93310.4,0,0,Own,80106,1/24/2023,Tuesday,Local,0,0,3,Phone,1,7,Compact,51142.10911,black,10432.19791,7277.378985,1000,1324.78,9.516113669,4,N
610011648,45,M,0,68,94942.4,1,0,Own,20134,9/29/2023,Friday,Local,0,0,2,Phone,0,8,Large,35322.47979,other,14041.65061,5982.598195,1000,1324.78,8.713914984,4,N
613184256,70,F,1,16,94942.4,1,0,Own,15022,2/25/2023,Saturday,Local,0,1,1,Phone,0,11,Large,29204.73657,red,25189.1546,5401.004281,1000,1726.91,8.830409146,4,N
613287936,41,F,0,91,94942.4,1,1,Rent,15021,6/28/2023,Wednesday,Highway,0,0,74,Phone,0,7,Compact,54051.31666,red,20187.70872,4827.079376,500,1078.65,8.46076989,2,N
614801664,49,F,1,72,112249.6,1,1,Own,20159,11/24/2024,Sunday,Local,2,0,23,Phone,0,9,Compact,34846.13448,red,22392.353,2859.535643,500,1232.57,7.842777299,1,N
614822400,47,M,0,8,161622.4,0,1,Rent,15026,4/2/2023,Sunday,Local,2,0,30,Phone,1,3,Medium,19284.95533,gray,10359.46367,3294.794204,500,1078.65,8.637665275,7,N
618140160,26,M,1,88,88593.6,0,0,Rent,20128,9/7/2023,Thursday,Local,2,1,50,Phone,1,7,Large,35118.4653,silver,9617.925224,7282.070679,500,1354.2,9.351859406,2,N
618803712,28,M,1,65,88593.6,1,0,Rent,85069,8/27/2024,Tuesday,Local,0,0,64,Phone,1,6,Medium,19086.04788,other,27585.90279,5725.449939,2000,1246.68,9.040830853,3,N
619467264,37,F,1,79,88593.6,1,0,Rent,50012,7/26/2023,Wednesday,Parking Lot,0,0,61,Phone,0,6,Large,42168.18947,red,8169.271062,6672.484647,500,1082.36,8.324930825,0,N
619674624,43,F,1,64,23315.2,1,1,Own,80106,11/8/2023,Wednesday,Highway,0,0,1,Phone,0,6,Medium,45447.54975,white,27641.1346,3663.587206,2000,1155.97,7.915237254,6,Y
620213760,49,M,0,81,23315.2,1,0,Own,50021,4/28/2023,Friday,Local,1,0,1,Phone,1,3,Compact,17385.31719,gray,18262.47358,6358.31004,500,1354.2,10.27753413,3,Y
620358912,49,M,0,72,88593.6,0,1,Own,15035,9/26/2024,Thursday,Local,0,0,94,Phone,0,4,Medium,34812.29877,other,4673.751469,2858.767538,500,1078.65,10.47941148,4,N
621851904,39,M,1,65,88593.6,1,0,Own,15021,6/26/2023,Monday,Highway,0,0,92,Phone,0,5,Medium,29264.61267,black,9424.786935,4935.488513,1000,999.43,9.455828217,1,N
622038528,51,M,0,66,82908.8,1,1,Own,80013,3/31/2024,Sunday,Highway,1,0,98,Phone,1,7,Compact,27934.10525,other,27565.42805,5455.197221,1000,1324.78,9.5665682,6,N
953856,25,F,1,90,21520.0,1,1,Rent,50037,5/21/2024,Tuesday,Parking Lot,0,0,27,Online,1,10,Compact,24877.83571,white,7352.712281,6928.354549,2000,1131.4,3.836530928,3,Y
2218752,42,M,0,69,39825.6,1,0,Own,20138,5/14/2023,Sunday,Highway,0,0,22,Online,1,1,Medium,39995.5084,gray,14213.3989,2672.115702,500,1262.08,3.685416716,5,Y
2985984,22,F,0,19,49438.4,1,0,Rent,20148,4/17/2023,Monday,Parking Lot,0,0,16,Online,0,2,Compact,8693.258524,blue,11211.98119,7014.866649,1000,1414.74,3.998159547,4,N
5598720,27,F,0,91,22744.0,0,1,Rent,80024,10/17/2024,Thursday,Local,0,1,31,Online,1,4,Medium,18863.8582,silver,10552.74943,3263.765191,1000,1125.37,4.057348782,4,Y
5930496,22,M,1,69,149478.4,0,0,Rent,50058,2/9/2024,Friday,Parking Lot,0,0,100,Online,0,4,Medium,24786.22089,red,14257.22238,2655.355184,500,1222.75,4.00376738,8,N
6075648,40,M,0,68,99046.4,0,1,Rent,85009,5/29/2024,Wednesday,Local,0,1,34,Online,1,3,Medium,6824.778815,gray,27635.95547,5920.179999,2000,1374.22,3.830286178,5,N
6718464,23,F,1,85,150179.2,1,0,Own,50039,3/25/2023,Saturday,Local,0,0,72,Online,0,3,Large,19730.66413,red,54359.72261,5030.649249,500,1040.75,4.184982125,7,N
7485696,28,F,0,47,33323.0,1,1,Rent,80028,12/19/2023,Tuesday,Parking Lot,0,0,62,Online,0,4,Compact,26144.80726,white,23265.25716,7798.074132,2000,1238.62,4.689987516,2,Y
7796736,20,F,1,84,47937.6,0,0,Rent,85068,1/12/2024,Friday,Highway,1,0,23,Online,1,4,Compact,4156.386037,gray,25034.10627,6490.132347,1000,1046.71,4.040614689,5,N
7858944,66,M,1,54,37012.8,1,1,Rent,50009,1/2/2023,Monday,Highway,0,0,95,Online,0,5,Medium,31278.85513,black,15775.43402,3907.62004,1000,1053.04,4.719546287,3,Y
8024832,28,F,0,90,93347.2,1,1,Rent,20143,12/5/2023,Tuesday,Local,1,0,49,Online,1,4,Large,18898.80802,other,15048.62737,3648.159041,2000,1402.75,3.152267294,3,N
8522496,23,M,1,11,40160.0,1,0,Rent,20105,1/10/2024,Wednesday,Parking Lot,0,0,87,Online,1,2,Compact,9898.155732,gray,46334.60254,8220.928126,2000,1587.96,3.356963204,10,Y
8626176,46,F,0,98,41251.2,1,0,Rent,15022,8/9/2024,Friday,Highway,1,1,7,Online,1,5,Medium,16050.36773,black,17457.63154,7978.929465,2000,1079.92,3.339446516,7,Y
8771328,25,M,1,43,93347.2,1,0,Rent,20124,11/7/2023,Tuesday,Local,0,0,66,Online,1,4,Large,14034.02655,blue,13846.02033,3822.847919,1000,1447.78,3.547371642,3,N
8978688,46,F,1,90,95934.4,0,1,Rent,80045,7/21/2024,Sunday,Highway,1,0,15,Online,1,7,Compact,27539.15481,white,19911.83708,7010.185811,2000,897.89,4.401770003,4,N
9704448,27,M,1,93,32737.6,1,1,Rent,80024,9/23/2023,Saturday,Local,1,0,5,Online,1,9,Compact,11338.183,gray,51982.63267,6181.316526,500,920.3,4.146491518,2,Y
9766656,40,F,1,91,82292.8,1,0,Own,20129,3/18/2024,Monday,Parking Lot,0,0,10,Online,1,4,Large,25433.98577,blue,8986.668138,4422.161248,2000,1440.68,4.141411823,8,N
11923200,41,M,1,79,80561.6,1,1,Own,50022,4/22/2024,Monday,Highway,0,0,95,Online,1,8,Medium,21579.98676,other,7533.248409,5055.235714,500,1072.62,3.63440181,1,N
12960000,28,F,0,82,23305.6,1,0,Rent,20148,5/20/2023,Saturday,Local,1,1,50,Online,1,4,Medium,14639.42561,black,21869.02522,4400.013027,500,1264.77,3.86461676,1,Y
13333248,21,M,1,83,28705.6,1,0,Rent,80023,9/17/2023,Sunday,Highway,3,1,99,Online,1,6,Compact,69880.04761,other,25661.89816,7479.427063,2000,1443.32,4.340856596,1,Y
15863040,27,F,0,60,12745.6,1,1,Rent,15010,6/8/2024,Saturday,Parking Lot,0,0,99,Online,0,3,Large,11626.16304,black,26591.96771,2220.843674,2000,1312.75,3.856759438,5,Y
16008192,27,F,1,92,160162.0,1,0,Own,80034,1/12/2023,Thursday,Local,2,*,10,Online,1,8,Medium,14219.62935,red,13747.13776,4400.854013,1000,1338.55,3.997722079,5,N
16070400,64,M,1,82,150181.0,1,1,Own,80027,2/20/2023,Monday,Parking Lot,0,0,10,Online,0,3,Medium,32718.8223,white,10428.5452,5410.99124,1000,1286.44,3.953897844,4,N
16402176,21,F,0,61,160162.0,0,1,Rent,50005,11/26/2024,Tuesday,Local,0,0,88,Online,0,0,Large,38502.34944,other,21903.86472,6133.273822,2000,1616.58,3.131778857,5,N
16485120,30,M,0,69,95941.0,1,1,Rent,15060,12/30/2024,Monday,Local,5,0,51,Online,1,7,Compact,13629.86183,black,43335.66899,7031.392203,500,1611.83,3.429574969,2,N
16754688,29,M,1,46,95941.0,1,1,Rent,50001,9/23/2024,Monday,Local,0,1,81,Online,1,2,Large,45281.11461,white,9181.551624,6337.767497,1000,1724.09,3.198880577,3,N
17978112,25,M,1,75,81508.8,1,1,Rent,50025,12/4/2024,Wednesday,Parking Lot,2,0,58,Online,1,5,Compact,14152.23661,silver,10568.31696,8097.550961,2000,1437.33,4.328829969,2,N
18123264,26,M,1,26,42118.4,1,0,Rent,50022,7/29/2023,Saturday,Highway,1,0,18,Online,0,7,Medium,27415.66765,white,39539.55653,3802.507998,1000,1384.64,4.151126506,11,Y
19160064,28,M,1,85,23320.0,0,0,Rent,50021,12/3/2023,Sunday,Highway,0,0,77,Online,1,2,Compact,30812.37716,black,21894.98128,6312.365195,1000,1185.78,3.906315764,3,Y
20570112,65,M,1,83,166801.6,1,1,Own,20158,10/6/2023,Friday,Highway,0,0,0,Online,0,6,Compact,12746.56806,black,24532.84925,4775.821396,1000,1464.73,3.911680011,3,N
21026304,28,F,0,80,153326.4,0,0,Rent,50047,5/13/2024,Monday,Local,1,1,92,Online,1,3,Compact,24026.23677,other,13797.9499,1490.594108,1000,969.88,4.669171473,5,N
21399552,57,F,1,89,18176.0,1,0,Own,50056,6/9/2024,Sunday,Parking Lot,0,0,21,Online,0,4,Compact,14435.82993,silver,24961.38404,4188.938344,1000,1269.64,3.894928317,5,Y
22063104,28,M,0,90,93315.2,1,1,Rent,50021,3/5/2023,Sunday,Local,1,1,38,Online,1,4,Medium,29450.33573,silver,33790.38164,3365.521804,2000,1628.0,4.123974225,3,N
22146048,34,F,0,69,96430.4,1,0,Own,85039,4/8/2023,Saturday,Local,0,0,69,Online,0,7,Large,27205.23053,black,23513.6816,4001.519638,1000,1134.68,3.741466406,6,N
22457088,26,F,1,81,80833.6,1,1,Rent,85026,9/11/2023,Monday,Highway,1,0,85,Online,1,10,Large,40077.79361,other,35584.8851,4843.218938,1000,1338.4,4.568241113,3,N
23742720,28,F,1,74,93328.0,0,1,Own,80036,9/21/2024,Saturday,Highway,0,0,81,Online,0,5,Large,15304.83238,other,28153.40428,4620.739319,500,1793.16,4.418434102,3,N
24281856,24,M,1,77,150872.0,1,1,Own,15022,9/12/2023,Tuesday,Parking Lot,0,0,1,Online,0,2,Medium,23971.09212,gray,32179.69439,9269.244284,2000,714.03,3.54787491,3,N
24385536,21,F,1,58,48708.8,0,0,Rent,80033,10/2/2024,Wednesday,Local,2,1,7,Online,1,6,Compact,15534.94686,silver,21355.4545,3686.582427,1000,1601.47,3.992629155,2,N
25318656,28,M,1,84,80833.6,1,0,Rent,20106,3/29/2023,Wednesday,Parking Lot,0,0,7,Online,0,3,Medium,15434.52669,white,24927.15364,4132.665797,1000,1390.29,4.887841801,4,N
25857792,29,F,1,61,18176.0,0,1,Own,80035,11/6/2023,Monday,Parking Lot,0,0,94,Online,0,5,Large,13490.26887,other,42274.48653,8285.584681,500,1304.35,3.357349722,3,Y
27806976,58,M,1,77,18176.0,0,1,Rent,20163,3/11/2024,Monday,Local,1,0,47,Online,0,2,Large,18885.2156,silver,23473.01889,1390.911953,2000,1586.41,4.046168916,5,Y
28014336,33,F,1,83,80833.6,1,0,Rent,50054,5/13/2024,Monday,Local,0,1,14,Online,1,6,Compact,17928.54387,gray,34282.45065,3870.395932,2000,1170.53,2.868234037,8,N
28304640,29,F,1,89,80833.6,0,1,Rent,85036,5/2/2024,Thursday,Parking Lot,0,1,98,Online,1,5,Compact,3265.844456,blue,33829.76039,2380.619758,500,1275.62,3.972142908,5,N
29279232,25,M,1,47,99016.0,0,1,Rent,85044,12/6/2023,Wednesday,Highway,0,0,55,Online,0,4,Large,33116.3357,black,32671.91558,3366.692548,500,1256.2,3.593772394,2,N
29590272,40,M,1,55,21312.8,1,0,Rent,15009,10/12/2023,Thursday,Parking Lot,0,0,97,Online,1,9,Compact,17391.12036,white,17647.46793,5898.54034,2000,945.73,4.014529684,4,Y
31684608,23,M,0,79,99016.0,1,1,Rent,50010,7/20/2023,Thursday,Local,0,0,12,Online,0,5,Large,17242.98576,black,7521.660211,4317.561981,500,1106.77,2.902314955,3,N
32285952,27,M,1,49,142587.2,0,1,Rent,20155,4/11/2024,Thursday,Local,3,1,25,Online,1,6,Large,33127.70225,silver,30043.15328,5614.049946,2000,1546.01,3.615124842,2,N
32431104,25,F,1,19,87347.2,1,0,Own,50008,10/28/2023,Saturday,Local,0,1,91,Online,1,*,Compact,37997.86033,blue,33780.55583,4741.856513,500,1039.55,3.965850861,2,N
32825088,40,F,0,85,142587.2,1,1,Rent,20103,1/31/2023,Tuesday,Highway,0,0,98,Online,1,6,Medium,23423.57,white,71185.06214,4478.602913,2000,987.42,4.46498411,3,N
33924096,28,M,1,68,92268.8,1,1,Own,80011,8/29/2024,Thursday,Local,1,1,73,Online,0,7,Compact,14949.36317,white,10252.01494,3355.23073,1000,1439.9,3.647227956,3,N
34483968,27,F,1,64,92268.8,1,1,Rent,85074,2/8/2023,Wednesday,Parking Lot,1,0,32,Online,0,10,Medium,15148.20407,silver,19131.02022,5882.822578,2000,1148.58,3.614300173,5,N
35645184,51,M,1,90,142587.2,0,0,Rent,20122,11/2/2024,Saturday,Parking Lot,1,0,6,Online,1,2,Compact,24452.78271,other,32793.12237,6244.583534,2000,1422.95,4.852347214,3,N
36225792,20,F,1,84,92268.8,1,1,Rent,85046,7/24/2024,Wednesday,Local,1,1,50,Online,1,1,Compact,22919.2174,gray,22480.63689,4947.859547,500,1220.86,3.770338462,2,N
36453888,28,F,1,86,33315.2,1,0,Rent,50010,9/7/2023,Thursday,Parking Lot,0,0,97,Online,1,5,Compact,19108.3923,gray,24861.94555,1972.571042,1000,1556.17,3.311100511,5,Y
36744192,28,F,0,84,153315.2,0,1,Rent,80026,1/24/2023,Tuesday,Local,3,0,95,Online,1,3,Medium,11024.96731,white,24331.39314,2636.76773,1000,1393.34,4.858832543,0,N
36951552,42,M,0,87,153880.0,1,0,Rent,80042,10/7/2023,Saturday,Highway,0,0,19,Online,1,7,Large,15216.33467,blue,20094.85614,3189.504301,500,1667.83,4.062478926,3,N
36993024,25,F,1,91,154940.8,0,1,Rent,80030,6/6/2023,Tuesday,Parking Lot,0,1,1,Online,0,9,Compact,25053.27433,other,9360.960445,7234.8577,1000,1497.41,3.973787743,1,N
37034496,44,F,1,84,165512.0,1,0,Rent,20102,2/2/2023,Thursday,Local,0,0,42,Online,1,5,Medium,28992.71603,black,28956.67245,7091.309409,500,803.36,4.109177153,3,N
37075968,22,F,1,93,49452.8,1,1,Rent,15020,7/11/2024,Thursday,Local,0,0,40,Online,1,7,Large,6229.79134,gray,7275.687393,5059.577989,500,1865.83,4.399978692,11,N
37843200,21,F,1,61,48692.8,1,0,Own,20165,5/26/2023,Friday,Local,2,0,23,Online,1,5,Medium,31900.28008,silver,20708.99551,3392.550603,2000,1471.44,4.548684927,4,Y
39502080,26,M,1,94,153880.0,1,0,Rent,80022,11/9/2024,Saturday,Parking Lot,0,0,83,Online,0,2,Medium,24619.63897,gray,34662.78624,5969.081608,1000,1156.19,3.544934381,1,N
39564288,60,M,1,91,165512.0,1,1,Own,20153,6/3/2023,Saturday,Local,1,0,8,Online,1,6,Compact,22845.15068,red,40267.81279,8062.017492,500,1493.5,3.854510969,10,N
39585024,29,M,1,76,153315.2,0,0,Rent,15025,8/2/2023,Wednesday,Local,1,0,98,Online,1,8,Medium,48566.0057,other,30172.03997,6162.921013,500,1155.38,3.920215567,6,N
39771648,47,F,0,85,165512.0,1,1,Own,15009,1/7/2023,Saturday,Parking Lot,2,0,90,Online,1,4,Compact,17311.17864,red,17930.20521,7017.889985,1000,1274.63,3.724524951,4,N
40186368,26,F,1,53,42097.6,0,1,Rent,15025,6/18/2023,Sunday,Local,0,0,0,Online,0,8,Compact,36933.35797,white,25807.50653,6522.795518,500,1508.12,3.646589479,5,Y
43110144,28,M,1,78,153315.2,1,0,Rent,50054,10/9/2023,Monday,Highway,0,1,88,Online,1,7,Compact,18592.46593,other,19171.96672,2086.604305,500,1078.65,3.81872539,3,N
46821888,24,M,0,58,90862.4,1,1,Rent,15012,7/4/2023,Tuesday,Parking Lot,2,0,5,Online,1,2,Medium,46594.09145,other,9713.349457,3779.966855,500,1035.99,3.482200028,1,N
46967040,26,M,1,49,92116.8,0,1,Rent,85011,8/23/2023,Wednesday,Local,0,0,4,Online,0,5,Large,12235.83404,blue,25451.33558,691.1058646,500,911.53,4.9095934,1,N
46987776,22,M,0,89,10444.8,1,1,Rent,50056,6/14/2024,Friday,Local,1,1,75,Online,1,2,Medium,29088.5381,red,29292.74914,5013.15547,500,1319.97,5.007596311,6,N
47547648,27,M,1,64,88190.4,1,0,Rent,20106,11/12/2024,Tuesday,Parking Lot,0,0,50,Online,0,4,Medium,28291.63327,white,21971.37798,3711.487112,1000,1517.54,4.55830151,3,N
48314880,26,M,1,72,10444.8,0,0,Rent,85023,8/26/2024,Monday,Parking Lot,0,0,34,Online,1,8,Compact,47550.51563,white,11607.63079,5444.971537,2000,1177.57,4.026162271,5,N
49559040,46,F,1,88,92116.8,1,1,Rent,50020,6/21/2023,Wednesday,Local,0,0,50,Online,1,4,Compact,36454.91839,black,92161.83195,5446.133873,1000,763.67,4.740979189,5,N
50492160,27,F,0,51,10444.8,1,1,Rent,50047,2/20/2023,Monday,Local,0,0,3,Online,0,0,Medium,33666.32341,blue,18138.46019,6565.359149,1000,1004.14,3.247565279,2,N
50575104,27,M,1,96,90862.4,1,1,Rent,15037,1/9/2024,Tuesday,Highway,1,0,74,Online,1,8,Medium,33243.21547,gray,18566.51686,6481.656523,500,1429.96,4.186998536,6,N
51176448,27,M,0,77,22723.2,1,1,Rent,85060,4/27/2023,Thursday,Local,0,0,52,Online,0,3,Compact,12410.2642,silver,24381.38065,5147.469902,500,951.56,4.670654118,4,Y
53146368,24,M,0,82,20873.6,1,1,Rent,50056,1/20/2023,Friday,Local,0,0,0,Online,0,4,Large,20158.73427,white,26862.92596,3446.252998,1000,840.95,3.144163971,4,Y
53187840,32,M,1,54,90862.4,1,1,Rent,20165,3/18/2023,Saturday,Parking Lot,2,*,80,Online,1,7,Medium,22778.75707,silver,6364.707206,5013.761219,1000,1722.5,4.356431922,1,N
57583872,27,M,0,71,82908.8,1,0,Own,85011,7/22/2024,Monday,Parking Lot,1,0,6,Online,0,4,Large,22043.23024,red,12036.70375,4853.120893,1000,1280.88,3.888921416,3,N
58599936,46,F,1,81,19024.0,0,0,Rent,20128,2/19/2024,Monday,Local,2,0,50,Online,1,1,Medium,38740.37313,black,35512.06467,4437.125041,2000,1188.51,3.420114564,6,Y
59470848,19,M,0,74,47094.4,1,1,Rent,20158,3/10/2024,Sunday,Highway,0,0,85,Online,1,8,Large,17480.72046,white,17825.88813,6961.735568,2000,1356.92,4.278992901,4,N
59595264,22,M,1,48,19024.0,1,1,Rent,80021,4/29/2023,Saturday,Parking Lot,0,0,9,Online,0,2,Large,20670.64787,white,11765.07296,5030.805477,1000,1200.09,4.416369136,3,Y
59781888,28,F,0,86,82908.8,1,1,Own,85061,7/4/2024,Thursday,Parking Lot,0,1,27,Online,0,7,Medium,13101.93717,silver,16710.1582,3141.452703,1000,1361.45,3.252236596,4,N
59927040,58,F,1,66,19024.0,1,1,Own,80003,4/27/2024,Saturday,Local,0,0,9,Online,0,6,Medium,31573.23441,white,37063.60323,4847.672274,1000,1722.5,3.426815293,4,Y
60569856,29,M,1,81,19024.0,1,1,Rent,15021,12/14/2023,Thursday,Local,0,0,88,Online,0,1,Medium,5254.283134,white,16059.15555,5520.225954,1000,1436.79,3.708510466,7,Y
61648128,51,F,1,74,82908.8,1,0,Own,50022,4/10/2024,Wednesday,Highway,0,1,86,Online,0,2,Medium,14411.35839,black,29829.79748,5541.629208,500,1672.88,4.069906091,4,N
64157184,34,F,1,55,82908.8,1,1,Own,20135,5/23/2023,Tuesday,Local,2,1,22,Online,1,4,Compact,15638.32743,red,61642.87505,3560.585166,1000,988.93,3.876592795,6,N
64779264,26,M,1,70,82908.8,0,0,Rent,85010,8/1/2024,Thursday,Parking Lot,0,0,92,Online,0,5,Medium,21716.75907,gray,26101.73647,2693.621766,500,1564.43,2.960700829,3,N
64862208,28,M,0,87,19024.0,1,1,Rent,15009,9/2/2024,Monday,Local,0,0,44,Online,1,6,Compact,15943.83753,white,48897.80874,19358.50018,1000,1280.88,4.497085782,7,Y
65235456,21,M,0,39,48712.0,1,0,Rent,15012,12/2/2024,Monday,Parking Lot,1,0,9,Online,1,5,Medium,26697.15746,blue,26089.47282,4040.538732,1000,1200.09,2.947015831,3,Y
65442816,58,M,1,77,82908.8,0,1,Own,15052,10/30/2024,Wednesday,Parking Lot,0,0,64,Online,1,5,Medium,31004.83115,blue,31137.6415,3875.432539,2000,1188.51,4.078196444,5,N
65899008,26,M,0,70,82908.8,0,0,Rent,20153,8/20/2023,Sunday,Local,0,0,61,Online,1,7,Large,12802.04682,silver,15928.24673,5778.075948,500,1564.43,3.811601911,3,N
66583296,26,M,1,66,19024.0,0,0,Rent,80109,4/29/2024,Monday,Parking Lot,0,0,53,Online,1,3,Large,35328.81605,other,16051.15854,5896.389914,500,1533.71,4.602192421,6,Y
67951872,30,M,1,75,19024.0,0,1,Own,80016,10/6/2023,Friday,Local,0,0,23,Online,0,4,Large,12508.62463,blue,68517.15291,12512.12831,2000,1188.51,3.388261177,5,Y
69818112,27,M,0,54,82908.8,1,1,Rent,80011,8/26/2023,Saturday,Highway,1,0,0,Online,0,5,Large,14731.89407,red,32374.1496,4432.815252,2000,1453.61,4.501160685,4,N
70232832,50,F,1,93,92585.6,1,0,Own,20143,12/23/2024,Monday,Parking Lot,2,1,75,Online,1,2,Compact,12139.23288,white,25777.86322,6258.460657,1000,1248.05,3.340772331,0,N
70315776,22,F,0,60,92585.6,0,0,Rent,85053,7/2/2023,Sunday,Local,0,1,50,Online,1,7,Large,15590.77297,white,46178.89351,3818.661159,1000,1280.88,4.157644788,3,N
70543872,24,M,1,84,92585.6,1,0,Rent,15012,6/23/2023,Friday,Local,0,0,8,Online,0,7,Medium,20446.03947,other,14116.54381,1260.778276,1000,766.19,4.415430282,0,N
72824832,51,F,1,60,82908.8,1,1,Own,80014,7/5/2024,Friday,Local,0,0,100,Online,1,7,Medium,28012.93412,gray,17195.99202,4748.27778,1000,1235.14,4.374748298,1,N
75126528,68,M,1,78,27504.0,1,1,Own,50003,4/2/2024,Tuesday,Parking Lot,0,0,24,Online,1,4,Medium,62352.56555,other,17265.57821,3303.586517,2000,1188.51,4.385190383,3,Y
75520512,22,F,1,78,84964.8,1,0,Own,15053,2/8/2023,Wednesday,Parking Lot,0,1,0,Online,0,5,Medium,13624.55599,black,29087.32729,4801.932835,500,722.66,4.518169368,5,N
76495104,27,M,1,78,84964.8,1,1,Rent,20163,11/26/2023,Sunday,Local,2,0,84,Online,1,6,Medium,17878.81404,red,24827.07266,2750.632921,1000,988.93,3.338948657,5,N
79066368,65,M,1,83,139830.4,1,0,Own,85019,9/25/2024,Wednesday,Local,0,0,75,Online,1,4,Large,20669.76932,gray,20810.48047,2687.049201,500,1383.49,3.385926224,2,N
79564032,28,M,1,77,84964.8,1,0,Rent,20163,9/17/2024,Tuesday,Parking Lot,0,1,0,Online,0,12,Compact,9479.002882,silver,21939.23196,9234.057429,1000,840.95,4.499637914,5,N
80123904,62,M,0,76,84964.8,1,1,Own,20101,7/18/2024,Thursday,Local,3,0,32,Online,0,5,Medium,20460.21262,other,20173.96852,6305.388429,500,722.66,4.35315004,7,N
80227584,21,F,1,69,48704.0,1,1,Rent,20141,8/6/2023,Sunday,Parking Lot,1,0,48,Online,0,4,Large,6973.417088,black,18107.68883,5924.560297,1000,1436.79,4.097517524,3,N
80911872,27,F,0,80,84964.8,1,1,Rent,85031,7/7/2023,Friday,Local,0,1,94,Online,1,5,Large,9744.518678,other,32300.54673,6009.451075,1000,1722.5,3.574071837,2,N
81803520,21,M,1,26,48675.2,1,1,Rent,85001,4/25/2023,Tuesday,Parking Lot,2,0,50,Online,1,4,Large,22017.68235,silver,10728.92331,13720.08888,500,1093.83,3.912143491,4,N
83047680,29,M,0,62,84964.8,0,1,Rent,85029,9/19/2024,Thursday,Parking Lot,0,0,79,Online,1,1,Medium,27082.06305,silver,26760.53454,6536.251894,500,1533.71,5.546383859,5,N
84105216,48,M,1,84,84964.8,1,0,Rent,85077,1/26/2024,Friday,Local,1,0,71,Online,1,2,Large,20355.89196,black,46057.70945,3012.801466,1000,1436.79,3.905915401,6,N
85473792,21,F,1,79,48710.4,1,0,Rent,80020,2/28/2023,Tuesday,Local,0,*,98,Online,0,6,Compact,16629.23795,silver,20502.87132,6849.992764,500,951.56,3.520973308,5,N
85515264,22,F,1,82,49451.2,1,0,Rent,80018,11/18/2023,Saturday,Parking Lot,0,0,21,Online,1,6,Compact,39560.99399,gray,38162.35967,10338.06986,500,1533.71,3.398117532,2,N
88853760,29,M,0,75,159411.2,0,0,Rent,80022,2/12/2024,Monday,Highway,0,0,37,Online,1,5,Large,12373.99832,other,17224.9456,6616.701701,2000,1101.83,4.285682678,3,N
94742784,27,M,0,81,82908.8,1,0,Rent,50001,5/23/2024,Thursday,Local,0,0,70,Online,1,4,Medium,9231.198273,silver,20188.37073,1955.646127,500,1564.43,3.923093231,4,N
95924736,27,M,1,84,82908.8,1,0,Rent,50009,6/17/2024,Monday,Parking Lot,0,1,35,Online,1,3,Large,12817.11385,blue,9789.154214,5380.695954,500,944.03,4.496121125,3,N
96609024,19,F,0,11,87097.6,1,1,Rent,15010,11/18/2023,Saturday,Parking Lot,0,0,8,Online,1,3,Compact,27788.88858,white,16104.84292,4228.723049,500,1533.71,3.789669824,3,N
97293312,31,F,0,85,25468.8,1,1,Own,80006,1/9/2023,Monday,Highway,2,0,49,Online,1,0,Large,23917.15137,white,10285.79434,3870.77236,1000,1503.21,3.445095296,2,Y
97956864,22,M,0,69,87097.6,0,1,Own,85073,6/26/2023,Monday,Parking Lot,0,1,94,Online,1,5,Compact,18089.07367,other,13274.31522,2234.254854,2000,1356.92,4.033648519,4,N
98910720,21,M,1,86,25468.8,1,0,Rent,20120,6/28/2024,Friday,Local,1,0,50,Online,1,4,Medium,35828.03462,red,12212.46683,3951.481489,1000,1248.05,3.516651958,5,Y
99988992,55,M,1,66,87097.6,1,1,Own,50037,12/17/2023,Sunday,Highway,0,0,23,Online,1,4,Medium,61328.76926,black,43264.97729,4112.758332,1000,1503.21,3.78141515,3,N
101793024,60,F,1,78,25468.8,1,1,Rent,50046,2/7/2024,Wednesday,Local,0,0,66,Online,1,7,Medium,11509.19614,silver,8234.004785,8072.87108,500,1564.43,3.838345353,2,Y
101958912,25,M,1,71,25468.8,1,1,Rent,20120,11/24/2023,Friday,Local,0,1,1,Online,1,5,Medium,9057.349087,black,31726.29831,5603.601065,1000,1310.8,4.175422441,4,Y
105484032,21,M,1,76,48696.0,0,1,Rent,15009,5/30/2024,Thursday,Local,0,0,15,Online,1,1,Large,28376.10163,black,48029.57018,6559.832993,500,944.03,3.664504046,7,N
107225856,51,F,1,92,82908.8,1,1,Rent,15001,12/20/2024,Friday,Local,0,0,18,Online,0,4,Medium,26521.30785,other,16740.29713,2313.624011,1000,1280.88,2.984180088,3,N
109569024,22,F,0,76,49451.2,0,1,Rent,20113,2/26/2024,Monday,Local,3,0,7,Online,1,8,Compact,34032.86732,black,23153.52356,5678.713859,2000,1453.61,3.550135863,6,N
109900800,21,F,0,68,48708.8,1,0,Rent,85014,8/2/2023,Wednesday,Highway,0,0,91,Online,1,0,Large,18455.52232,gray,21430.32054,9141.32263,1000,1235.14,3.865913902,7,N
111103488,24,M,0,82,111603.2,1,0,Rent,15050,3/24/2023,Friday,Local,0,0,19,Online,1,8,Compact,27449.75057,black,4303.908933,7436.109548,500,1564.43,2.923831217,3,N
112285440,26,M,1,87,111603.2,1,1,Rent,20165,2/11/2023,Saturday,Parking Lot,0,0,89,Online,0,6,Large,22474.36734,gray,8347.373576,2124.971794,2000,1453.61,4.970060139,2,N
113591808,29,F,1,93,111603.2,1,1,Rent,80014,12/3/2024,Tuesday,Highway,0,0,1,Online,1,4,Large,28372.36552,silver,29003.03254,6952.802197,1000,1361.45,3.821300962,2,N
117884160,26,F,1,72,111603.2,1,0,Rent,50003,12/8/2023,Friday,Highway,0,0,96,Online,1,5,Large,34630.18696,red,34272.13486,837.5776957,1000,766.19,4.811427736,5,N
119045376,46,M,1,81,91244.8,1,0,Rent,15042,1/23/2024,Tuesday,Parking Lot,1,1,99,Online,1,3,Medium,19455.76181,red,15948.39262,3952.292241,1000,1235.14,3.66094479,9,Y
119377152,25,M,0,80,91539.2,1,1,Rent,80033,3/7/2024,Thursday,Parking Lot,0,0,26,Online,1,1,Compact,15603.17228,black,26338.19024,8898.196037,2000,1356.92,3.610713568,2,N
119418624,23,F,1,81,100164.8,1,0,Rent,50025,5/12/2023,Friday,Local,1,0,50,Online,1,2,Compact,19411.11694,white,18630.19485,5963.199554,1000,1060.74,4.110849717,8,N
122052096,27,M,1,51,107304.0,1,0,Rent,20120,1/18/2024,Thursday,Local,0,0,25,Online,1,7,Medium,50377.05792,red,5548.433624,1775.878798,2000,1356.92,4.401829993,4,N
123793920,21,F,0,70,107304.0,0,1,Own,15021,6/18/2024,Tuesday,Local,0,1,93,Online,1,2,Medium,12952.10481,blue,30698.54441,5437.83187,1000,1331.94,4.202836733,3,N
124789248,20,M,1,80,107304.0,1,1,Rent,20105,10/23/2024,Wednesday,Local,1,0,60,Online,1,9,Large,4388.145883,red,56128.51867,4183.912672,1000,1060.74,4.532873311,2,N
124851456,28,F,0,87,100164.8,1,0,Rent,80101,9/23/2023,Saturday,Local,0,1,13,Online,1,6,Large,32601.52494,silver,15217.15433,7029.320071,500,951.56,4.746633414,3,N
125349120,26,M,1,73,107304.0,1,0,Rent,15005,7/13/2023,Thursday,Local,0,0,50,Online,1,6,Large,11739.05541,blue,5654.390738,6944.672501,1000,1722.5,4.687753018,5,N
126987264,38,M,0,84,107304.0,1,0,Rent,50007,9/4/2024,Wednesday,Parking Lot,1,0,77,Online,1,5,Compact,23386.86165,white,17198.24935,3037.444893,1000,1248.05,4.335735317,2,N
127173888,28,M,1,92,107304.0,0,0,Rent,15032,9/23/2023,Saturday,Local,1,1,9,Online,1,2,Compact,14315.94254,red,41006.74202,4908.152033,500,722.66,3.885239005,3,N
128210688,22,M,1,93,49464.0,1,0,Rent,80018,1/30/2023,Monday,Local,0,0,96,Online,0,1,Large,22631.96818,red,9934.652513,2950.089762,2000,1453.61,5.097857668,5,Y
129911040,21,F,0,68,48712.0,1,0,Own,80025,11/14/2024,Thursday,Highway,0,0,100,Online,0,7,Compact,11577.0456,gray,25866.97145,3179.847138,1000,1347.04,3.946699643,5,N
131694336,22,M,1,71,49456.0,1,1,Rent,15025,1/10/2024,Wednesday,Highway,0,0,3,Online,0,4,Large,15889.34633,blue,19965.36503,2810.35842,1000,1060.74,4.373968303,11,Y
135634176,21,M,1,85,48705.6,1,1,Rent,80016,6/30/2023,Friday,Parking Lot,0,0,100,Online,1,8,Medium,41832.72642,blue,33653.75714,5659.793329,1000,1310.8,4.707050973,3,Y
138723840,22,F,0,88,49462.4,1,1,Rent,80038,6/18/2024,Tuesday,Parking Lot,0,0,0,Online,1,8,Medium,31494.00974,red,18024.17179,10589.95093,500,1383.49,4.327028172,6,N
142124544,20,M,1,74,47942.4,0,1,Rent,80038,3/1/2024,Friday,Local,1,0,62,Online,1,4,Medium,21930.71927,black,45211.14027,2242.691672,1000,1503.21,3.635666324,2,Y
144758016,21,F,1,78,48731.2,1,1,Rent,15012,10/21/2024,Monday,Local,1,1,79,Online,1,7,Large,35109.67745,gray,73294.59735,2681.485577,1000,1361.45,3.766994027,6,N
145836288,21,F,1,74,48731.2,1,1,Rent,15033,8/24/2023,Thursday,Highway,1,1,50,Online,1,4,Compact,31232.9162,other,23159.7397,4708.115418,1000,1436.79,4.618305184,3,N
146665728,22,M,0,76,49459.2,0,1,Rent,80106,1/28/2024,Sunday,Local,1,*,4,Online,1,4,Large,13449.98191,silver,16740.68573,1462.338027,2000,1101.83,4.09229062,5,Y
148697856,21,F,1,84,48750.4,1,0,Own,50020,2/2/2024,Friday,Local,3,0,83,Online,1,6,Large,20654.48836,black,22031.14389,4877.594183,2000,1453.61,3.646854978,7,N
151497216,22,M,1,93,49481.6,0,1,Rent,80038,5/20/2023,Saturday,Parking Lot,0,0,0,Online,1,3,Large,21052.14886,silver,14830.75604,2106.045102,2000,1101.83,3.569376422,4,N
152388864,22,F,0,90,49467.2,1,0,Own,20135,1/17/2024,Wednesday,Local,0,0,80,Online,1,5,Large,17446.40697,other,25658.18771,3056.148804,500,951.56,3.365759709,5,N
156100608,19,F,1,94,47094.4,1,1,Rent,15037,2/11/2024,Sunday,Local,0,0,99,Online,0,6,Compact,21200.51793,gray,41692.51334,3930.05684,1000,1310.8,4.389017241,6,N
157261824,20,F,1,58,47923.2,1,1,Rent,80021,3/27/2023,Monday,Local,1,0,1,Online,0,9,Medium,20041.79602,gray,9128.025057,5387.647565,500,722.66,4.314279961,3,N
162570240,21,M,1,69,48732.8,1,0,Rent,85018,1/10/2023,Tuesday,Highway,0,0,37,Online,1,6,Large,31560.02713,silver,59375.48019,5106.061037,500,951.56,3.895817036,3,Y
166053888,22,M,0,77,49459.2,1,0,Rent,15051,6/18/2023,Sunday,Parking Lot,0,0,59,Online,1,6,Compact,17619.32472,silver,25236.73313,4192.207582,1000,1503.21,4.50163325,0,N
173767680,22,M,1,79,49456.0,1,1,Rent,20139,3/24/2024,Sunday,Local,1,1,82,Online,1,7,Medium,31430.30828,black,28630.95002,2993.640863,1000,1347.04,3.361920886,3,N
178806528,26,M,0,96,-1.6,0,0,Own,50006,9/11/2024,Wednesday,Parking Lot,0,0,97,Online,1,4,Large,14487.47339,white,26846.78639,4077.993168,2000,1188.51,3.687943878,6,N
183472128,21,F,0,86,48724.8,1,0,Rent,50025,7/3/2023,Monday,Parking Lot,0,0,55,Online,0,7,Medium,37351.07039,red,32466.22179,4601.290606,500,944.03,3.516396271,2,N
184073472,51,M,1,52,82908.8,1,1,Own,20156,12/13/2023,Wednesday,Local,0,0,43,Online,1,4,Medium,13741.41849,gray,26361.73421,6482.385276,500,951.56,3.857840728,5,N
188490240,22,F,1,87,49440.0,1,1,Rent,20139,11/10/2023,Friday,Local,1,0,3,Online,1,4,Medium,29029.95602,white,36351.20195,6526.048788,2000,1188.51,3.465390693,3,Y
190771200,22,M,0,55,49448.0,1,0,Rent,80028,2/6/2024,Tuesday,Highway,1,0,90,Online,1,2,Medium,17426.85218,other,8139.534709,3537.241981,2000,1453.61,4.044299443,3,Y
192015360,20,M,0,75,47921.6,0,1,Rent,85072,3/26/2023,Sunday,Local,0,0,53,Online,0,4,Medium,6675.002512,gray,25367.59195,3136.134401,2000,1188.51,3.612824275,4,N
193529088,21,M,1,82,48704.0,1,0,Rent,15009,3/8/2023,Wednesday,Parking Lot,1,1,90,Online,0,6,Medium,16692.34397,gray,40664.75915,4879.198606,1000,1503.21,4.503797308,4,N
193570560,51,F,0,69,82908.8,0,1,Own,15006,9/1/2024,Sunday,Parking Lot,0,0,32,Online,1,10,Large,16206.18023,silver,46775.9162,3216.327342,500,944.03,3.573077314,7,N
198360576,20,M,1,81,47908.8,1,1,Own,50046,8/5/2023,Saturday,Local,1,0,50,Online,1,4,Large,12849.42166,black,21380.58719,11221.66285,500,1093.83,4.151796275,3,N
201076992,21,F,1,82,48720.0,1,0,Rent,80003,8/19/2023,Saturday,Local,1,0,51,Online,1,5,Large,21968.21033,silver,22402.8677,5470.022779,1000,1310.8,4.766263761,4,N
204498432,51,M,1,66,82908.8,1,0,Own,80019,7/1/2024,Monday,Parking Lot,2,0,3,Online,1,5,Medium,11856.30574,white,5385.282873,1631.875006,2000,1101.83,4.403150335,8,N
208500480,22,M,1,65,49476.8,1,1,Rent,85077,6/12/2023,Monday,Local,1,0,60,Online,1,1,Large,22869.37552,red,11973.22594,3869.834869,1000,766.19,3.505127105,5,N
212502528,22,F,1,70,49448.0,0,0,Rent,20103,5/9/2024,Thursday,Local,3,0,0,Online,0,3,Medium,51724.9082,silver,20846.64481,3791.879966,2000,1356.92,3.718681779,5,N
212585472,51,M,1,86,82908.8,1,0,Own,50054,3/20/2023,Monday,Local,0,0,61,Online,0,6,Medium,9043.450007,white,10453.49091,1902.289395,500,951.56,3.423649571,4,N
223181568,21,M,1,88,48696.0,0,0,Rent,50025,8/18/2023,Friday,Local,0,0,76,Online,0,3,Compact,12211.06571,other,20584.87926,6333.510091,1000,1436.79,4.681585099,4,N
233922816,22,F,1,90,49451.2,1,0,Rent,15009,4/2/2023,Sunday,Highway,1,1,41,Online,1,4,Large,31414.39707,silver,21557.61822,4588.638761,1000,1324.78,3.803522526,3,N
236846592,22,F,1,4,49432.0,1,0,Rent,80105,4/19/2024,Friday,Local,2,0,77,Online,1,6,Large,25854.59547,silver,13337.35793,10779.79917,1000,1726.91,2.954934152,7,N
249454080,20,M,0,90,47928.0,1,1,Rent,80025,12/7/2024,Saturday,Parking Lot,1,0,50,Online,1,3,Compact,9676.214537,other,12399.06539,6188.086016,1000,1726.91,3.505939814,5,N
252108288,22,F,1,89,49448.0,1,1,Rent,20139,8/21/2024,Wednesday,Local,0,0,50,Online,0,4,Large,10401.90255,black,4431.24154,2909.934898,1000,1726.91,3.532600901,5,N
255384576,22,M,1,72,49459.2,0,0,Rent,50007,1/29/2023,Sunday,Local,0,1,84,Online,1,2,Medium,4814.878446,black,19534.81667,5248.259551,2000,1246.68,2.927021381,2,N
264321792,22,F,1,84,49481.6,0,1,Rent,20105,10/4/2024,Friday,Local,2,0,50,Online,1,6,Medium,18703.27783,silver,10079.86318,1925.250192,500,1082.36,3.588072933,3,Y
266893056,22,F,0,90,49497.6,0,1,Rent,80042,7/12/2023,Wednesday,Highway,0,0,50,Online,1,6,Medium,38251.70095,blue,11341.88947,4644.001708,2000,1155.97,4.161957427,6,N
272906496,22,F,1,77,49430.4,1,1,Rent,15001,7/14/2024,Sunday,Highway,0,0,72,Online,0,1,Medium,14786.76745,silver,51251.37543,3053.206329,2000,1246.68,3.519862103,4,N
279562752,22,M,1,72,49441.6,1,1,Rent,50025,8/18/2023,Friday,Highway,0,1,100,Online,0,9,Large,29266.43513,red,30940.30041,2337.695753,1000,1622.67,3.793586045,4,N
282756096,22,M,1,79,49472.0,1,1,Rent,20152,12/14/2024,Saturday,Highway,0,0,14,Online,1,2,Medium,23169.65,white,35792.73161,5553.089346,500,1232.57,3.744502996,2,N
287110656,22,F,1,70,49435.2,0,0,Rent,50046,8/31/2024,Saturday,Local,0,0,44,Online,0,7,Large,28596.97616,gray,12821.77594,4958.844097,1000,1622.67,3.626258444,1,N
297416448,21,F,1,93,48729.6,0,1,Rent,50013,5/8/2024,Wednesday,Highway,0,0,50,Online,0,5,Compact,19641.14568,black,12396.48926,3460.762793,500,1232.57,4.281784711,6,Y
298204416,22,F,1,89,49475.2,0,0,Rent,15025,5/10/2023,Wednesday,Highway,0,0,70,Online,0,3,Compact,31636.56983,silver,23790.63265,5165.459997,500,1082.36,3.829659834,4,N
299842560,27,F,1,55,100164.8,1,0,Own,85007,7/21/2023,Friday,Local,0,1,65,Online,1,3,Medium,35017.95775,black,10876.17188,4095.269859,2000,1246.68,3.758767343,8,N
300091392,27,F,1,79,91539.2,1,1,Rent,15006,7/23/2023,Sunday,Parking Lot,0,0,99,Online,0,1,Medium,22403.02646,red,35128.80983,4726.695998,500,1055.6,4.593513507,3,N
300485376,25,M,1,58,37360.0,0,0,Rent,80020,4/5/2024,Friday,Local,0,0,51,Online,0,8,Large,33026.08177,red,59797.9727,2962.45671,500,1082.36,3.626374706,6,Y
300526848,24,F,1,76,120872.0,0,0,Rent,20103,1/23/2024,Tuesday,Parking Lot,1,0,24,Online,1,5,Medium,30654.71135,other,48995.6607,2088.580991,500,1354.2,3.545067208,2,N
300609792,29,M,1,93,120872.0,0,1,Rent,80041,7/5/2024,Friday,Parking Lot,1,0,10,Online,1,4,Medium,14781.01195,other,25768.61175,6513.569441,500,1055.6,4.574264805,3,N
301252608,53,M,1,48,120872.0,1,0,Own,85061,10/18/2024,Friday,Highway,0,0,76,Online,1,5,Medium,26087.57549,blue,12631.40442,3292.807674,2000,1239.06,3.317222826,2,N
302310144,22,F,1,78,120872.0,1,0,Rent,85061,3/26/2023,Sunday,Local,1,1,78,Online,1,7,Medium,34673.84909,red,25480.26467,2869.08467,2000,1246.68,3.906923696,3,N
303201792,27,M,1,72,120872.0,1,0,Rent,15027,2/23/2024,Friday,Highway,0,0,85,Online,0,3,Medium,26364.8007,black,24932.76018,6205.852132,500,1082.36,4.181613094,3,N
303243264,27,M,1,89,120872.0,1,0,Rent,85032,6/24/2024,Monday,Parking Lot,0,0,92,Online,0,5,Large,33452.59013,gray,12779.51705,5960.814371,500,1354.2,4.367015853,2,N
304922880,48,M,1,73,120872.0,0,1,Rent,15056,2/28/2023,Tuesday,Local,0,1,60,Online,1,8,Large,28482.06838,black,11704.38597,6337.317085,500,1354.2,3.456443707,4,N
304943616,25,M,1,94,120872.0,0,0,Rent,15045,11/30/2023,Thursday,Parking Lot,1,1,90,Online,0,1,Compact,19059.0679,black,24344.66717,4336.695527,500,1055.6,3.778786652,3,N
308054016,29,M,1,82,81241.6,1,1,Rent,20141,12/4/2023,Monday,Local,0,0,34,Online,1,3,Compact,29755.82159,other,15426.00937,3387.819597,500,1055.6,4.120875475,3,N
308136960,29,M,0,95,84936.0,1,0,Rent,85016,9/11/2023,Monday,Highway,1,0,12,Online,1,7,Compact,8537.541316,silver,9883.599385,2257.477934,1000,999.43,4.988480781,2,N
308510208,27,F,1,82,81241.6,1,0,Rent,80104,9/6/2023,Wednesday,Highway,0,0,58,Online,1,5,Large,13463.01004,white,25708.77572,3130.479693,500,1082.36,3.698406993,3,N
308800512,22,M,1,69,49467.2,1,1,Rent,20101,2/7/2024,Wednesday,Local,2,0,95,Online,1,7,Medium,25948.084,black,22671.36128,3603.89847,1000,999.43,3.962912812,5,Y
309194496,49,M,1,77,84936.0,1,0,Own,50034,3/8/2023,Wednesday,Parking Lot,0,0,13,Online,1,3,Medium,21233.33436,white,17782.20989,4745.669216,2000,1239.06,3.81671402,2,N
309712896,60,M,1,79,89412.8,1,1,Own,15025,8/13/2024,Tuesday,Local,1,1,53,Online,1,4,Large,20328.47641,red,6203.121221,4963.058272,500,1078.65,4.258757593,3,N
309754368,46,M,1,64,81241.6,1,0,Own,20117,7/19/2024,Friday,Parking Lot,0,0,96,Online,1,9,Large,16694.69477,white,28846.50631,2552.285504,1000,1324.78,4.960508791,1,N
310293504,26,M,1,91,81241.6,1,0,Rent,15046,2/12/2024,Monday,Highway,0,0,65,Online,0,5,Medium,22876.79579,red,12017.23738,5932.612045,2000,1155.97,3.935976912,1,N
311765760,25,M,0,69,89412.8,1,1,Own,80103,2/18/2023,Saturday,Highway,1,0,89,Online,1,6,Compact,8999.847953,red,27331.8564,3676.076876,2000,1155.97,4.145701655,2,N
312056064,28,F,1,87,81241.6,0,0,Rent,20105,9/13/2024,Friday,Local,0,0,81,Online,0,3,Compact,12662.16297,blue,14739.24126,6676.47576,2000,1246.68,3.098218582,2,N
312139008,39,M,1,89,84936.0,0,1,Own,85026,11/4/2024,Monday,Highway,0,0,32,Online,1,5,Compact,18686.07858,red,30391.93653,3941.479601,1000,1622.67,5.01499823,4,N
312201216,70,F,1,44,81241.6,1,1,Own,15012,7/24/2024,Wednesday,Highway,0,0,8,Online,1,3,Large,23040.46042,blue,41506.56724,6935.401968,500,1354.2,4.088144145,4,N
318028032,20,F,1,82,47963.2,1,1,Rent,20164,9/8/2024,Sunday,Parking Lot,3,0,95,Online,1,6,Compact,4132.195709,blue,41017.90043,4046.383862,500,1354.2,4.356954581,5,Y
320557824,53,M,1,89,81241.6,1,1,Own,20164,2/24/2023,Friday,Parking Lot,1,0,74,Online,1,10,Medium,3194.95782,other,29064.05302,3806.910689,2000,1155.97,4.157030063,2,N
320620032,33,M,1,80,84936.0,0,1,Own,85068,10/10/2024,Thursday,Highway,1,1,17,Online,1,6,Large,17509.89043,black,25111.75329,4993.269128,1000,1726.91,4.323105173,6,N
322154496,20,M,1,73,47918.4,1,1,Rent,15021,5/1/2024,Wednesday,Highway,3,0,66,Online,1,5,Compact,14404.82588,black,73872.86063,5352.316701,1000,1324.78,3.224129578,7,N
331382016,20,M,1,43,47934.4,1,0,Own,20148,10/6/2023,Friday,Local,1,0,20,Online,0,7,Medium,18731.82364,blue,52230.97388,1867.624803,2000,1155.97,4.488329447,5,Y
335674368,22,M,0,87,49444.8,1,0,Rent,50041,5/5/2023,Friday,Parking Lot,1,0,39,Online,0,3,Large,17152.64857,red,7147.259052,4420.352383,2000,1155.97,3.224679603,6,N
339614208,22,F,0,73,49411.2,0,1,Rent,15014,6/2/2024,Sunday,Highway,0,0,49,Online,1,1,Medium,7236.571706,red,18267.8204,6019.396947,2000,1246.68,3.950703057,4,N
342496512,57,M,1,65,90536.32,1,0,Own,80022,5/23/2024,Thursday,Local,0,0,27,Online,1,6,Large,17853.62382,black,43650.51924,3247.301096,1000,1622.67,4.104153347,3,N
346063104,43,F,1,94,84311.36,1,0,Own,15009,11/23/2023,Thursday,Parking Lot,0,0,46,Online,0,4,Compact,19224.44437,gray,18506.48939,10355.54967,500,1078.65,3.673904238,5,N
346913280,43,M,1,61,84228.48,1,1,Own,20163,3/10/2024,Sunday,Local,0,0,1,Online,1,8,Large,17343.59069,blue,30305.3986,5339.427478,1000,1726.91,3.505239381,4,N
352740096,22,M,1,64,49396.8,1,0,Rent,20151,11/2/2024,Saturday,Local,1,0,60,Online,1,7,Medium,40104.03679,red,26395.00551,2503.489979,500,1232.57,3.389563943,1,Y
355228416,38,M,1,85,81466.56,0,0,Own,20142,8/3/2024,Saturday,Local,0,1,90,Online,0,7,Medium,19711.23131,silver,23628.88879,4196.627936,1000,999.43,4.095262548,5,N
356783616,44,M,0,67,84788.48,0,0,Rent,50021,1/18/2023,Wednesday,Local,0,0,48,Online,1,2,Compact,27629.45446,silver,32996.89275,4085.197708,500,1232.57,4.391612071,5,N
359707392,22,F,1,78,29238.4,1,0,Own,15009,5/31/2023,Wednesday,Local,0,0,70,Online,1,5,Large,21908.97733,white,9858.233039,5135.95223,1000,1726.91,4.421080616,5,Y
359728128,45,M,1,87,85263.36,1,1,Own,50021,9/26/2024,Thursday,Local,1,1,96,Online,0,6,Medium,22398.72755,black,41101.92346,6707.626324,500,1232.57,4.796356516,4,N
360453888,73,F,1,75,26127.36,1,1,Own,20129,6/9/2023,Friday,Local,3,0,51,Online,1,4,Compact,36524.84633,black,30102.8335,2316.096759,500,1078.65,4.732554506,5,Y
362568960,21,F,1,47,48713.6,1,0,Rent,80108,6/11/2024,Tuesday,Local,0,0,1,Online,0,6,Large,16908.22859,other,29943.1465,2883.530233,2000,1246.68,3.096551266,5,N
363564288,22,F,1,93,49470.4,1,1,Rent,15021,4/12/2024,Friday,Local,1,1,78,Online,0,5,Large,46990.16338,other,27956.62782,7765.783999,1000,1622.67,3.831437866,4,N
365326848,21,M,1,51,48726.4,0,1,Rent,85002,8/23/2024,Friday,Local,2,0,72,Online,1,5,Large,19888.49525,other,15760.63841,6936.286845,500,1232.57,3.566748134,1,N
369722880,21,F,1,81,48731.2,0,1,Rent,50012,4/7/2023,Friday,Highway,0,1,13,Online,1,3,Compact,12930.70249,white,17951.1918,1578.012894,1000,1726.91,4.302196968,1,N
371568384,43,F,0,17,20179.2,1,0,Own,20120,5/12/2024,Sunday,Parking Lot,2,0,2,Online,1,14,Compact,13525.12813,black,18581.50442,4158.156201,2000,1155.97,4.232765144,3,Y
373559040,41,M,1,90,99404.8,0,1,Own,50039,2/23/2024,Friday,Local,0,0,90,Online,0,5,Medium,13554.50412,blue,7576.762589,11041.66629,2000,1246.68,4.852272028,0,N
373849344,22,M,1,85,49435.2,1,0,Rent,50051,1/11/2023,Wednesday,Parking Lot,0,0,8,Online,0,2,Large,30396.80659,silver,16498.77915,3281.267305,500,1232.57,4.199972882,4,N
374347008,22,F,1,70,49462.4,1,1,Rent,20106,9/30/2024,Monday,Local,0,1,76,Online,1,5,Medium,14399.71665,silver,17263.78094,4635.840288,1000,999.43,4.587343244,4,Y
374782464,62,M,0,75,90923.2,0,0,Own,15021,12/13/2023,Wednesday,Local,0,0,22,Online,1,7,Large,13321.15046,white,14670.61406,3638.629046,2000,1239.06,2.932693898,4,N
375694848,23,M,1,86,150153.6,1,0,Rent,80022,12/4/2024,Wednesday,Highway,2,0,50,Online,1,7,Large,9121.560948,white,41569.51837,1418.279257,2000,1239.06,4.279426093,2,N
380505600,39,M,1,88,99404.8,1,0,Own,15003,7/6/2023,Thursday,Parking Lot,1,0,21,Online,1,9,Compact,11656.09693,other,26632.97924,5245.65784,1000,999.43,3.809190991,8,N
382205952,28,F,1,83,94699.2,1,0,Rent,20137,3/29/2024,Friday,Parking Lot,0,1,12,Online,0,7,Medium,20863.45769,red,43062.4577,6824.62169,2000,1239.06,3.607081769,3,N
382288896,25,M,0,60,90923.2,1,0,Own,20102,5/22/2023,Monday,Local,3,0,96,Online,1,8,Medium,42241.96333,red,34222.30528,3092.334632,2000,1246.68,4.223093788,5,N
382724352,25,F,0,54,91478.4,1,0,Rent,20137,6/28/2023,Wednesday,Highway,0,1,84,Online,1,4,Large,11929.79168,other,26209.22658,3926.28641,500,1078.65,4.565570413,2,N
382910976,42,M,0,69,159803.2,1,1,Own,15014,10/27/2024,Sunday,Highway,0,0,4,Online,0,5,Compact,13549.98706,black,22678.77275,8235.532995,2000,1239.06,3.274668166,6,N
384155136,20,M,1,65,47934.4,0,0,Rent,80004,2/5/2024,Monday,Parking Lot,0,0,41,Online,0,6,Medium,40071.14439,gray,32910.9626,2516.715948,1000,1726.91,4.2584184,3,N
384549120,36,F,1,51,89019.2,1,0,Own,80020,7/18/2023,Tuesday,Parking Lot,1,0,97,Online,1,5,Medium,15088.24373,gray,11271.26862,4618.297165,2000,1239.06,3.483708286,4,N
384569856,22,F,0,72,32587.2,1,1,Rent,50046,7/2/2024,Tuesday,Local,4,0,30,Online,1,3,Medium,28719.18549,silver,17072.9571,4037.988992,2000,1246.68,3.977325417,3,Y
385461504,57,F,0,77,159803.2,1,1,Rent,20109,3/29/2024,Friday,Local,0,0,49,Online,0,5,Compact,24654.73931,white,28338.83087,3786.556584,1000,999.43,2.638149425,2,N
388820736,55,M,1,71,162281.6,0,0,Own,15053,2/28/2023,Tuesday,Parking Lot,0,1,88,Online,0,5,Compact,18028.86372,silver,14128.15894,5894.75732,2000,1246.68,4.376815451,5,N
389401344,35,M,1,75,26852.8,1,1,Own,50022,5/31/2023,Wednesday,Parking Lot,1,0,50,Online,1,7,Large,29789.53756,black,5868.752287,6983.517192,500,1082.36,4.067707461,4,Y
401842944,20,F,0,51,47899.2,1,1,Rent,20147,11/8/2023,Wednesday,Local,3,0,21,Online,1,3,Medium,45173.7566,blue,24783.04768,2720.935071,1000,1622.67,3.485645361,3,Y
406425600,22,F,1,87,49488.0,1,1,Rent,20152,12/14/2023,Thursday,Parking Lot,0,0,97,Online,0,5,Medium,10036.13601,red,24355.3443,3470.207848,2000,1246.68,3.730597763,2,N
411775488,20,M,1,69,47929.6,0,1,Rent,20153,4/10/2023,Monday,Parking Lot,0,0,56,Online,1,6,Large,8941.250709,white,24821.26267,1588.420389,500,1082.36,3.060278354,3,N
412563456,21,F,1,77,48707.2,1,1,Rent,20136,1/4/2024,Thursday,Highway,0,0,88,Online,0,1,Medium,13342.08462,black,5580.125123,2167.853771,1000,999.43,4.006442232,3,N
418224384,22,M,1,57,49467.2,1,0,Rent,15022,3/9/2023,Thursday,Local,0,1,37,Online,0,7,Compact,48542.48306,red,21951.2932,3256.13146,500,1055.6,4.99903985,5,N
419572224,22,F,1,86,49449.6,1,1,Own,15025,3/9/2024,Saturday,Local,1,0,0,Online,0,7,Compact,12004.50239,blue,9568.757659,3737.101497,500,1354.2,4.285420788,5,Y
433465344,21,F,0,75,48696.0,0,1,Own,80018,9/24/2023,Sunday,Local,0,0,91,Online,1,2,Medium,30197.11999,red,20526.95832,3408.287055,500,1078.65,3.373248878,2,Y
440847360,22,M,0,80,49428.8,0,1,Rent,85024,3/21/2024,Thursday,Parking Lot,0,0,1,Online,0,4,Compact,18607.60935,white,18715.00511,8367.212537,1000,1622.67,4.279196967,8,Y
446985216,20,F,0,77,47942.4,1,0,Rent,20151,1/4/2024,Thursday,Parking Lot,0,0,10,Online,0,4,Large,16108.69227,gray,33030.75946,1516.855306,500,1078.65,2.303305124,3,N
450614016,21,F,1,77,48720.0,0,0,Rent,50044,3/22/2023,Wednesday,Local,0,1,50,Online,0,4,Large,17673.4999,other,14694.54796,7919.680313,1000,1726.91,3.459117203,4,N
451650816,22,F,1,78,49448.0,1,0,Rent,80015,11/23/2024,Saturday,Local,0,0,38,Online,1,6,Large,17228.31852,black,9992.784681,6015.916034,2000,1239.06,3.390566751,11,N
458307072,22,F,0,69,49467.2,1,0,Rent,85005,2/10/2024,Saturday,Local,0,1,3,Online,0,5,Medium,29627.57354,white,15639.92313,3652.259479,500,1518.54,4.774765022,1,N
460940544,20,M,1,67,47937.6,0,0,Rent,80005,8/14/2024,Wednesday,Highway,0,0,30,Online,1,4,Large,27633.1716,blue,53404.27597,3612.446149,1000,1324.78,3.470510005,3,Y
469172736,22,F,0,85,49492.8,1,0,Rent,15001,11/28/2024,Thursday,Local,1,0,100,Online,1,6,Large,13565.38748,white,12135.57416,2426.275142,1000,999.43,3.74144914,5,N
479188224,46,M,1,95,85774.08,1,1,Rent,20103,5/9/2023,Tuesday,Local,0,0,48,Online,1,5,Medium,19275.02584,white,28172.87596,2253.303568,500,1232.57,4.440767629,5,N
479768832,49,M,1,60,27200.96,0,1,Own,85039,8/23/2023,Wednesday,Local,0,1,98,Online,0,3,Compact,22039.89162,red,19055.8408,3941.154949,500,1232.57,4.490997809,5,Y
480349440,23,M,0,72,40271.04,1,1,Own,50049,7/4/2023,Tuesday,Local,0,0,70,Online,0,7,Compact,17851.51029,other,25246.85715,4782.836846,1000,1622.67,3.512128562,7,Y
480577536,54,F,0,65,89344.64,1,1,Own,85075,2/7/2024,Wednesday,Parking Lot,2,0,78,Online,1,4,Medium,31745.45885,gray,17608.67016,2990.388548,500,1232.57,4.077237837,10,Y
482029056,50,M,1,70,17626.56,0,1,Own,85023,8/4/2024,Sunday,Highway,0,0,46,Online,0,4,Medium,9654.414988,white,12405.29369,2971.554312,500,1078.65,3.661626993,5,Y
482091264,60,F,1,83,91725.76,1,1,Rent,50020,9/21/2024,Saturday,Local,1,1,100,Online,1,7,Large,30877.13867,blue,13497.87664,2713.932275,500,1518.54,4.457742299,5,N
483211008,26,F,0,79,87001.6,0,1,Rent,15054,6/30/2023,Friday,Local,0,0,100,Online,0,4,Large,13090.63149,black,43010.02497,3247.383167,500,1078.65,4.019754987,5,N
484019712,29,M,1,80,95668.16,1,0,Rent,80030,4/10/2024,Wednesday,Local,0,0,99,Online,0,1,Medium,12231.32072,black,30889.01231,5161.938347,2000,1239.06,3.386492646,4,N
486155520,21,F,0,84,48713.6,0,1,Rent,50054,7/14/2024,Sunday,Highway,1,0,45,Online,0,5,Medium,34873.6526,red,44306.87734,6905.113011,2000,1239.06,3.916155128,2,N
487918080,21,M,1,57,48699.2,0,1,Rent,80020,1/6/2024,Saturday,Local,1,1,0,Online,1,3,Compact,14219.49571,gray,28462.756,3412.672765,500,1082.36,5.161226646,3,N
488664576,44,F,0,89,84781.76,1,1,Own,20148,9/26/2023,Tuesday,Parking Lot,0,0,2,Online,0,4,Large,10173.02267,black,30589.76956,3713.394972,1000,999.43,3.248556788,6,N
488747520,51,F,1,81,82908.8,1,1,Own,50031,12/6/2023,Wednesday,Parking Lot,0,0,1,Online,1,9,Medium,11574.57447,red,12826.35333,3455.480477,1000,1726.91,4.053168053,6,N
489079296,46,F,0,48,85738.24,0,0,Rent,15033,11/22/2024,Friday,Parking Lot,0,0,80,Online,0,5,Compact,36887.75653,white,18640.20326,3848.277906,500,1055.6,4.579089639,4,N
489120768,50,M,1,86,87628.8,0,1,Rent,50034,6/29/2023,Thursday,Local,1,0,83,Online,0,7,Medium,20385.142,other,28650.28099,2158.313396,2000,1155.97,3.891535745,5,N
492314112,29,M,1,77,105642.432,1,0,Rent,15017,2/24/2023,Friday,Highway,1,0,11,Online,1,5,Compact,6727.97163,blue,5180.758559,7685.973509,1000,1622.67,3.263070145,1,N
494346240,48,F,0,84,86732.8,1,1,Rent,15038,9/1/2024,Sunday,Local,0,0,95,Online,0,3,Medium,10227.68128,red,17184.16868,2187.38167,1000,999.43,4.275347774,2,N
499219200,20,F,1,51,47948.8,1,1,Rent,50033,10/6/2024,Sunday,Local,0,0,100,Online,0,4,Compact,25160.18797,gray,5067.53388,8281.009756,1000,999.43,4.299190714,6,N
503449344,48,M,1,78,86761.92,0,1,Rent,85045,7/29/2023,Saturday,Local,5,0,14,Online,1,5,Medium,19676.4181,white,14741.37747,7793.238764,500,1354.2,4.084072022,3,N
503967744,27,M,1,82,-1.6,1,1,Rent,85015,5/12/2023,Friday,Local,2,0,84,Online,1,4,Compact,18065.93978,black,28550.69866,4284.790949,1000,999.43,4.607596485,3,N
505025280,22,M,0,81,49452.8,1,0,Rent,80021,7/1/2024,Monday,Local,2,1,95,Online,0,5,Medium,21648.12301,white,27852.82077,2734.164217,2000,1246.68,3.682767253,1,Y
505357056,42,F,1,60,83762.56,1,1,Own,80011,7/17/2024,Wednesday,Highway,0,0,4,Online,1,5,Compact,9246.484548,other,30737.99106,4890.231395,500,1232.57,3.872176509,4,N
506352384,54,F,0,77,89358.08,0,1,Own,80041,4/8/2024,Monday,Parking Lot,0,*,57,Online,0,7,Large,7198.85026,other,14969.8207,5007.735932,500,1078.65,3.341588947,1,N
507907584,42,F,0,64,49800.0,1,1,Own,15009,12/20/2024,Friday,Local,0,0,56,Online,0,3,Large,10313.8905,other,18453.00443,1252.131042,2000,1246.68,4.617511436,2,N
507949056,26,M,1,80,42124.8,1,1,Rent,20105,3/18/2023,Saturday,Local,0,1,89,Online,1,6,Medium,35787.0672,silver,39978.88096,4194.768016,500,1082.36,4.204735383,3,N
508156416,69,M,1,97,47763.2,0,1,Own,85006,10/12/2023,Thursday,Parking Lot,4,0,95,Online,1,3,Large,2261.507903,silver,5808.423722,5242.966863,2000,1155.97,3.643233085,1,N
508944384,28,M,1,60,42638.08,1,1,Rent,15009,9/21/2024,Saturday,Parking Lot,1,0,2,Online,0,0,Compact,9727.995111,gray,7050.878565,2066.11362,500,1055.6,4.188038892,5,N
509566464,29,F,1,94,43125.76,0,1,Own,20134,11/10/2023,Friday,Local,0,0,0,Online,1,4,Large,12684.772,silver,19059.78296,2977.106763,1000,1726.91,3.826430057,4,N
509670144,26,F,0,85,41685.76,1,0,Rent,20118,6/26/2024,Wednesday,Highway,0,1,30,Online,1,2,Medium,5139.577448,silver,17745.76271,3271.631167,500,1518.54,3.88753253,2,N
509753088,20,M,0,81,47926.4,1,1,Rent,50036,10/24/2023,Tuesday,Parking Lot,1,1,4,Online,1,3,Compact,31957.47915,blue,36981.77483,3895.442265,1000,1622.67,3.898268766,5,N
512656128,26,F,0,89,49715.2,1,1,Own,80031,9/11/2024,Wednesday,Local,1,1,79,Online,1,4,Medium,30048.17968,black,38997.06903,5255.132889,1000,1622.67,4.235490318,4,N
512822016,51,F,1,65,82908.8,1,1,Own,20132,7/4/2024,Thursday,Local,1,0,47,Online,0,7,Medium,28726.88689,silver,14234.517,8158.600782,500,1055.6,4.032124724,4,N
514066176,44,F,0,92,48437.76,1,1,Own,50025,5/20/2023,Saturday,Local,0,0,96,Online,1,4,Medium,17813.81084,other,22720.83482,4506.818341,500,1354.2,3.908879533,3,N
517446144,21,M,0,82,48724.8,1,0,Rent,80014,12/8/2023,Friday,Local,0,1,96,Online,0,6,Medium,19385.89055,black,27364.60965,9572.99071,500,1078.65,3.894666641,0,N
517694976,41,M,0,53,47541.76,1,1,Own,20158,6/23/2023,Friday,Local,0,0,100,Online,0,7,Compact,16406.40935,gray,47491.5957,2873.220571,500,1354.2,4.189419035,6,N
518669568,39,F,0,87,46912.0,1,1,Rent,80020,1/17/2024,Wednesday,Highway,0,0,38,Online,0,6,Medium,13588.77038,red,18675.08997,7211.024784,1000,1324.78,3.431829424,4,N
518793984,29,M,0,88,43105.28,0,1,Own,80022,7/5/2023,Wednesday,Parking Lot,1,0,79,Online,1,2,Large,25168.33265,blue,27243.90179,6601.203095,500,1354.2,3.937874511,4,N
518856192,28,M,1,91,42636.8,1,1,Rent,15033,11/30/2024,Saturday,Local,1,0,96,Online,0,4,Medium,29124.04382,red,28955.09367,3757.052577,500,1055.6,4.185574162,3,N
550706688,21,M,1,91,48697.6,1,0,Rent,50013,12/28/2024,Saturday,Parking Lot,0,1,22,Online,1,1,Medium,9266.316482,other,32488.11636,5046.60555,1000,1622.67,4.153116167,4,N
557881344,22,M,1,65,49459.2,0,1,Rent,15034,12/2/2024,Monday,Parking Lot,0,0,99,Online,1,7,Medium,46402.19609,red,35059.69099,7044.383546,1000,999.43,5.092515042,5,N
585771264,22,F,1,94,49494.4,1,0,Rent,85030,12/11/2024,Wednesday,Highway,0,1,17,Online,1,4,Compact,11394.0664,other,49765.67407,1915.34051,500,1078.65,4.544894809,4,N
588715776,20,F,0,79,47937.6,1,1,Rent,15028,4/14/2024,Sunday,Local,1,0,50,Online,1,4,Compact,17989.54168,blue,15229.68726,5546.26525,1000,1726.91,3.457197498,7,N
589939200,20,F,0,55,47931.2,1,0,Rent,50022,1/30/2024,Tuesday,Local,2,0,32,Online,1,2,Compact,12944.48358,gray,25617.84061,8064.870192,500,1082.36,4.049466731,2,N
596035584,27,F,1,84,29014.4,1,1,Rent,15025,5/31/2024,Friday,Local,0,0,62,Online,1,7,Compact,52951.16716,blue,27684.52222,5483.010055,1000,1324.78,4.119871814,6,Y
597798144,23,F,1,58,90190.4,1,1,Rent,20165,5/21/2023,Sunday,Highway,3,0,75,Online,1,6,Medium,7082.128085,black,16772.48002,5127.880644,500,1354.2,3.937392694,6,N
598005504,24,F,1,67,90190.4,0,1,Rent,80016,3/29/2024,Friday,Local,1,0,50,Online,1,6,Compact,34152.02159,red,16366.10244,5129.659799,2000,1155.97,4.38215504,5,N
598399488,27,M,0,63,29014.4,0,1,Rent,80014,1/21/2024,Sunday,Parking Lot,0,0,42,Online,1,4,Compact,18097.91384,other,7556.169572,5195.346055,500,1518.54,3.221004931,0,Y
601012224,21,M,1,76,48724.8,0,1,Rent,80109,11/26/2023,Sunday,Parking Lot,0,0,2,Online,0,4,Large,25734.43762,red,22051.33178,2914.871854,1000,1324.78,3.4826434,4,N
603521280,27,M,1,57,21928.0,1,0,Own,20156,3/27/2023,Monday,Parking Lot,0,0,60,Online,1,8,Compact,30550.23348,other,8817.000067,7641.66428,2000,1246.68,4.234532419,3,Y
605449728,47,F,0,90,81585.6,1,0,Own,85068,11/26/2023,Sunday,Parking Lot,0,0,73,Online,0,8,Compact,19509.83067,gray,12434.53473,6879.617055,2000,1246.68,3.994364556,5,N
605968128,21,M,1,69,48712.0,1,1,Rent,85034,3/9/2023,Thursday,Local,2,0,43,Online,1,5,Medium,38646.80873,red,28606.6156,4301.347657,500,1078.65,3.466195226,5,N
607087872,26,F,0,66,81585.6,1,0,Rent,50039,5/9/2023,Tuesday,Local,0,0,29,Online,0,8,Compact,26322.59178,blue,23882.38424,12450.52459,1000,999.43,4.573091628,4,N
607647744,27,F,1,72,81585.6,1,1,Rent,20139,1/10/2024,Wednesday,Local,0,1,61,Online,1,4,Medium,24774.42425,other,13873.14222,8389.353217,2000,1155.97,4.630547749,6,N
607979520,35,F,1,78,81585.6,1,0,Rent,80002,10/17/2023,Tuesday,Parking Lot,0,0,91,Online,0,5,Large,29866.49624,gray,21380.24292,9152.501472,500,1518.54,3.901018972,1,N
609638400,29,M,1,86,93310.4,1,1,Rent,80037,11/27/2023,Monday,Local,0,0,95,Online,0,5,Medium,26324.45047,silver,10212.05868,4613.555256,500,1354.2,4.430583139,6,N
609700608,27,M,1,86,93310.4,1,0,Rent,80002,12/5/2023,Tuesday,Parking Lot,0,0,26,Online,1,2,Compact,9928.84226,gray,13077.19699,3329.886328,1000,999.43,3.99256677,3,N
609866496,22,F,0,84,93310.4,0,0,Rent,85077,11/17/2023,Friday,Local,0,0,34,Online,0,6,Medium,12904.06153,red,17674.79386,4600.255784,1000,1726.91,4.239510129,2,N
609928704,48,M,1,89,94942.4,1,0,Rent,80022,1/9/2023,Monday,Local,1,0,0,Online,0,1,Compact,18839.44369,white,14633.52737,7325.849285,500,1232.57,4.002258409,3,N
612271872,22,F,1,86,49428.8,0,1,Rent,20163,2/23/2023,Thursday,Local,0,0,97,Online,0,10,Medium,27425.52211,silver,9864.034405,3058.10379,500,1055.6,3.903945038,5,N
613163520,28,F,1,54,93310.4,1,1,Rent,80021,5/31/2023,Wednesday,Local,0,1,19,Online,1,6,Medium,22771.38582,white,42131.19031,7155.698835,2000,1155.97,3.9804785,2,N
613267200,63,F,1,60,93310.4,1,1,Own,20152,5/14/2024,Tuesday,Local,0,0,94,Online,0,7,Medium,34327.55902,red,28334.90859,5769.456242,500,1232.57,4.18292679,4,N
614075904,26,F,0,73,93310.4,1,1,Rent,80033,10/30/2023,Monday,Local,0,0,49,Online,0,3,Medium,34783.43019,silver,13113.18471,7679.40563,1000,1726.91,4.287231803,2,N
614469888,28,M,0,75,93310.4,1,0,Own,50021,9/3/2023,Sunday,Local,1,1,58,Online,1,3,Large,11503.24051,gray,29603.09802,3624.245098,1000,1622.67,4.258732835,6,N
614863872,28,M,1,77,253324.8,0,0,Own,80016,8/22/2024,Thursday,Local,0,1,4,Online,1,3,Large,24601.25677,gray,29880.34521,6228.899163,1000,1324.78,4.236913492,1,N
616771584,20,M,1,75,47921.6,0,0,Rent,85012,11/29/2024,Friday,Parking Lot,1,0,93,Online,1,4,Medium,29429.47934,gray,57239.19537,9039.36698,2000,1246.68,3.432290122,4,N
619799040,22,M,0,84,49460.8,1,0,Rent,20102,6/13/2023,Tuesday,Local,1,0,36,Online,0,3,Medium,22823.73764,other,21241.59968,3116.673383,500,1232.57,4.24335519,4,N
619985664,31,M,1,69,88593.6,1,1,Rent,85042,1/9/2024,Tuesday,Local,0,0,35,Online,0,6,Compact,50069.03069,silver,15799.39387,3656.19006,2000,1239.06,3.760111219,5,N
621976320,28,F,0,92,23315.2,1,0,Own,85067,4/14/2024,Sunday,Local,0,1,39,Online,1,5,Compact,16168.29885,blue,14855.54007,3885.395436,500,1078.65,3.985720489,10,Y
186624,56,M,1,63,44403.2,1,1,Own,85068,1/2/2024,Tuesday,Highway,0,1,50,Broker,1,6,Large,39710.42665,other,15875.34874,7381.165248,2000,1197.22,9.855075709,3,Y
933120,40,M,1,62,39036.8,1,1,Rent,20130,8/25/2024,Sunday,Parking Lot,0,0,50,Broker,1,3,Large,42355.02503,other,17501.04046,6452.868998,2000,1301.13,9.418599944,3,Y
1078272,180,F,1,87,83068.8,1,1,Own,20101,6/13/2023,Tuesday,Local,0,0,11,Broker,1,5,Medium,9223.388197,black,26935.00725,2678.252957,2000,1475.73,7.994252896,7,N
1451520,38,M,0,75,28212.8,1,1,Own,80040,8/5/2023,Saturday,Highway,1,0,49,Broker,1,8,Large,17741.73455,other,16003.73842,5105.65146,2000,1266.92,10.10636452,5,Y
1555200,46,M,0,75,21246.0,1,1,Rent,85076,5/27/2024,Monday,Local,1,1,61,Broker,1,10,Medium,21739.19891,blue,33341.3425,3177.629033,500,848.07,5.888569468,4,Y
1741824,44,F,1,87,100545.6,1,1,Own,85082,12/1/2023,Friday,Highway,2,0,17,Broker,1,4,Medium,44607.84674,gray,26288.76546,5479.393613,1000,954.16,9.49022882,3,N
1783296,61,M,0,83,15797.0,0,1,Own,80108,5/30/2023,Tuesday,Parking Lot,1,0,12,Broker,0,7,Large,27009.68072,red,6771.507546,3195.034508,2000,1337.28,6.828297542,1,Y
2094336,34,M,1,74,36400.0,0,0,Own,15025,5/9/2024,Thursday,Local,0,0,0,Broker,0,7,Large,8302.951194,white,16277.49503,3483.607339,1000,1334.15,11.39563364,1,Y
2177280,51,F,1,87,82908.8,1,1,Own,50050,12/2/2024,Monday,Highway,0,1,58,Broker,1,5,Medium,34778.37081,red,12400.61295,4462.11933,2000,1222.48,11.54935641,5,N
3193344,44,M,1,84,30587.0,1,1,Own,15012,6/7/2023,Wednesday,Parking Lot,0,0,55,Broker,0,3,Large,13588.91697,blue,36439.29976,6317.361788,500,795.23,10.86645395,2,Y
3234816,47,F,1,75,81611.2,1,0,Rent,20103,3/9/2023,Thursday,Local,0,0,100,Broker,1,2,Large,18215.12774,black,17262.50098,4147.768365,1000,1168.2,7.561268643,3,N
3483648,50,F,1,92,162593.6,0,1,Rent,85017,4/9/2024,Tuesday,Local,0,1,100,Broker,0,11,Large,15197.32244,silver,59599.72107,5269.109598,1000,993.51,12.18113603,3,N
3566592,53,F,1,63,43526.4,1,1,Own,80110,2/12/2024,Monday,Local,0,0,1,Broker,1,8,Large,33940.91368,black,10637.86699,2137.280899,2000,1641.73,9.634042098,2,Y
3753216,45,M,1,81,190906.0,1,1,Own,80047,10/18/2024,Friday,Local,0,1,50,Broker,0,7,Large,25468.29525,white,30083.56947,3850.363277,500,835.02,9.051656058,3,N
3815424,36,M,1,77,107331.2,1,0,Own,15057,10/7/2023,Saturday,Local,0,0,4,Broker,1,11,Medium,11995.85616,silver,18359.64826,1867.711905,1000,1061.33,6.674539409,4,N
3960576,58,F,1,76,165021.0,1,0,Own,20148,8/4/2024,Sunday,Local,1,0,86,Broker,0,7,Compact,15424.40757,white,7373.215995,2718.867693,1000,1279.08,9.96606313,4,N
4064256,63,F,0,69,16291.0,1,0,Own,50047,10/24/2023,Tuesday,Local,1,1,58,Broker,0,3,Medium,15079.92728,other,35519.77641,3241.999616,2000,1055.53,9.873811296,2,Y
4105728,30,M,1,73,124408.0,1,0,Rent,50001,2/24/2023,Friday,Parking Lot,0,0,91,Broker,0,0,Medium,19906.04194,blue,19725.62174,4388.586337,1000,895.83,10.38220687,2,N
4167936,49,M,1,84,112286.0,1,1,Own,20128,4/12/2023,Wednesday,Parking Lot,0,0,42,Broker,0,7,Medium,18026.35288,other,15560.15721,9581.138939,500,1632.93,12.31718335,4,N
4188672,42,F,1,82,119819.0,1,1,Rent,15005,7/24/2023,Monday,Parking Lot,0,1,76,Broker,1,5,Large,15132.10051,other,8112.561758,3719.226584,1000,1405.99,11.93391596,2,N
4396032,49,F,1,50,42291.2,1,1,Rent,80014,7/7/2023,Friday,Parking Lot,0,0,50,Broker,0,4,Compact,38439.48915,silver,50426.63844,4709.892335,500,976.67,9.953575946,4,Y
4686336,34,M,0,89,156433.6,0,1,Own,80002,9/14/2024,Saturday,Local,0,0,63,Broker,1,3,Compact,12224.10641,red,45022.19843,2245.053579,2000,1318.06,10.58778826,2,N
4852224,51,F,1,85,162910.4,0,1,Own,85065,11/21/2023,Tuesday,Highway,0,1,70,Broker,0,6,Compact,38245.96898,other,19851.10181,6113.609257,1000,873.64,8.930928227,5,N
4976640,30,F,1,89,154460.8,0,1,Rent,15020,5/18/2024,Saturday,Parking Lot,0,0,53,Broker,0,6,Medium,42200.1177,white,11617.67879,4905.166737,2000,1318.24,12.42298371,3,N
5204736,51,F,1,94,82908.8,1,0,Own,85050,10/2/2024,Wednesday,Local,0,1,1,Broker,0,1,Large,43824.75593,other,7966.571655,3037.610256,2000,1075.18,11.11296398,5,N
5225472,51,M,1,90,12912.0,1,1,Own,85077,10/31/2023,Tuesday,Parking Lot,0,0,1,Broker,1,5,Large,8140.035325,white,16893.88526,4264.014571,1000,1690.27,11.61256453,5,Y
5246208,53,F,1,60,13517.0,1,0,Own,15028,7/4/2023,Tuesday,Local,1,0,84,Broker,1,6,Large,12137.43518,blue,8116.041054,8845.458046,2000,1352.83,7.101165251,5,Y
5266944,51,F,1,77,82908.8,1,1,Own,50009,7/24/2023,Monday,Highway,0,0,45,Broker,0,6,Large,42900.75812,gray,27339.17191,4016.129897,1000,1148.73,10.78431633,3,N
5847552,42,M,1,72,29782.0,1,1,Own,20148,11/7/2024,Thursday,Local,0,0,30,Broker,1,2,Medium,15082.53767,gray,16118.95506,8135.804528,500,1298.91,10.38975715,7,Y
5992704,52,F,1,94,103238.4,0,1,Own,15052,3/29/2023,Wednesday,Local,0,0,100,Broker,1,8,Compact,7242.989503,other,14750.78318,7378.578881,1000,1059.52,8.995510104,1,N
6013440,40,F,1,76,99024.0,1,1,Own,85003,8/12/2023,Saturday,Local,2,1,47,Broker,1,5,Compact,28760.18638,other,11284.7692,2140.920181,2000,1124.38,7.930385492,5,N
6034176,46,F,1,72,31259.2,0,0,Own,80021,8/2/2023,Wednesday,Parking Lot,0,0,98,Broker,0,3,Compact,34776.22171,white,18491.8286,5868.137258,1000,1110.37,9.520740207,3,Y
6573312,41,M,1,71,39395.2,0,1,Own,50020,1/31/2024,Wednesday,Local,1,0,78,Broker,0,4,Large,41698.20893,black,16208.73701,5346.726506,500,1625.45,6.723104136,3,Y
6656256,77,M,1,84,19492.8,0,0,Own,80020,8/13/2024,Tuesday,Parking Lot,0,0,97,Broker,0,6,Medium,39847.01367,black,13223.27274,8823.01632,500,1394.43,9.808249133,4,Y
6676992,43,F,0,89,160190.4,1,1,Own,85070,5/14/2023,Sunday,Parking Lot,0,1,100,Broker,1,7,Large,18542.81153,blue,19058.53449,1756.421619,2000,1053.24,10.11518225,0,N
6780672,45,M,0,56,90883.2,1,1,Own,20101,7/21/2024,Sunday,Parking Lot,1,0,100,Broker,0,7,Compact,4138.483315,blue,12520.29336,2697.474755,1000,1302.4,10.25139101,3,N
6967296,46,M,1,82,41276.8,1,1,Rent,50029,12/7/2024,Saturday,Local,0,0,78,Broker,1,2,Large,12809.56711,red,30383.98806,12907.05652,2000,1352.31,12.64330806,5,Y
6988032,47,M,0,86,31627.0,0,1,Own,15001,3/9/2024,Saturday,Local,5,0,51,Broker,1,3,Large,9707.790581,white,18691.39796,5852.250205,1000,1139.0,12.70595333,3,Y
7133184,38,F,1,83,38210.0,1,1,Own,20156,5/10/2023,Wednesday,Local,0,0,0,Broker,1,7,Large,27521.06186,blue,23149.5244,2166.837503,2000,1277.25,10.51942068,5,Y
7257600,30,F,1,50,94408.0,0,1,Own,20132,2/9/2023,Thursday,Local,0,0,95,Broker,1,4,Large,24710.94693,white,44057.14254,7328.307613,2000,1221.22,14.67727765,5,N
7278336,65,M,1,72,166808.0,1,0,Own,15017,2/22/2024,Thursday,Highway,0,0,96,Broker,1,6,Medium,39828.21897,silver,18444.29731,4578.249494,2000,968.74,10.88715713,7,N
7672320,66,F,1,87,17028.8,0,0,Own,20140,10/2/2024,Wednesday,Highway,0,0,95,Broker,1,6,Compact,31714.76674,gray,19270.58406,9139.027248,500,847.03,11.52135576,5,Y
8605440,51,M,1,89,82908.8,1,1,Rent,20151,4/14/2023,Friday,Highway,3,1,86,Broker,1,4,Large,15960.74586,red,13004.54626,3074.28083,500,1124.6,7.95392345,4,N
9123840,31,M,0,71,93347.2,1,1,Rent,50012,2/9/2023,Thursday,Local,0,0,100,Broker,0,3,Large,20909.11923,silver,23171.57072,2258.817955,1000,1254.18,9.72948897,4,N
9268992,59,F,0,77,95934.4,1,0,Rent,85050,3/25/2024,Monday,Local,0,1,3,Broker,1,6,Compact,11276.65334,white,30695.12715,3986.500139,2000,1712.68,10.84023288,7,N
9414144,45,M,1,70,80561.6,1,0,Own,80023,6/7/2024,Friday,Parking Lot,0,1,4,Broker,1,5,Medium,62247.74823,other,5575.656053,4654.042883,2000,1097.71,10.32838952,5,N
9849600,58,M,1,78,95934.4,1,1,Rent,15001,10/21/2023,Saturday,Local,0,0,73,Broker,0,3,Medium,11847.07872,blue,40963.52197,2898.831164,2000,1367.68,13.1835099,1,N
9870336,43,F,1,81,80561.6,0,1,Own,20148,9/23/2024,Monday,Parking Lot,0,0,3,Broker,0,8,Compact,52684.03063,red,38939.07237,3907.955841,1000,1215.85,7.067084924,3,N
9994752,45,M,0,76,10912.0,1,1,Own,85062,7/13/2023,Thursday,Parking Lot,1,0,50,Broker,0,7,Large,14604.65657,silver,13180.26308,3883.398357,2000,1463.07,9.112705283,7,Y
10056960,56,F,0,80,93347.2,1,0,Rent,50025,8/14/2024,Wednesday,Parking Lot,0,0,48,Broker,0,7,Medium,53566.61971,gray,25443.31034,5229.527684,500,1734.09,11.62920583,4,N
10098432,41,F,1,48,82292.8,0,1,Own,50022,3/13/2023,Monday,Local,0,0,14,Broker,0,3,Large,13702.75087,blue,11161.1373,7077.157253,500,1411.43,12.07622298,3,N
10285056,44,F,0,86,95934.4,0,0,Rent,15001,2/13/2023,Monday,Local,0,0,47,Broker,1,3,Compact,10252.31578,silver,47367.14993,6116.647426,2000,1153.35,10.9172209,1,N
10430208,62,M,1,83,15990.4,1,0,Own,20137,1/10/2024,Wednesday,Local,1,1,99,Broker,0,5,Compact,23086.25683,other,21273.57066,2535.784928,2000,768.91,8.308364983,0,Y
10575360,51,F,1,96,82908.8,1,0,Own,50050,6/3/2024,Monday,Parking Lot,0,1,49,Broker,0,3,Medium,22604.73642,red,19238.77913,4842.631801,500,1451.54,8.933788538,3,N
10699776,55,F,1,89,84120.0,1,1,Own,20120,12/21/2023,Thursday,Highway,0,0,5,Broker,0,8,Large,29654.67823,other,29760.46097,2892.134548,2000,1620.89,9.945988676,2,N
11342592,59,F,1,44,15219.2,1,0,Rent,85003,1/23/2024,Tuesday,Highway,3,0,57,Broker,1,2,Large,22972.93431,silver,16151.28336,4409.121562,2000,1649.18,10.48698094,4,Y
11529216,53,F,1,80,93347.2,0,0,Own,20105,12/10/2024,Tuesday,Parking Lot,0,0,99,Broker,1,4,Compact,14476.85158,black,14727.40035,6154.387215,500,1451.01,8.726430952,5,N
11570688,52,M,1,78,82292.8,1,0,Rent,15021,5/23/2024,Thursday,Local,1,0,3,Broker,0,7,Large,14210.75658,gray,19772.86996,1817.63989,1000,978.46,10.19428956,7,N
11612160,53,M,1,42,95934.4,1,0,Rent,80033,5/23/2023,Tuesday,Highway,1,1,71,Broker,0,10,Medium,21683.13416,white,10492.69923,3953.441272,2000,1003.23,8.224253092,5,N
11674368,36,M,1,57,80561.6,0,0,Own,80018,11/11/2023,Saturday,Parking Lot,0,0,28,Broker,1,4,Compact,27611.09315,white,14170.63869,3584.075824,2000,1212.0,11.55613701,1,N
11819520,29,F,0,88,93347.2,1,0,Rent,20122,8/28/2024,Wednesday,Local,1,1,50,Broker,1,2,Medium,27966.47659,red,12305.01273,4634.962505,500,1693.63,9.764744574,3,N
11902464,37,F,1,80,95934.4,1,1,Own,80021,7/26/2023,Wednesday,Highway,0,0,78,Broker,1,3,Large,4600.134731,blue,17587.00847,2985.973959,1000,1138.42,9.78639242,3,N
12607488,38,F,1,71,28225.6,1,0,Own,80106,11/17/2023,Friday,Parking Lot,0,0,100,Broker,0,9,Medium,18351.06426,other,21668.35549,4998.210442,500,1297.75,7.172027687,5,Y
13084416,51,M,1,93,82908.8,0,0,Own,80036,9/27/2024,Friday,Parking Lot,0,0,0,Broker,0,3,Compact,26423.61995,black,23919.75993,6855.987948,500,1238.65,11.49739693,4,N
13105152,61,M,1,79,25747.2,1,1,Own,15018,4/6/2024,Saturday,Parking Lot,0,0,9,Broker,1,4,Medium,16058.57114,red,23658.94453,1560.66719,500,1050.76,11.68745234,6,Y
13125888,43,M,0,86,30172.8,1,1,Own,20164,8/5/2024,Monday,Local,0,1,59,Broker,1,6,Large,12475.83383,other,19081.66627,3055.444008,1000,1711.72,13.32485931,6,Y
13291776,36,F,1,93,157305.6,1,1,Rent,20153,11/2/2024,Saturday,Parking Lot,0,0,100,Broker,1,4,Large,30149.05188,gray,9326.660218,1941.316998,500,1342.8,8.709947206,6,N
13478400,35,F,0,82,16889.6,1,1,Own,15035,12/29/2023,Friday,Local,0,0,16,Broker,0,10,Large,31147.0299,other,16308.67597,4005.86847,500,1483.91,11.91938351,4,Y
13976064,36,M,1,83,47326.4,1,1,Own,15046,9/29/2024,Sunday,Highway,1,1,8,Broker,1,4,Medium,4277.394479,gray,15077.31114,2379.369855,2000,1083.01,10.55719601,3,Y
13996800,62,F,1,63,93347.2,1,1,Own,50044,4/27/2023,Thursday,Highway,2,0,59,Broker,1,3,Medium,11604.146,silver,43255.85838,5326.850469,500,974.59,14.85128246,1,N
14017536,40,F,1,81,82292.8,1,1,Own,85073,8/19/2024,Monday,Parking Lot,0,0,35,Broker,1,11,Compact,19615.14171,gray,19873.82038,2686.807728,2000,1399.85,11.23440718,0,N
14059008,33,F,1,78,95934.4,1,0,Own,20142,8/22/2023,Tuesday,Local,1,1,99,Broker,1,4,Medium,17413.6059,white,20375.70185,3174.323804,2000,1219.27,9.568932252,3,N
14100480,70,F,1,73,20562.0,1,1,Own,85030,12/22/2023,Friday,Local,0,0,22,Broker,1,4,Large,12405.26226,white,43587.49111,6573.126867,500,1411.3,9.961047084,2,Y
14411520,50,F,1,70,4585.6,1,1,Own,15031,4/13/2023,Thursday,Highway,0,1,91,Broker,1,7,Medium,17909.84344,other,18695.52643,2205.923814,1000,1348.32,9.989566588,3,Y
14473728,37,M,0,63,37750.4,1,0,Rent,15009,1/24/2024,Wednesday,Parking Lot,1,0,1,Broker,0,7,Compact,32593.9994,blue,21889.531,2898.654483,2000,1407.01,8.858210486,6,Y
14909184,33,M,1,73,95941.0,0,0,Rent,20109,6/9/2023,Friday,Parking Lot,1,0,97,Broker,1,5,Compact,43418.899,silver,28223.33667,4905.849663,2000,782.23,10.0592907,6,N
14929920,60,F,1,94,45529.6,1,1,Own,50054,5/17/2023,Wednesday,Local,0,0,22,Broker,0,5,Medium,8324.449206,other,10955.77294,6691.159232,2000,1366.9,8.983029737,2,Y
15012864,48,M,1,88,41939.2,1,1,Rent,20152,3/30/2024,Saturday,Local,0,1,1,Broker,1,3,Compact,7363.903353,blue,37426.72579,2172.732465,500,1090.65,7.336665715,4,Y
15261696,52,M,1,61,83236.8,1,0,Rent,85075,4/5/2024,Friday,Parking Lot,0,0,21,Broker,1,6,Compact,23699.84186,red,4609.654617,3904.296908,500,1416.24,10.38494817,2,N
15282432,43,F,0,76,150181.0,1,0,Own,15012,5/18/2024,Saturday,Highway,0,0,94,Broker,0,5,Compact,33814.94427,red,19764.20082,6333.403315,2000,1097.64,7.749954854,4,N
15510528,36,F,1,88,87776.0,0,1,Own,50051,5/3/2024,Friday,Local,0,0,8,Broker,0,5,Medium,28415.47376,gray,11693.22752,3514.910721,500,1155.53,11.17926601,6,N
15531264,34,M,1,87,83236.8,0,0,Rent,50029,5/18/2024,Saturday,Highway,0,1,69,Broker,1,7,Compact,10891.48619,other,20427.06333,3154.809425,500,1386.93,8.796407507,6,N
15697152,30,M,1,42,14412.8,1,0,Rent,20105,10/19/2024,Saturday,Highway,0,0,50,Broker,1,4,Medium,15701.00942,red,25363.152,3344.107924,500,1366.42,11.18348176,4,Y
15821568,74,M,1,72,83236.8,1,1,Rent,20106,7/21/2023,Friday,Parking Lot,0,0,1,Broker,0,3,Large,32933.93064,red,12763.7678,2368.468375,2000,1247.87,10.15324071,2,N
16049664,58,M,1,82,95941.0,1,0,Rent,50049,8/1/2023,Tuesday,Highway,0,1,71,Broker,1,6,Compact,22961.73845,white,20045.39766,8642.252929,2000,1316.63,5.22977248,2,N
16153344,59,M,1,94,160162.0,0,0,Rent,50047,7/13/2024,Saturday,Local,2,0,65,Broker,1,7,Medium,16697.30678,white,35787.30897,4725.192711,1000,1372.18,11.40257428,3,N
16215552,48,M,1,46,95941.0,1,1,Own,15003,4/30/2023,Sunday,Parking Lot,5,0,48,Broker,1,3,Large,12363.33886,black,23839.72656,3666.660451,2000,1447.77,12.34300413,8,N
16360704,61,F,1,83,150181.0,1,1,Own,15025,8/22/2023,Tuesday,Local,0,0,50,Broker,0,4,Large,10291.43192,red,18871.48739,3444.655932,2000,1603.42,10.22699991,3,N
16733952,34,F,0,82,160162.0,1,1,Rent,20113,10/23/2023,Monday,Parking Lot,0,0,100,Broker,0,4,Medium,9686.856942,silver,36327.89363,3662.77023,2000,1347.92,9.36552445,3,N
17148672,38,M,0,50,38214.4,1,1,Rent,85036,8/17/2024,Saturday,Highway,0,0,80,Broker,0,9,Compact,25713.28252,gray,21935.98062,1521.453882,2000,1313.33,9.867662678,0,Y
17314560,55,F,0,91,160162.0,1,1,Rent,80010,4/28/2024,Sunday,Local,0,1,70,Broker,1,4,Compact,36747.24064,black,30466.49432,3279.409765,1000,1371.88,11.61144507,5,N
17625600,46,M,0,64,150181.0,1,0,Own,80016,12/21/2023,Thursday,Parking Lot,0,0,98,Broker,1,5,Compact,19569.6221,white,25548.69374,3803.249032,1000,1061.98,10.54518581,4,N
17791488,35,M,1,75,95941.0,1,0,Rent,85043,1/29/2023,Sunday,Highway,0,0,97,Broker,0,6,Large,13868.69709,silver,23009.88434,5915.762931,1000,894.4,9.852375307,3,N
17853696,39,M,0,84,150181.0,0,1,Own,85034,6/14/2023,Wednesday,Local,0,1,50,Broker,0,5,Compact,27568.18309,gray,13680.31513,3771.284806,500,956.69,10.33376311,5,N
17874432,54,M,0,68,160162.0,0,0,Own,15010,2/8/2024,Thursday,Local,1,1,84,Broker,0,3,Large,7264.60876,other,23825.73112,4225.524053,2000,1123.89,8.929773665,5,N
17915904,38,M,1,90,95941.0,0,1,Own,20120,9/29/2023,Friday,Parking Lot,0,0,73,Broker,0,5,Compact,23261.13408,silver,9641.58658,10061.30096,500,1085.03,11.06882508,7,Y
17998848,47,F,1,47,41611.2,1,0,Rent,20111,1/26/2024,Friday,Local,0,1,93,Broker,1,5,Compact,16515.08367,white,12387.66037,4548.637016,1000,988.29,9.217123685,3,Y
18724608,45,F,1,65,150181.0,0,1,Own,80018,8/26/2024,Monday,Local,0,0,96,Broker,1,5,Large,38499.81579,white,19014.24731,7180.508102,1000,1573.93,11.53326902,3,N
18766080,35,M,1,81,36888.0,1,0,Own,15046,3/24/2023,Friday,Parking Lot,0,0,90,Broker,1,3,Compact,18972.24285,blue,6731.057098,3538.352152,1000,1609.67,14.0080758,1,Y
18973440,32,F,1,73,25460.8,0,0,Own,15034,11/14/2023,Tuesday,Parking Lot,0,0,79,Broker,1,6,Large,9272.213816,gray,10727.91173,7869.841133,2000,1618.65,8.054670612,2,Y
19014912,38,M,0,99,98176.0,1,0,Own,15003,8/7/2024,Wednesday,Local,2,0,33,Broker,0,6,Medium,52428.79105,red,29759.42354,2390.224139,1000,1342.02,10.56430601,3,N
19077120,48,M,0,74,21932.8,1,1,Rent,15003,9/13/2024,Friday,Parking Lot,0,1,89,Broker,0,5,Large,26374.29962,silver,16863.91772,3304.728079,1000,994.74,8.786866124,3,Y
19097856,33,F,1,49,25915.2,1,0,Own,15046,10/23/2024,Wednesday,Local,0,1,93,Broker,1,6,Large,15764.98032,blue,6094.375356,2328.6939,1000,1050.24,8.187352022,5,Y
19429632,43,M,1,91,80176.0,1,0,Own,85042,4/5/2024,Friday,Local,0,0,98,Broker,1,3,Compact,15548.31034,black,23153.06719,4308.319352,2000,927.23,10.12837638,5,N
19471104,52,M,1,93,98176.0,1,1,Rent,15006,9/24/2023,Sunday,Parking Lot,0,0,34,Broker,1,6,Large,21390.33111,white,13583.19429,3500.870299,2000,736.07,12.04240472,6,N
19491840,48,F,1,94,80185.6,0,1,Rent,50058,5/23/2024,Thursday,Highway,0,0,50,Broker,0,0,Large,16785.15156,black,33153.03864,5891.500919,1000,974.16,5.929417242,5,N
19927296,43,M,1,78,90164.8,1,0,Rent,15006,8/24/2023,Thursday,Local,2,0,10,Broker,1,7,Large,27432.09282,silver,18793.36303,10155.42437,500,1161.31,9.016493191,3,N
20010240,32,F,1,90,35422.4,0,1,Own,80014,2/20/2024,Tuesday,Local,0,0,32,Broker,1,4,Compact,14255.43643,blue,28001.16246,2095.593312,2000,1091.73,9.48079718,1,Y
20072448,55,M,1,83,14123.2,1,1,Own,20156,12/6/2023,Wednesday,Highway,0,1,98,Broker,1,8,Compact,37647.81267,white,13396.33171,10081.46779,2000,1209.07,10.55239228,0,Y
20777472,45,F,1,45,9924.8,1,1,Rent,80002,12/21/2024,Saturday,Local,1,0,51,Broker,0,3,Medium,28491.85734,silver,39960.18508,6694.545625,500,1257.83,6.591145883,1,Y
20922624,62,F,0,92,96041.6,1,1,Rent,85077,1/19/2024,Friday,Local,2,0,6,Broker,0,4,Compact,10764.05207,other,51838.17474,7785.466153,1000,1242.02,7.160620437,8,N
21005568,32,F,1,80,25456.0,1,0,Own,20120,6/29/2023,Thursday,Local,0,0,0,Broker,1,6,Compact,28354.99323,white,40648.96705,12484.57933,500,1075.71,8.533341115,4,Y
21254400,45,M,1,53,30886.4,1,0,Rent,20104,7/25/2023,Tuesday,Local,0,1,87,Broker,0,2,Large,10993.46027,red,18725.76132,3228.42576,2000,1462.76,8.072685069,5,Y
22104576,33,M,1,77,95950.4,0,0,Rent,20118,5/12/2024,Sunday,Highway,0,1,92,Broker,1,4,Medium,32790.55764,white,21013.99016,1053.722866,500,1412.31,7.272580348,5,N
22125312,54,F,1,85,93852.8,1,0,Own,15034,11/9/2023,Thursday,Local,2,1,2,Broker,1,4,Compact,12551.70819,silver,10466.21485,3615.301758,500,1362.87,8.949894106,2,N
22208256,42,M,1,57,99788.8,0,1,Own,80014,3/29/2024,Friday,Local,0,0,0,Broker,0,8,Medium,26480.67067,red,20813.82965,7715.454868,500,1021.9,9.820910518,7,N
22622976,33,M,1,83,155963.2,1,1,Own,50040,5/23/2024,Thursday,Highway,1,1,73,Broker,1,2,Large,6373.635919,other,70753.12638,7958.462891,2000,1181.46,9.742705664,3,N
23037696,44,F,1,93,80833.6,1,1,Rent,20112,5/31/2023,Wednesday,Highway,1,0,1,Broker,1,2,Medium,14836.96328,blue,40381.55583,4758.542883,500,1111.72,8.390801794,5,N
23265792,52,F,1,91,18176.0,1,0,Own,50049,8/17/2024,Saturday,Local,5,0,76,Broker,1,5,Compact,28171.08014,silver,23609.1358,5499.88864,2000,814.96,11.68667118,6,Y
23514624,35,M,0,92,80833.6,1,0,Rent,20135,3/21/2024,Thursday,Local,0,0,47,Broker,0,4,Medium,17087.56538,other,15117.81489,3836.919115,500,793.15,8.897082543,2,N
23576832,35,M,0,94,18176.0,1,1,Own,50055,12/4/2023,Monday,Highway,0,0,50,Broker,1,8,Compact,33899.71282,other,31295.85495,3598.921669,500,942.51,11.64466436,4,Y
23701248,41,M,0,69,29432.0,0,1,Rent,15009,5/6/2023,Saturday,Local,1,0,50,Broker,1,3,Medium,22171.26598,silver,50672.27602,5627.187941,500,1335.13,10.89222186,9,Y
23721984,75,F,0,53,99059.2,1,1,Rent,15026,6/28/2023,Wednesday,Local,0,0,87,Broker,0,10,Medium,11376.81185,blue,25258.84439,6289.581107,500,1178.95,10.15147536,7,N
24219648,47,F,1,60,21576.0,1,1,Rent,15028,11/13/2023,Monday,Highway,0,0,76,Broker,0,9,Medium,14745.31506,black,10036.54793,8049.739747,500,1340.71,8.152862224,3,Y
24323328,52,M,0,86,23249.6,1,1,Own,85019,11/7/2024,Thursday,Highway,0,0,23,Broker,1,4,Compact,15022.29598,black,18370.09136,1663.720149,2000,1376.16,9.495707912,6,Y
25360128,40,F,1,57,18176.0,1,1,Own,85046,10/2/2023,Monday,Parking Lot,0,0,70,Broker,0,3,Large,11768.74957,white,28139.69203,4506.106087,500,951.46,11.39703743,3,Y
26127360,53,F,1,81,80833.6,0,0,Own,20158,12/8/2023,Friday,Local,0,1,17,Broker,1,8,Large,27463.9992,white,17294.06001,5604.534751,1000,1377.04,11.2149457,7,N
26210304,57,M,1,86,18176.0,1,0,Rent,85039,12/13/2024,Friday,Parking Lot,4,0,100,Broker,1,7,Large,6841.449668,silver,14129.36004,4239.809647,500,1237.88,11.7857254,1,Y
26396928,68,M,1,60,80833.6,1,1,Rent,50002,6/1/2024,Saturday,Parking Lot,3,0,83,Broker,1,4,Large,78123.89158,gray,17084.89938,4185.031777,500,1173.37,8.835486674,5,N
26438400,37,M,1,54,18176.0,1,0,Rent,50056,2/14/2023,Tuesday,Local,1,1,26,Broker,1,6,Compact,37467.40789,blue,18386.90311,2464.859765,2000,1188.28,11.52524935,5,Y
26894592,50,F,1,59,80833.6,1,1,Own,85080,6/11/2024,Tuesday,Local,3,0,50,Broker,1,5,Medium,11221.10095,blue,28383.30164,6813.758485,1000,1193.45,10.58612782,4,N
26998272,46,F,1,57,18176.0,1,0,Own,20149,3/29/2024,Friday,Local,0,1,0,Broker,1,4,Large,23884.44975,other,11609.15148,2274.522798,1000,1437.53,5.742074587,6,Y
27081216,63,M,1,82,18176.0,1,0,Own,15054,8/18/2024,Sunday,Highway,1,0,41,Broker,1,3,Compact,17064.28198,gray,29543.2506,3713.610463,1000,1232.72,13.13434423,3,Y
28076544,72,F,1,80,18176.0,1,0,Own,20118,2/18/2023,Saturday,Local,0,0,29,Broker,1,7,Medium,20532.29896,black,35881.9691,2220.098426,1000,1099.95,8.44848312,2,Y
28325376,30,M,1,74,18176.0,1,1,Own,20131,9/23/2023,Saturday,Local,0,0,1,Broker,1,2,Compact,36216.59512,other,13810.98941,3052.845636,1000,1292.3,11.91951434,6,Y
28553472,40,M,0,65,99016.0,0,0,Own,85030,3/20/2023,Monday,Local,0,*,50,Broker,0,4,Medium,7349.589183,silver,6122.53118,2086.501213,1000,1221.17,8.160342754,3,N
28615680,55,M,0,89,21312.8,1,1,Own,80010,10/14/2023,Saturday,Highway,0,1,63,Broker,0,3,Medium,37608.50596,black,26731.208,5231.979285,500,1927.87,9.191944401,1,Y
28968192,37,F,0,86,99016.0,0,1,Own,20148,12/2/2023,Saturday,Local,0,0,92,Broker,1,3,Large,19879.04681,white,35462.79041,8532.265928,500,1205.86,13.0831325,1,N
29320704,50,M,0,76,21312.8,0,1,Own,80018,9/11/2023,Monday,Local,0,0,1,Broker,1,7,Large,9780.22614,red,55794.2091,7386.843203,500,1268.35,7.987403761,6,Y
29362176,54,F,0,61,99016.0,1,1,Rent,15042,3/18/2023,Saturday,Local,0,0,98,Broker,0,6,Large,45184.24239,silver,24653.84807,2419.615434,500,1500.04,9.939014771,3,N
30544128,67,M,1,82,99016.0,1,0,Own,80102,1/2/2023,Monday,Local,1,1,25,Broker,1,7,Compact,5734.933756,other,32073.14868,2284.935075,2000,1021.14,7.00119784,4,N
30585600,67,M,1,68,21312.8,0,1,Own,85037,9/8/2023,Friday,Local,0,1,65,Broker,0,9,Large,24689.46662,other,14297.72582,7996.294074,2000,1285.09,10.0373485,3,Y
31352832,39,F,0,81,21312.8,1,0,Own,20112,3/17/2024,Sunday,Local,0,0,100,Broker,0,6,Medium,22973.15453,white,20622.56105,6387.729184,1000,979.73,11.23342118,5,Y
31726080,53,M,0,62,21312.8,0,0,Own,50021,12/26/2024,Thursday,Local,0,0,99,Broker,0,6,Compact,49698.20128,red,32148.47992,2789.569456,500,995.7,11.09689987,4,Y
31809024,74,F,1,81,99016.0,0,0,Own,15015,6/9/2023,Friday,Highway,0,0,18,Broker,0,6,Medium,25563.21286,black,60011.87739,2795.050788,1000,1276.73,9.055158757,5,N
31829760,36,F,1,64,21312.8,0,1,Rent,20142,2/19/2023,Sunday,Parking Lot,2,0,43,Broker,1,5,Compact,78669.31475,white,22129.49804,4729.651904,2000,1202.28,9.612184865,6,Y
32182272,68,F,1,72,92268.8,1,0,Own,85037,10/7/2024,Monday,Local,0,0,12,Broker,0,6,Large,16439.99774,silver,28690.06148,1534.240506,1000,1151.39,9.584462493,5,N
32493312,56,F,1,93,142587.2,1,1,Rent,80011,11/8/2024,Friday,Parking Lot,0,0,69,Broker,0,3,Compact,29418.19588,other,13464.24535,1036.768519,1000,1202.75,13.02035079,5,N
32596992,47,F,1,50,99016.0,1,0,Own,20116,12/24/2023,Sunday,Local,0,0,0,Broker,1,3,Large,20755.27675,gray,14016.67858,4060.553871,500,991.39,9.807350597,11,N
32721408,43,M,1,85,21312.8,1,0,Own,85061,10/9/2024,Wednesday,Parking Lot,1,0,1,Broker,1,4,Medium,32990.97404,silver,18458.82582,7193.684198,500,984.02,8.467105613,2,Y
32762880,52,F,1,81,87347.2,1,1,Own,50037,10/25/2024,Friday,Parking Lot,0,0,45,Broker,1,2,Compact,23900.9345,black,23904.34708,6508.480754,500,1354.83,11.01527304,2,N
33571584,51,M,0,69,92268.8,1,1,Own,80047,8/1/2023,Tuesday,Local,0,0,100,Broker,1,6,Medium,11616.81123,red,13207.76187,7711.006165,1000,1555.52,11.65563235,2,N
33841152,37,F,1,70,87347.2,1,0,Own,80024,12/3/2024,Tuesday,Parking Lot,3,0,97,Broker,1,5,Compact,14422.56073,gray,33237.32881,2910.97202,500,1366.6,10.32387874,6,N
33944832,67,M,1,94,142587.2,1,1,Rent,15043,7/9/2023,Sunday,Local,1,0,42,Broker,1,5,Large,20270.93225,blue,28221.24716,8692.225201,1000,1230.69,10.5942492,4,N
34442496,48,F,1,38,87347.2,0,1,Rent,20155,7/25/2023,Tuesday,Local,0,1,8,Broker,1,2,Compact,17948.46393,red,21318.23028,2479.163103,500,1390.89,9.941987481,1,N
35168256,35,M,0,26,87347.2,0,1,Rent,50050,5/31/2023,Wednesday,Parking Lot,0,0,46,Broker,0,7,Compact,11947.51661,black,72332.12168,2257.27378,1000,671.01,7.195004356,3,N
35251200,46,M,0,70,142587.2,0,1,Own,0,10/29/2023,Sunday,Local,0,0,0,Broker,1,4,Compact,35835.39603,red,11560.94825,4430.48593,2000,1373.21,8.397746869,2,N
35292672,41,F,1,97,87347.2,1,1,Own,85066,10/24/2023,Tuesday,Local,0,0,63,Broker,1,5,Compact,26310.59624,red,13863.48893,2309.846736,1000,1625.65,7.965892014,4,N
35313408,54,M,1,68,92268.8,1,1,Rent,20152,7/7/2024,Sunday,Highway,1,0,94,Broker,1,1,Large,21036.26238,red,38878.08699,3197.028097,2000,1295.63,11.2632891,7,N
35375616,64,M,1,19,142587.2,0,0,Own,80011,10/19/2024,Saturday,Parking Lot,0,0,2,Broker,0,7,Medium,29432.71783,gray,53910.25213,5416.512846,1000,1459.96,10.09706534,1,N
35541504,46,F,1,94,92268.8,1,0,Own,85006,8/12/2024,Monday,Local,0,1,32,Broker,1,7,Large,12033.43843,red,44616.1249,4987.709848,500,1285.01,10.60949515,3,N
36018432,56,M,0,87,142587.2,1,1,Rent,50005,2/27/2023,Monday,Parking Lot,0,0,78,Broker,1,3,Medium,16694.84147,black,46278.40167,6009.504873,2000,988.06,7.616543884,2,N
36059904,38,M,1,64,87347.2,1,0,Rent,80106,10/2/2023,Monday,Highway,0,0,50,Broker,1,5,Large,39181.23466,black,10279.94648,4728.154553,1000,1740.57,9.914570659,3,N
36142848,35,F,0,83,92268.8,1,0,Rent,20144,4/14/2023,Friday,Highway,2,0,6,Broker,1,8,Medium,22304.28744,silver,26198.15886,8306.850084,1000,1540.91,9.683147848,4,N
36184320,41,F,1,81,142587.2,1,1,Own,20135,11/23/2023,Thursday,Highway,0,0,1,Broker,0,7,Medium,7714.560721,white,28664.03901,3895.964247,500,1381.88,8.927648676,2,N
36205056,35,F,1,74,87347.2,1,0,Rent,80046,1/20/2023,Friday,Local,0,0,76,Broker,0,5,Compact,18545.73393,gray,16761.95119,2267.523229,500,1446.98,9.251797919,6,N
36288000,67,F,0,67,142587.2,0,1,Own,80040,1/6/2023,Friday,Parking Lot,0,0,98,Broker,0,8,Large,10523.46238,gray,15121.93226,5661.758777,500,948.1,6.650127801,4,N
36308736,46,M,1,90,87347.2,0,0,Rent,85027,3/26/2024,Tuesday,Parking Lot,0,0,1,Broker,0,3,Large,11985.66275,black,23721.08943,5053.968855,500,1471.24,9.192500226,2,N
36433152,56,M,1,68,44408.0,0,1,Own,20115,11/5/2024,Tuesday,Highway,0,0,20,Broker,1,1,Compact,30637.18609,other,68314.98761,2750.587018,1000,1524.45,12.15637988,4,Y
36702720,60,F,1,76,165512.0,1,0,Rent,85054,7/19/2024,Friday,Local,5,1,52,Broker,1,8,Large,15611.13627,red,19288.35763,4449.911201,500,1203.81,8.518180808,4,N
36785664,45,F,1,71,160934.4,0,0,Rent,80044,8/2/2024,Friday,Local,0,0,32,Broker,1,1,Medium,8718.633051,silver,7990.640306,2078.460825,1000,1484.48,7.373943785,2,N
36827136,55,F,1,52,94100.8,1,0,Own,20101,3/9/2024,Saturday,Local,2,0,99,Broker,1,6,Large,24758.80497,other,17222.86872,3448.462063,500,1581.27,9.777789803,6,N
36910080,45,M,1,86,20894.4,1,1,Rent,15052,12/11/2024,Wednesday,Highway,0,0,72,Broker,0,6,Large,17996.04966,white,14944.52531,3167.438211,1000,1281.25,7.103833989,3,Y
37055232,52,F,1,97,153315.2,0,0,Own,15030,8/22/2023,Tuesday,Highway,0,0,8,Broker,1,5,Large,13852.22362,black,20842.24876,5041.019491,2000,1221.41,10.24115118,3,N
38050560,45,F,1,91,154940.8,1,1,Own,15024,6/19/2023,Monday,Local,0,0,94,Broker,1,6,Compact,13441.39591,white,35349.18375,3180.744928,2000,1655.79,7.019152089,7,N
38651904,37,M,1,78,153880.0,1,1,Own,85003,4/30/2023,Sunday,Parking Lot,5,1,6,Broker,1,6,Medium,35665.64744,red,19066.42938,4412.66826,1000,1114.29,9.201892263,5,N
38734848,44,F,1,77,165512.0,1,0,Rent,15012,9/22/2023,Friday,Parking Lot,0,0,88,Broker,0,5,Compact,8404.519488,gray,29973.01729,4572.933391,500,664.86,13.11188962,3,N
39522816,45,M,1,72,154940.8,0,1,Own,85024,6/30/2023,Friday,Local,0,0,70,Broker,0,6,Compact,14995.41992,white,44532.34357,7461.537404,2000,1124.47,10.39580832,5,N
39750912,71,M,1,50,154940.8,0,0,Own,50059,4/11/2023,Tuesday,Highway,0,0,12,Broker,0,4,Large,10235.01647,gray,4836.443809,3477.443955,500,1592.41,11.32460478,3,N
39792384,49,M,0,58,153315.2,1,0,Rent,80105,11/9/2024,Saturday,Parking Lot,0,0,11,Broker,1,6,Medium,23924.10593,other,9259.69869,3437.150329,500,1362.31,8.25397237,3,N
42322176,42,M,1,89,153880.0,1,1,Own,20101,7/13/2023,Thursday,Local,4,0,94,Broker,1,3,Medium,19871.60575,gray,26649.95557,3617.022055,2000,1111.17,12.69922165,7,N
42384384,54,F,1,90,154940.8,1,0,Rent,80028,3/21/2024,Thursday,Local,0,0,2,Broker,1,5,Compact,35996.26892,red,23014.82744,3788.840019,500,989.97,10.35457481,3,N
42425856,46,F,1,67,165512.0,1,1,Own,20152,11/6/2023,Monday,Local,0,1,50,Broker,1,8,Large,20930.04107,black,25635.37087,6668.640756,1000,1114.23,6.471784326,6,N
42488064,51,M,1,78,153315.2,0,0,Rent,85067,7/31/2024,Wednesday,Parking Lot,0,0,67,Broker,0,6,Large,19544.96678,silver,24709.05204,3804.434478,2000,1347.31,10.50293107,1,N
42571008,54,F,1,97,153880.0,1,0,Own,15035,6/6/2023,Tuesday,Local,0,0,8,Broker,1,3,Large,25505.58237,blue,11346.35743,2618.141368,2000,1687.53,12.00794972,3,N
42923520,37,M,1,67,154940.8,1,0,Own,80033,8/24/2024,Saturday,Parking Lot,0,0,41,Broker,1,8,Compact,12958.71833,blue,24218.45524,8069.567171,1000,1726.91,10.05924777,3,N
42985728,30,F,1,47,165512.0,1,0,Own,20155,2/28/2024,Wednesday,Local,1,0,87,Broker,1,8,Compact,19664.87189,white,21757.05033,3002.12,500,1232.57,7.930662605,3,N
43358976,40,M,1,78,154940.8,1,1,Rent,85051,8/12/2024,Monday,Local,0,1,51,Broker,0,8,Compact,39779.05838,silver,20078.9031,3547.391145,2000,1239.06,9.629832963,5,N
43441920,48,F,0,74,165512.0,1,1,Rent,50021,1/6/2024,Saturday,Highway,0,0,4,Broker,0,8,Medium,30843.38259,other,14062.49842,4430.497938,2000,1246.68,9.572138751,3,N
43462656,47,F,1,82,153315.2,1,0,Own,15009,8/2/2024,Friday,Highway,0,1,99,Broker,1,1,Compact,27675.14262,black,13498.7072,4859.56003,1000,1622.67,10.85986771,4,N
44105472,47,F,1,31,165512.0,1,0,Rent,15035,1/4/2024,Thursday,Highway,0,1,35,Broker,1,4,Medium,29020.9315,other,21186.80558,11383.43253,2000,1524.18,9.373125792,8,N
44126208,36,F,1,70,153315.2,1,1,Own,50049,8/17/2024,Saturday,Parking Lot,0,0,35,Broker,1,2,Compact,20568.67948,black,29459.92041,2981.500122,500,1395.58,9.778306406,6,N
44686080,31,M,1,58,153880.0,1,0,Rent,80011,7/11/2024,Thursday,Parking Lot,1,0,23,Broker,0,5,Large,3752.811291,blue,11118.88224,4299.313453,2000,1578.54,8.36235914,6,N
44706816,36,F,0,83,154940.8,0,1,Own,15046,6/8/2023,Thursday,Local,2,0,98,Broker,1,7,Large,8962.45935,blue,26522.87535,2841.83514,500,1488.26,9.417034544,6,N
44831232,46,M,1,96,165512.0,1,0,Own,80006,12/24/2024,Tuesday,Local,0,1,7,Broker,0,3,Medium,9989.565344,blue,18850.05969,2972.957237,1000,1096.39,11.02447479,4,N
44893440,36,F,1,68,153315.2,1,1,Own,50022,10/6/2024,Sunday,Local,0,0,85,Broker,1,5,Medium,14491.10997,gray,12208.07511,3200.679523,2000,1215.36,9.380728535,4,N
44955648,50,M,1,65,165512.0,1,1,Own,85015,6/8/2023,Thursday,Local,0,1,99,Broker,1,2,Compact,29072.8063,red,38425.24241,6240.916313,2000,1193.4,10.96392445,5,N
46407168,37,F,0,74,154940.8,0,0,Own,80022,3/9/2023,Thursday,Local,0,0,88,Broker,1,9,Large,7144.273294,blue,44464.7429,3289.67897,500,1083.64,10.38866258,0,N
46552320,42,M,1,52,153315.2,0,1,Own,80024,7/20/2023,Thursday,Parking Lot,0,0,51,Broker,0,6,Medium,44623.57052,blue,14792.29349,4294.84537,500,1270.29,9.052493276,4,N
46593792,45,M,0,84,153880.0,1,0,Rent,85083,4/29/2023,Saturday,Parking Lot,0,0,25,Broker,0,4,Compact,6483.9839,silver,21207.03652,2967.883005,500,1459.99,11.45123258,5,N
46635264,53,M,0,93,165512.0,1,1,Own,50057,6/9/2023,Friday,Local,0,0,3,Broker,0,3,Compact,36681.3701,other,24473.91912,7046.245296,1000,1142.48,11.39760805,5,N
47589120,55,F,0,77,92116.8,1,0,Rent,85076,2/1/2023,Wednesday,Local,0,0,50,Broker,1,4,Medium,18751.7908,white,13761.30902,3590.4,2000,1144.3,10.27522638,3,N
47609856,61,F,0,93,10444.8,1,1,Rent,85041,12/12/2024,Thursday,Parking Lot,3,0,91,Broker,1,6,Large,16743.81268,black,16008.90364,2217.688603,1000,1281.43,12.04674281,8,N
48211200,36,M,0,89,90862.4,1,1,Rent,50002,10/21/2024,Monday,Local,3,0,3,Broker,1,8,Medium,23139.77871,white,16797.81137,4024.841258,2000,951.27,10.37719759,2,N
48252672,65,M,1,86,92116.8,1,1,Own,85005,4/27/2023,Thursday,Local,0,0,70,Broker,1,7,Large,14358.38806,white,16498.2077,2999.468348,2000,1341.24,12.05302121,2,N
49455360,51,F,1,94,90862.4,1,0,Rent,85002,12/14/2024,Saturday,Local,0,0,1,Broker,0,4,Compact,10382.17151,blue,24106.37131,3861.463812,2000,1206.26,12.85298607,7,N
49932288,30,F,1,58,90862.4,1,0,Own,15012,2/17/2024,Saturday,Local,0,1,95,Broker,0,3,Compact,39523.01586,other,29095.84019,4249.930818,1000,1328.26,10.10766867,6,N
49953024,56,M,1,86,92116.8,1,1,Rent,20109,4/8/2023,Saturday,Highway,1,0,84,Broker,1,5,Large,8771.741203,blue,3943.084675,10373.14847,1000,1250.08,10.89097699,9,N
50056704,48,M,1,56,10444.8,0,1,Rent,20102,6/30/2023,Friday,Local,0,1,100,Broker,1,3,Large,19174.78399,black,25844.36762,3056.783461,500,982.7,10.77295461,1,N
50098176,51,F,1,67,88190.4,0,1,Own,85078,5/18/2024,Saturday,Local,1,0,50,Broker,0,6,Compact,15381.3635,other,38934.95575,5190.587651,1000,1412.06,10.61187163,4,N
50326272,37,F,0,72,10444.8,0,1,Rent,50021,4/24/2024,Wednesday,Highway,6,0,87,Broker,1,7,Medium,22601.24911,silver,31750.85234,4250.366933,1000,1416.08,10.63404243,4,N
50409216,41,M,1,91,90862.4,1,1,Own,85048,7/1/2024,Monday,Local,0,*,53,Broker,1,2,Medium,19152.14716,silver,23324.47627,11045.43252,2000,1356.64,12.09709476,2,N
50471424,37,F,1,44,92116.8,1,0,Own,80040,1/12/2024,Friday,Parking Lot,0,0,96,Broker,0,2,Compact,47320.23949,black,15261.2443,3800.476505,2000,1387.7,11.95042885,3,N
50554368,67,M,1,87,88190.4,1,1,Own,50009,8/19/2024,Monday,Local,0,0,85,Broker,1,2,Large,9519.020978,black,21463.5885,3947.771246,500,1107.07,9.726200837,5,N
50616576,43,M,1,74,92116.8,1,0,Rent,20146,11/29/2023,Wednesday,Parking Lot,0,1,63,Broker,0,10,Medium,23352.84671,blue,27438.29872,3470.031025,1000,1074.99,9.016438987,2,N
50658048,38,M,0,91,88190.4,0,1,Own,20155,12/30/2023,Saturday,Highway,0,0,93,Broker,1,6,Medium,38814.36139,other,39149.34739,5119.205431,500,1052.85,10.26502719,7,N
51134976,44,F,1,63,30576.0,1,0,Own,85013,11/24/2024,Sunday,Local,0,1,65,Broker,0,3,Medium,20547.90234,red,13869.48024,7232.699884,2000,1181.64,10.19359776,9,Y
51155712,52,F,0,91,33225.6,1,0,Rent,80010,4/14/2023,Friday,Parking Lot,0,0,50,Broker,1,5,Medium,24188.43794,silver,59161.58293,9651.215481,1000,1060.74,7.531237298,3,Y
52773120,44,M,1,64,88190.4,1,1,Rent,20104,11/24/2024,Sunday,Local,0,0,64,Broker,1,3,Compact,32673.51893,white,5926.07104,4314.214079,500,951.56,7.986815405,3,N
52793856,35,M,1,94,90862.4,0,1,Own,20106,10/21/2023,Saturday,Parking Lot,0,0,14,Broker,1,7,Medium,14906.95295,blue,35613.75649,5100.643707,500,1533.71,10.97471588,4,N
52856064,64,F,1,68,92116.8,1,1,Rent,15042,10/18/2023,Wednesday,Parking Lot,2,1,82,Broker,0,3,Compact,31342.58746,silver,10246.34571,5071.843625,1000,1200.09,8.016693369,4,N
52876800,48,M,1,85,10444.8,1,1,Rent,50005,7/31/2024,Wednesday,Parking Lot,0,0,73,Broker,1,7,Large,12496.13199,red,34287.37043,6453.165063,500,1093.83,14.50780687,6,N
52959744,37,F,0,89,90862.4,1,0,Own,85054,3/23/2023,Thursday,Local,1,1,10,Broker,1,5,Compact,25995.39045,gray,9973.16334,8418.866434,1000,1331.94,9.730916555,4,N
53021952,49,M,1,74,92116.8,1,0,Own,80031,1/6/2024,Saturday,Highway,1,0,49,Broker,1,6,Compact,20256.35479,silver,19460.05723,2356.203616,1000,1361.45,8.706313188,4,N
53084160,43,F,0,78,20168.0,0,1,Own,85068,5/12/2023,Friday,Local,0,1,100,Broker,1,3,Compact,59680.86726,blue,42899.89563,6125.003775,2000,1101.83,7.749069519,1,Y
53167104,45,F,1,86,90862.4,1,1,Own,80020,12/20/2023,Wednesday,Parking Lot,2,0,31,Broker,1,2,Compact,40696.9115,silver,36783.74664,2959.874364,1000,1503.21,10.56094774,7,N
53270784,31,F,1,95,90862.4,1,1,Rent,80011,8/1/2024,Thursday,Local,0,0,55,Broker,1,5,Compact,21404.6146,silver,8824.395134,5058.743265,500,944.03,10.83522864,5,N
53291520,59,F,1,79,90862.4,1,0,Rent,50050,7/27/2023,Thursday,Local,0,0,97,Broker,0,4,Large,26694.09452,blue,14447.68618,3069.391334,2000,1453.61,9.035162985,3,N
55717632,38,F,0,58,24678.4,0,1,Rent,85048,12/14/2023,Thursday,Highway,5,0,77,Broker,1,5,Compact,24673.53116,blue,31539.7394,1979.44504,1000,988.93,10.81502768,7,Y
55779840,32,F,0,51,24678.4,1,1,Rent,15025,6/4/2024,Tuesday,Local,0,0,22,Broker,1,4,Medium,36803.43264,black,28771.59829,4346.635858,1000,1331.94,7.790123638,3,Y
55862784,54,M,1,39,24678.4,1,1,Own,50042,8/13/2023,Sunday,Parking Lot,1,0,1,Broker,1,4,Large,16871.3542,silver,19713.946,3524.393,1000,1361.45,11.8619899,3,Y
56028672,44,M,0,53,24678.4,1,1,Own,80020,7/4/2023,Tuesday,Highway,1,1,2,Broker,1,6,Compact,33082.46379,blue,12598.16516,6071.276042,1000,1503.21,9.142627367,1,Y
56795904,47,F,1,84,24678.4,0,0,Rent,20148,4/28/2024,Sunday,Parking Lot,0,0,99,Broker,0,4,Compact,13036.6529,gray,17052.3819,2634.577435,2000,1356.92,12.55954661,4,Y
57314304,53,F,1,80,24678.4,1,1,Own,85071,2/8/2023,Wednesday,Parking Lot,0,0,54,Broker,1,6,Medium,27384.24618,gray,25146.04263,5366.725995,1000,840.95,11.615329,6,Y
57604608,47,M,0,68,82908.8,1,1,Own,85017,10/14/2023,Saturday,Parking Lot,2,1,36,Broker,1,5,Compact,18329.24562,blue,4912.475959,3050.925811,500,722.66,10.77601763,1,N
57729024,40,M,1,88,19024.0,0,0,Rent,80011,2/17/2023,Friday,Local,0,1,42,Broker,0,4,Large,14738.08397,gray,41299.30788,5748.258644,1000,1235.14,9.020345697,3,Y
57832704,43,F,1,47,82908.8,1,1,Own,15001,6/13/2024,Thursday,Local,0,0,23,Broker,1,5,Medium,17805.82292,gray,22511.04515,3408.149507,500,1383.49,12.45686053,8,N
57853440,45,F,1,60,19024.0,1,1,Own,20153,1/4/2024,Thursday,Parking Lot,0,0,93,Broker,1,5,Compact,10639.14072,other,23774.76518,6083.565703,2000,1356.92,8.438971714,7,Y
58351104,60,F,1,88,19024.0,0,0,Rent,20160,12/13/2023,Wednesday,Parking Lot,0,0,93,Broker,0,7,Large,34169.45878,silver,25550.9823,1678.555105,500,1093.83,11.36606239,6,Y
59906304,38,F,0,82,82908.8,1,1,Rent,80022,4/19/2024,Friday,Local,0,1,94,Broker,1,7,Large,7453.060434,silver,12930.9066,4609.697204,1000,1503.21,9.722366581,6,N
59968512,39,M,1,71,82908.8,1,0,Own,15004,7/12/2023,Wednesday,Parking Lot,0,0,51,Broker,1,4,Medium,26763.90853,silver,50541.64564,6572.751633,500,944.03,12.45852566,4,N
60051456,35,F,0,80,19024.0,0,0,Own,15035,12/17/2023,Sunday,Local,0,1,50,Broker,0,1,Compact,33163.7332,white,21810.38047,6915.657682,2000,1453.61,8.101185935,6,Y
60963840,66,F,1,82,82908.8,1,1,Own,50025,3/5/2023,Sunday,Local,0,1,64,Broker,0,3,Compact,11188.58698,blue,19320.57762,2933.464904,1000,1200.09,9.286677715,4,N
61005312,47,M,1,78,19024.0,1,0,Own,80005,8/20/2023,Sunday,Parking Lot,0,0,50,Broker,0,5,Large,19519.53785,silver,12914.29002,13872.24633,500,1093.83,8.867315681,3,Y
61440768,27,F,1,87,19024.0,1,1,Rent,50051,2/10/2023,Friday,Parking Lot,0,0,100,Broker,1,5,Large,24905.93116,red,37106.39854,16152.24286,1000,1503.21,10.90169811,4,Y
61668864,44,F,0,65,19024.0,1,0,Own,80108,11/18/2024,Monday,Highway,2,0,7,Broker,0,4,Medium,15546.29431,gray,24990.60144,5433.398364,1000,1248.05,9.176071676,2,Y
62021376,34,F,1,61,82908.8,0,1,Own,50039,1/1/2023,Sunday,Highway,0,0,56,Broker,1,9,Large,13461.41345,gray,38546.41428,3550.848641,1000,1235.14,11.27528309,4,N
62373888,42,M,1,66,82908.8,1,0,Own,85029,6/23/2024,Sunday,Parking Lot,0,0,67,Broker,1,7,Compact,16392.98714,blue,8029.962605,4349.506748,500,951.56,10.83746934,5,N
62394624,40,F,1,86,19024.0,0,1,Own,15037,12/5/2024,Thursday,Local,0,0,99,Broker,1,11,Compact,12325.0191,red,22664.64315,7421.631597,500,1533.71,9.609807007,6,Y
63327744,52,M,1,76,82908.8,1,1,Rent,20128,7/26/2023,Wednesday,Local,0,0,0,Broker,1,4,Large,16857.50606,blue,10427.24588,1345.00422,1000,1280.88,9.054816982,5,N
63348480,51,F,0,87,19024.0,1,0,Own,80036,10/8/2023,Sunday,Local,0,1,20,Broker,0,7,Large,26005.41833,gray,13494.58743,6563.736509,500,722.66,11.41490634,0,Y
63597312,33,F,1,81,82908.8,1,0,Own,80002,2/27/2024,Tuesday,Local,0,1,36,Broker,1,5,Medium,14790.96572,silver,7639.406776,3162.611761,1000,1436.79,13.3230961,2,N
63638784,44,F,1,97,19024.0,1,0,Own,80105,1/5/2024,Friday,Local,0,0,69,Broker,1,4,Large,19561.89162,other,35327.57128,29763.66989,500,1383.49,10.85180798,9,Y
64302336,48,F,1,86,19024.0,0,1,Rent,15021,9/5/2023,Tuesday,Highway,0,0,0,Broker,0,1,Large,10240.09443,blue,36170.437,16594.26344,1000,1331.94,11.06329379,5,Y
64447488,50,M,1,82,82908.8,1,0,Own,80034,12/1/2024,Sunday,Local,0,0,50,Broker,1,4,Medium,30278.20066,black,15591.0622,2111.731127,1000,1722.5,10.299716,5,N
64468224,41,M,1,74,19024.0,1,1,Own,85063,10/20/2023,Friday,Highway,0,1,35,Broker,1,6,Medium,20311.32802,silver,11873.05649,4770.63096,500,944.03,11.246345,7,Y
65007360,50,F,0,74,82908.8,1,0,Rent,80013,2/2/2023,Thursday,Highway,2,0,0,Broker,1,6,Medium,29758.00183,red,25025.06734,9741.473424,1000,1436.79,8.48588964,7,N
65028096,50,F,1,64,19024.0,0,0,Own,50055,1/17/2024,Wednesday,Local,1,1,91,Broker,0,6,Compact,12378.74621,gray,38477.68538,7176.486638,500,1383.49,12.41945423,5,Y
65318400,86,M,0,68,19024.0,1,1,Rent,15060,12/7/2023,Thursday,Highway,0,0,59,Broker,0,4,Compact,17222.05913,black,15454.80991,6612.613031,1000,988.93,7.776859005,1,Y
65546496,44,M,1,50,82908.8,0,0,Own,80045,11/6/2024,Wednesday,Highway,0,0,4,Broker,0,2,Medium,44975.58862,other,9435.127534,4949.435616,1000,840.95,6.501588997,4,N
65774592,42,F,0,52,82908.8,0,0,Own,50008,10/24/2023,Tuesday,Local,0,0,19,Broker,1,6,Compact,46119.68381,gray,24857.70746,6802.923168,1000,1722.5,8.401012646,3,N
65919744,39,F,1,96,19024.0,1,1,Own,20109,1/9/2023,Monday,Local,0,1,59,Broker,1,5,Compact,14650.51373,red,7432.207069,2245.261406,1000,1280.88,10.76431641,10,Y
66210048,36,M,1,63,82908.8,1,0,Own,80006,3/3/2023,Friday,Parking Lot,0,0,99,Broker,0,9,Medium,48879.92852,gray,31111.02991,3411.101586,1000,1436.79,11.29898939,4,N
66811392,48,F,1,73,19024.0,1,0,Rent,85044,3/23/2024,Saturday,Local,0,0,77,Broker,0,3,Compact,13854.03434,red,31913.17367,4164.406561,1000,1331.94,10.8338768,5,Y
67889664,65,M,0,70,82908.8,0,0,Own,15057,12/30/2023,Saturday,Parking Lot,0,0,50,Broker,1,3,Compact,50229.78131,black,19766.39002,5359.496728,1000,1361.45,9.592694579,2,N
68719104,38,M,1,56,19024.0,0,0,Rent,15025,8/5/2024,Monday,Local,1,1,1,Broker,0,3,Large,25644.93961,red,13868.92467,8041.761798,1000,1310.8,11.50321295,4,Y
69175296,49,M,1,77,19024.0,1,1,Rent,15034,7/29/2023,Saturday,Highway,0,0,91,Broker,1,5,Large,17451.61286,black,19814.45277,12693.45525,500,1533.71,9.679504771,2,Y
69610752,44,M,1,93,82908.8,1,0,Rent,20140,9/11/2023,Monday,Highway,1,1,100,Broker,1,1,Large,31128.77745,gray,17478.8044,5118.666579,1000,840.95,11.19704975,1,N
69735168,47,M,0,65,82908.8,1,1,Own,50032,5/19/2024,Sunday,Local,0,0,39,Broker,0,3,Compact,20761.75784,blue,10830.20466,3801.853816,1000,1722.5,9.557822502,4,N
69776640,38,F,1,82,19024.0,1,1,Own,20118,4/6/2024,Saturday,Parking Lot,2,0,16,Broker,1,3,Compact,28506.358,blue,22417.47907,15493.06913,500,944.03,10.85170699,9,Y
70004736,48,F,1,83,19024.0,1,1,Rent,50049,11/7/2023,Tuesday,Highway,0,0,11,Broker,1,9,Medium,18428.66133,silver,24026.74926,12452.64041,500,1672.88,7.617808548,2,Y
70295040,35,F,1,93,92585.6,0,0,Own,15044,5/24/2024,Friday,Local,0,0,97,Broker,1,8,Medium,26209.90837,silver,15018.02756,4742.180844,500,1564.43,8.762972392,2,N
70336512,47,F,1,75,92585.6,0,1,Rent,50023,6/26/2024,Wednesday,Parking Lot,0,0,11,Broker,1,4,Medium,86535.3407,red,22425.91998,7850.624107,500,722.66,11.60525397,5,N
70419456,45,M,0,82,10904.0,1,0,Own,80022,5/31/2023,Wednesday,Local,0,0,84,Broker,1,2,Compact,32660.83271,black,32156.69687,3411.071585,1000,1310.8,8.823514534,4,Y
70460928,62,M,0,84,92585.6,1,1,Rent,20124,9/27/2023,Wednesday,Local,0,0,81,Broker,0,4,Compact,30454.59527,gray,14703.20963,2582.746139,1000,1436.79,9.518707912,2,N
70606080,33,F,0,81,92585.6,1,1,Own,20152,11/24/2024,Sunday,Highway,0,0,0,Broker,0,3,Large,12305.61696,blue,41655.85819,2768.334961,500,951.56,11.1312051,7,N
75085056,31,M,1,80,84964.8,1,0,Rent,20109,4/21/2024,Sunday,Local,0,0,97,Broker,1,2,Medium,5521.625865,white,29824.50612,2769.748688,1000,1361.45,8.966429404,6,N
75209472,42,M,1,60,139830.4,0,1,Own,20102,5/12/2024,Sunday,Local,0,0,0,Broker,1,7,Medium,15530.08401,gray,22104.30213,8465.676242,1000,840.95,10.68450552,4,N
76121856,62,M,0,83,27504.0,1,1,Own,85068,12/28/2023,Thursday,Parking Lot,3,0,25,Broker,1,7,Large,12914.43797,red,45548.14662,2882.698624,2000,1356.92,10.31522484,3,Y
76847616,45,M,1,71,139830.4,1,0,Own,85021,6/7/2024,Friday,Local,5,0,78,Broker,1,4,Compact,41410.65561,other,18573.81925,8550.56348,2000,1188.51,7.873776554,2,N
77303808,60,M,1,83,27504.0,1,0,Own,50047,9/8/2023,Friday,Highway,0,0,86,Broker,1,4,Medium,22387.28963,blue,26858.12781,4854.021513,1000,1280.88,11.2758884,7,Y
77345280,44,M,1,92,99017.6,1,1,Own,15035,5/24/2023,Wednesday,Parking Lot,0,0,0,Broker,1,5,Medium,45758.81181,black,24134.12736,4111.830541,500,722.66,12.16356811,2,N
77697792,52,F,0,83,84964.8,1,1,Own,80030,2/11/2023,Saturday,Parking Lot,0,0,0,Broker,1,3,Large,20060.40761,silver,31121.73626,3129.7518,500,1383.49,11.84162714,4,N
78174720,42,M,1,84,84964.8,0,1,Own,20109,2/11/2023,Saturday,Parking Lot,0,0,99,Broker,0,5,Medium,14670.43397,silver,21663.32125,4622.776584,1000,1331.94,9.669772174,5,N
78278400,36,M,0,45,27504.0,1,1,Rent,20163,3/18/2024,Monday,Local,1,1,59,Broker,1,8,Medium,22823.47064,silver,10525.91895,3456.289945,1000,1361.45,13.53757466,4,Y
78444288,47,M,0,85,99017.6,1,0,Own,85063,8/21/2024,Wednesday,Highway,0,1,46,Broker,0,5,Compact,17361.17313,silver,12579.90744,5494.464897,2000,1188.51,9.812519335,4,N
78547968,50,F,1,89,84964.8,0,0,Rent,85071,11/11/2023,Saturday,Parking Lot,0,0,3,Broker,1,6,Large,38031.44895,silver,26705.9366,2092.714983,1000,1722.5,11.54706628,6,N
78568704,54,M,1,75,27504.0,1,0,Own,15030,4/9/2023,Sunday,Highway,0,0,51,Broker,1,7,Large,26101.33771,black,11118.3893,1074.271192,500,944.03,9.208389926,5,Y
78589440,47,M,0,86,99017.6,0,1,Own,80109,5/21/2024,Tuesday,Highway,0,0,54,Broker,1,2,Medium,34276.06221,red,9090.222643,6121.265005,2000,1453.61,7.55686212,6,N
78693120,50,F,1,81,139830.4,1,1,Rent,15001,7/5/2023,Wednesday,Local,0,0,4,Broker,0,5,Medium,23258.85392,white,13603.25982,6355.541581,500,1672.88,8.889790168,3,N
78962688,41,F,0,80,84964.8,1,0,Rent,85072,6/12/2023,Monday,Local,0,1,4,Broker,1,5,Medium,7139.53907,black,13458.68865,8268.473717,1000,1347.04,10.86812461,0,N
78983424,49,F,1,87,27504.0,1,1,Rent,80036,12/7/2023,Thursday,Parking Lot,0,0,55,Broker,1,6,Compact,16281.09882,gray,11896.91939,2024.938246,1000,1310.8,8.802842187,5,Y
79004160,49,M,0,87,99017.6,0,1,Rent,50010,7/19/2023,Wednesday,Local,0,0,7,Broker,0,8,Large,12550.5303,white,26244.7629,4247.463521,1000,1436.79,11.04744618,5,N
79729920,62,M,0,82,99017.6,1,1,Rent,50056,5/20/2023,Saturday,Local,0,1,15,Broker,0,3,Medium,15999.55666,silver,14931.84929,3012.926359,1000,1722.5,9.238567443,5,N
80144640,67,F,1,86,27504.0,1,1,Rent,50054,5/4/2023,Thursday,Local,3,1,4,Broker,1,4,Large,7171.99229,other,10772.6355,3582.011128,1000,1235.14,7.870921475,2,Y
80206848,54,F,0,46,139830.4,1,1,Own,50020,8/10/2023,Thursday,Parking Lot,1,0,50,Broker,0,5,Compact,10712.74028,blue,16031.29479,1473.33217,1000,1310.8,7.141083124,8,N
80269056,60,M,1,61,84964.8,1,1,Rent,50043,5/24/2023,Wednesday,Parking Lot,0,0,76,Broker,0,5,Compact,36759.12895,silver,18724.2007,5054.747223,2000,1356.92,10.61114706,3,N
80331264,33,M,1,93,99017.6,1,1,Rent,20143,5/27/2023,Saturday,Parking Lot,0,0,5,Broker,0,6,Medium,27578.21233,black,33485.87211,7266.58763,1000,1060.74,9.095421285,6,N
80600832,52,F,1,80,84964.8,1,1,Own,85003,2/26/2024,Monday,Local,0,0,50,Broker,0,3,Large,16531.39301,white,17062.82532,5480.168628,1000,1331.94,9.579661826,5,N
80808192,50,F,1,88,139830.4,1,1,Rent,50005,12/27/2024,Friday,Local,2,0,6,Broker,1,5,Compact,29703.66748,silver,7521.594979,5610.337174,2000,1101.83,9.69964805,2,N
80953344,39,F,0,61,27504.0,0,0,Own,85033,7/7/2023,Friday,Highway,1,1,23,Broker,1,5,Medium,29104.57218,black,31671.70707,2940.913917,500,944.03,8.451997586,7,Y
81077760,42,F,0,84,99017.6,1,1,Own,50054,11/6/2023,Monday,Highway,0,0,15,Broker,0,3,Compact,30157.73322,other,22561.92537,6717.249807,2000,1453.61,10.81834791,6,N
81388800,43,M,1,37,84964.8,1,1,Own,15043,6/1/2023,Thursday,Local,0,1,54,Broker,0,3,Medium,10196.10343,red,23576.9134,3637.076732,1000,1347.04,8.996826979,3,N
81471744,57,F,1,75,27504.0,1,1,Rent,50013,8/24/2024,Saturday,Local,2,0,50,Broker,1,6,Medium,16318.95273,black,31816.56978,1391.859723,1000,1310.8,10.41049893,5,Y
81492480,57,F,1,64,99017.6,1,1,Rent,80027,10/14/2023,Saturday,Parking Lot,0,0,49,Broker,0,4,Compact,20430.66328,silver,42360.1064,4628.770095,1000,1436.79,9.514473348,7,N
81513216,32,M,1,60,139830.4,1,1,Rent,15022,6/3/2024,Monday,Local,0,1,22,Broker,1,7,Compact,16218.99812,blue,12424.72486,8555.371444,500,1383.49,8.778279774,7,N
81927936,43,F,1,93,84964.8,1,1,Own,15047,6/25/2023,Sunday,Local,0,0,95,Broker,1,4,Medium,17557.08637,other,18146.52843,2252.118103,1000,1331.94,10.84650589,2,N
81948672,38,M,0,94,27504.0,0,1,Own,50025,4/21/2024,Sunday,Parking Lot,0,0,10,Broker,0,2,Compact,15715.95679,other,27809.82736,3976.834132,1000,1361.45,11.15997287,1,Y
81969408,36,F,1,92,99017.6,0,0,Own,50037,3/5/2023,Sunday,Parking Lot,0,0,50,Broker,0,4,Large,30783.30451,gray,29667.50758,5940.725461,2000,1188.51,8.861483299,4,N
81990144,43,M,0,42,139830.4,1,1,Own,15035,4/29/2023,Saturday,Parking Lot,0,0,73,Broker,0,2,Medium,48512.76497,blue,27122.54916,4916.325961,2000,1101.83,10.67428871,6,N
82550016,54,F,1,63,84964.8,0,0,Rent,85031,9/25/2024,Wednesday,Parking Lot,0,1,33,Broker,1,7,Medium,21362.79457,black,9328.740782,2558.440191,1000,1235.14,12.40008396,7,N
82591488,53,M,1,90,27504.0,0,1,Rent,85027,10/28/2023,Saturday,Highway,0,1,73,Broker,0,4,Compact,13376.89349,red,33764.3422,7146.319656,1000,1347.04,11.58567394,5,Y
82632960,42,M,1,75,99017.6,1,0,Rent,85018,12/14/2023,Thursday,Local,3,1,18,Broker,1,3,Medium,4056.298636,blue,12753.89258,4848.686197,1000,1310.8,7.421417057,3,N
83130624,32,M,0,72,99017.6,1,1,Own,15012,1/12/2023,Thursday,Parking Lot,0,0,34,Broker,1,7,Large,22400.3269,black,37161.37403,3924.49871,500,1093.83,13.26280163,3,N
83731968,34,M,1,66,99017.6,1,0,Own,85002,11/3/2023,Friday,Local,0,1,65,Broker,1,5,Large,34458.87381,other,35875.68175,7008.604146,1000,1280.88,10.61393942,2,N
84125952,56,M,1,78,27504.0,0,0,Rent,85008,10/11/2023,Wednesday,Parking Lot,0,0,77,Broker,1,3,Compact,44438.52538,silver,59800.43779,5153.58957,500,1383.49,11.24174659,2,Y
84167424,37,F,1,58,99017.6,1,1,Own,80028,3/25/2023,Saturday,Parking Lot,0,0,50,Broker,0,2,Medium,16062.81813,black,26569.18644,7827.164917,2000,1356.92,11.65240013,3,N
84602880,48,F,1,79,84964.8,0,0,Own,85031,12/29/2023,Friday,Local,2,0,91,Broker,1,3,Medium,11853.36881,black,11177.52981,4898.790232,2000,1188.51,12.56179932,4,N
84685824,43,M,1,88,99017.6,0,1,Own,85011,3/7/2024,Thursday,Local,0,0,99,Broker,1,6,Large,18673.38962,red,23103.74824,3676.488351,1000,840.95,11.87468933,6,N
84748032,60,M,1,84,139830.4,1,0,Own,85068,9/23/2024,Monday,Local,2,0,82,Broker,1,6,Medium,15075.89586,other,31183.59193,5726.886268,1000,1503.21,11.1949865,2,N
87257088,59,M,1,87,25224.0,1,1,Rent,50036,5/31/2023,Wednesday,Parking Lot,0,1,45,Broker,1,3,Compact,28913.13791,blue,37333.85868,3238.609416,500,1093.83,9.219973634,4,Y
87651072,40,F,0,81,29009.6,1,0,Own,50025,12/3/2023,Sunday,Parking Lot,0,0,17,Broker,0,5,Large,25175.7162,white,17971.93843,6193.435456,1000,1503.21,9.645008689,4,Y
88729344,41,F,1,52,159411.2,1,0,Rent,20156,8/25/2024,Sunday,Highway,1,1,74,Broker,1,7,Medium,44617.31907,black,25319.86346,2059.20161,1000,1361.45,14.67427094,2,N
88812288,64,F,1,73,36532.8,1,0,Own,20112,5/9/2024,Thursday,Highway,0,0,96,Broker,1,6,Compact,16095.80981,gray,58582.65015,6446.784973,2000,1188.51,8.049738247,6,Y
89061120,48,F,1,94,159411.2,1,1,Own,80001,12/13/2023,Wednesday,Local,0,0,99,Broker,0,7,Large,52585.68863,gray,38485.03538,4418.143686,500,944.03,10.39006637,5,N
89081856,36,M,1,86,159411.2,1,0,Own,15001,10/13/2023,Friday,Parking Lot,0,0,57,Broker,1,5,Compact,10346.01011,gray,19085.97126,5114.886095,2000,1453.61,10.56948157,3,N
89164800,46,M,0,72,159411.2,0,1,Own,80037,4/8/2024,Monday,Local,1,0,14,Broker,0,9,Compact,31390.2174,other,15145.37036,4925.313597,1000,1248.05,12.39330967,6,N
89227008,52,M,0,56,159411.2,0,1,Own,80012,3/6/2023,Monday,Highway,1,0,50,Broker,1,5,Medium,26883.0106,white,24181.97016,4229.318845,500,1564.43,9.892921898,3,N
89330688,35,F,1,78,159411.2,0,0,Own,80024,5/31/2024,Friday,Local,4,0,9,Broker,1,4,Medium,26508.39105,silver,15747.19325,3842.847238,500,722.66,9.94861309,3,N
89413632,36,F,1,95,37328.0,0,1,Own,15030,12/5/2024,Thursday,Parking Lot,0,0,86,Broker,1,1,Medium,11507.36998,white,20602.51755,2347.074797,1000,1235.14,8.646630378,4,Y
89434368,44,F,1,86,40529.6,0,1,Own,20116,4/23/2023,Sunday,Local,0,0,3,Broker,0,4,Compact,16618.47584,other,21525.77545,6504.345597,1000,1347.04,10.91634975,9,Y
92586240,42,F,1,94,29787.2,1,0,Own,15009,5/21/2024,Tuesday,Local,0,0,35,Broker,1,6,Compact,32833.55848,silver,9615.463726,1047.999052,1000,1436.79,10.58365329,5,Y
93540096,38,M,1,85,82908.8,1,1,Rent,85013,8/24/2024,Saturday,Local,3,0,83,Broker,1,2,Compact,17481.7004,black,11254.15085,4342.30749,1000,1248.05,8.201939063,6,N
93602304,36,M,1,66,82908.8,1,0,Own,50011,4/21/2023,Friday,Local,3,1,2,Broker,1,6,Compact,20129.67695,other,7142.333994,3924.348923,500,1564.43,9.67966542,4,N
94162176,45,M,1,40,82908.8,0,1,Own,20105,5/24/2024,Friday,Parking Lot,0,0,98,Broker,0,3,Compact,14185.4546,black,32964.82034,2475.338982,1000,1200.09,8.661258375,6,N
94245120,43,M,1,72,82908.8,0,0,Own,80041,2/20/2024,Tuesday,Local,1,0,4,Broker,1,4,Compact,31157.84229,white,26557.27219,10842.60354,1000,988.93,11.86134286,6,N
94763520,57,F,1,87,82908.8,1,0,Rent,20111,2/5/2024,Monday,Local,0,0,98,Broker,0,8,Compact,22674.42646,other,43747.84483,7130.717758,1000,1280.88,9.24782162,4,N
94929408,41,M,1,88,82908.8,0,1,Own,15010,6/19/2024,Wednesday,Parking Lot,0,0,47,Broker,1,4,Large,16619.30515,red,27604.71403,5006.496837,1000,1235.14,11.5208419,2,N
95074560,59,M,1,86,82908.8,1,0,Own,15015,7/7/2023,Friday,Local,0,0,91,Broker,1,3,Medium,17541.45404,other,34297.38298,5262.336279,1000,1347.04,12.08514669,2,N
95841792,46,M,1,59,82908.8,1,1,Rent,20160,11/30/2024,Saturday,Local,0,1,96,Broker,0,4,Medium,35032.36414,other,20052.85672,3947.383102,1000,840.95,13.5496579,1,N
95862528,40,M,0,96,82908.8,1,1,Rent,85078,7/6/2024,Saturday,Local,1,0,52,Broker,1,5,Large,21864.22807,gray,33243.14714,5530.091297,1000,1503.21,6.278528808,3,N
95883264,56,M,1,78,82908.8,1,1,Own,85026,12/3/2024,Tuesday,Parking Lot,1,1,100,Broker,1,7,Medium,29966.82681,black,48577.01107,7201.513064,1000,1722.5,10.1677829,6,N
95986944,45,F,0,88,82908.8,0,0,Own,20119,5/11/2023,Thursday,Local,0,0,80,Broker,1,6,Compact,7787.945922,red,46861.52212,3214.683413,2000,1453.61,9.612242332,5,N
96132096,74,F,1,82,82908.8,1,1,Own,20107,2/21/2024,Wednesday,Highway,1,0,99,Broker,1,2,Medium,49718.00992,white,32716.21229,10629.84865,1000,1248.05,8.334190319,1,N
96152832,49,F,1,90,82908.8,1,0,Rent,80005,9/28/2023,Thursday,Local,0,0,67,Broker,1,6,Compact,9419.233918,red,26377.17475,8939.161436,500,1564.43,9.563548785,4,N
96194304,39,F,1,72,82908.8,1,0,Rent,50048,12/22/2024,Sunday,Local,0,0,93,Broker,0,5,Compact,16448.76576,silver,22202.39796,3285.696207,1000,1280.88,11.7745693,4,N
96339456,32,M,1,61,82908.8,1,0,Rent,20153,10/3/2024,Thursday,Highway,1,1,99,Broker,0,6,Large,27168.32582,white,41525.66747,4905.280618,1000,1347.04,9.24975709,4,N
96401664,41,F,1,72,82908.8,0,1,Rent,50029,6/28/2024,Friday,Local,0,0,25,Broker,0,10,Large,19648.65257,blue,43652.75217,3824.428986,1000,1310.8,11.77364562,4,N
96422400,48,M,1,73,11939.2,1,0,Own,85020,10/12/2023,Thursday,Parking Lot,0,1,47,Broker,0,4,Compact,35039.77727,other,28125.86993,3302.723514,1000,1436.79,11.81356939,5,Y
96443136,51,F,1,71,82908.8,1,0,Rent,80033,8/12/2024,Monday,Local,0,0,98,Broker,0,7,Compact,19923.31311,silver,10891.69098,9671.551949,500,1383.49,9.664512539,8,N
96505344,58,F,0,86,32931.2,1,1,Own,80033,6/24/2023,Saturday,Parking Lot,5,0,2,Broker,1,8,Compact,22365.46442,gray,18016.26822,4625.834701,1000,766.19,12.17232249,4,Y
97023744,56,F,1,82,87097.6,1,0,Own,80014,6/23/2023,Friday,Parking Lot,1,1,50,Broker,0,3,Medium,9974.720195,red,40796.06285,7524.962751,2000,1188.51,10.21523063,0,N
97396992,46,F,1,85,87097.6,1,0,Own,85002,7/24/2024,Wednesday,Local,0,0,100,Broker,0,7,Medium,12773.60729,other,21977.93014,2774.519081,500,944.03,8.499218444,5,N
97438464,47,F,1,84,25468.8,1,1,Rent,80033,11/24/2023,Friday,Local,0,0,76,Broker,1,4,Medium,30612.66359,gray,14972.80821,4020.827775,2000,1453.61,9.804492286,3,Y
97998336,36,F,1,91,25468.8,1,0,Own,15032,1/2/2024,Tuesday,Parking Lot,1,0,99,Broker,0,2,Compact,11732.20217,gray,24899.03449,9665.876605,1000,766.19,10.50887539,8,Y
98516736,42,F,1,65,87097.6,1,0,Own,50020,1/7/2023,Saturday,Local,0,1,35,Broker,0,5,Compact,14928.91017,other,15003.32036,2861.361045,2000,1188.51,9.570234033,7,N
98558208,56,F,1,67,25468.8,1,1,Rent,20151,5/13/2023,Saturday,Local,0,0,99,Broker,0,5,Medium,48756.57453,white,12878.27316,4797.740043,2000,1101.83,12.52685389,5,Y
98972928,50,M,1,84,87097.6,0,1,Rent,20152,12/13/2023,Wednesday,Local,0,0,9,Broker,1,10,Large,7844.768762,blue,13810.21129,4495.888828,1000,1280.88,9.328909698,4,N
99159552,28,M,1,77,87097.6,1,0,Rent,15043,1/1/2024,Monday,Local,3,0,76,Broker,0,5,Medium,15463.813,blue,14548.8938,1855.331511,1000,1310.8,11.09365008,5,N
99242496,52,M,0,66,25468.8,1,1,Own,20138,6/23/2023,Friday,Parking Lot,0,0,28,Broker,1,2,Large,36439.27426,other,32032.61408,3050.149955,1000,1436.79,10.59697472,6,Y
99532800,57,M,0,76,87097.6,1,1,Own,50038,4/27/2023,Thursday,Local,0,0,36,Broker,1,3,Medium,18461.85003,blue,13062.19195,1846.969346,500,1533.71,8.485138265,3,N
99698688,77,M,1,74,87097.6,1,0,Own,50006,8/12/2023,Saturday,Highway,0,0,49,Broker,1,4,Medium,22581.03984,blue,11519.99087,5250.284215,1000,988.93,10.76660941,2,N
99719424,47,M,1,86,25468.8,0,1,Own,15060,4/28/2024,Sunday,Highway,0,1,70,Broker,1,3,Medium,21281.57083,blue,20161.54582,2638.656018,1000,1331.94,8.875285401,5,Y
100113408,35,F,1,73,87097.6,1,0,Own,20109,1/29/2024,Monday,Parking Lot,3,0,29,Broker,1,7,Large,25478.72848,blue,15454.08806,8099.992774,2000,1453.61,8.87025402,6,N
100175616,62,F,0,61,25468.8,1,0,Own,15022,10/21/2024,Monday,Highway,1,0,75,Broker,0,2,Large,16243.35317,silver,12727.55179,5559.875794,500,1672.88,12.08081149,4,Y
100528128,43,M,1,83,87097.6,1,1,Own,85013,8/20/2023,Sunday,Local,6,0,98,Broker,1,5,Medium,8067.121338,silver,12002.66938,3458.34767,1000,1310.8,8.800701555,3,N
100569600,53,M,1,77,25468.8,1,1,Own,50002,4/19/2023,Wednesday,Highway,0,1,86,Broker,0,9,Compact,26630.4683,blue,11767.06744,3472.179488,1000,1436.79,10.32806297,5,Y
101606400,36,M,1,88,87097.6,0,0,Rent,20101,10/18/2023,Wednesday,Highway,5,1,69,Broker,1,7,Compact,28813.43709,red,14721.59071,2014.778549,500,944.03,9.565464882,7,N
101710080,57,F,0,71,87097.6,0,1,Own,50022,10/7/2024,Monday,Parking Lot,0,0,83,Broker,1,3,Medium,12095.49738,black,19418.95535,1944.799752,1000,1248.05,7.476600276,6,N
101938176,33,M,1,84,87097.6,0,1,Own,80025,1/27/2024,Saturday,Local,0,0,97,Broker,1,3,Compact,7664.381052,red,19804.82414,3733.915107,1000,1347.04,7.574617528,4,N
102311424,45,M,1,81,25468.8,0,1,Rent,85035,11/25/2023,Saturday,Local,1,0,50,Broker,1,9,Compact,24907.01082,red,22054.44839,6592.985949,1000,1060.74,9.685016209,2,Y
102643200,42,M,1,89,25468.8,1,1,Rent,20149,9/9/2024,Monday,Parking Lot,0,0,88,Broker,1,1,Large,7835.82939,other,8631.145707,6390.310698,1000,988.93,10.15033538,3,Y
102767616,34,M,1,66,25468.8,1,1,Rent,15024,12/23/2024,Monday,Local,0,0,9,Broker,1,3,Compact,16408.90764,black,21249.1208,8612.356648,2000,1101.83,8.954281825,2,Y
103576320,41,M,1,54,29420.8,0,1,Rent,80020,6/30/2023,Friday,Parking Lot,0,0,51,Broker,0,8,Compact,38809.10131,red,41237.84009,3482.971086,1000,766.19,6.256071976,2,Y
104467968,31,F,1,85,44969.6,1,0,Rent,15012,5/24/2024,Friday,Highway,0,0,16,Broker,1,3,Large,7883.444172,red,13762.35245,4326.081602,1000,1280.88,9.011046549,4,Y
105649920,57,M,0,67,34672.0,0,0,Rent,20128,7/19/2023,Wednesday,Highway,0,0,87,Broker,0,2,Compact,28081.68986,blue,14399.84211,7622.100514,1000,1248.05,8.615898326,3,Y
106811136,51,M,1,71,82908.8,0,1,Rent,85066,5/10/2024,Friday,Local,0,0,13,Broker,1,2,Compact,28966.37715,red,29741.3981,2296.090264,1000,840.95,9.561932957,3,N
109983744,51,M,0,68,82908.8,1,1,Rent,50022,12/5/2024,Thursday,Parking Lot,0,0,89,Broker,1,4,Medium,12356.73613,white,23161.01439,5220.62018,1000,1347.04,12.4255067,10,N
110833920,47,M,1,63,111603.2,1,1,Rent,85050,12/5/2023,Tuesday,Local,0,0,8,Broker,1,4,Medium,25257.23493,gray,34764.55675,10970.14091,1000,1503.21,10.26887434,5,N
110854656,34,M,1,74,111603.2,1,1,Own,85077,4/2/2024,Tuesday,Highway,2,0,52,Broker,1,8,Medium,24844.44451,silver,31266.59266,4102.539193,1000,1722.5,11.60432037,2,N
111207168,59,F,1,31,111603.2,1,1,Rent,80047,8/8/2023,Tuesday,Local,0,1,97,Broker,1,4,Medium,17228.12042,silver,15381.03941,7072.106236,1000,1280.88,13.29951412,9,N
111290112,55,F,1,85,111603.2,1,0,Own,85013,4/1/2024,Monday,Local,2,0,21,Broker,1,6,Compact,23537.97206,gray,14852.44677,6429.898992,1000,1235.14,10.39643796,4,N
111414528,34,M,1,88,111603.2,0,1,Rent,80105,7/8/2024,Monday,Parking Lot,2,0,56,Broker,1,5,Medium,14443.33787,gray,18126.29384,7174.550025,1000,1347.04,10.37608221,4,N
111912192,54,F,1,90,111603.2,0,0,Own,20132,3/31/2023,Friday,Local,0,0,24,Broker,1,5,Compact,45767.8642,white,29206.97205,3500.583624,1000,1331.94,8.458186809,3,N
111932928,48,M,0,64,111603.2,1,1,Own,20152,11/20/2023,Monday,Local,0,0,81,Broker,1,3,Medium,29490.00075,gray,14869.61675,2705.746084,1000,1361.45,5.731299988,5,N
112015872,47,M,1,52,111603.2,1,1,Rent,85065,2/19/2023,Sunday,Parking Lot,0,0,100,Broker,1,5,Compact,7188.78106,other,23369.88113,5445.942017,2000,1101.83,10.16061434,4,N
112161024,56,F,1,61,111603.2,1,1,Own,50002,9/17/2024,Tuesday,Parking Lot,0,0,4,Broker,1,7,Compact,17237.64385,red,19129.64737,3763.046557,1000,840.95,10.12163987,3,N
112181760,50,M,1,94,111603.2,0,1,Own,80104,1/4/2023,Wednesday,Parking Lot,0,0,50,Broker,1,5,Large,25251.31523,white,19322.80363,3172.476038,1000,1503.21,7.467805572,7,N
112223232,48,M,1,75,111603.2,1,1,Rent,80020,10/5/2023,Thursday,Parking Lot,0,1,2,Broker,0,4,Medium,29885.38575,red,22553.64976,3938.690862,1000,1722.5,9.368200148,3,N
113633280,39,F,0,64,111603.2,1,1,Own,15001,6/24/2023,Saturday,Parking Lot,0,0,31,Broker,0,1,Medium,31464.20196,blue,12450.57971,4220.113208,2000,1188.51,10.63338973,7,N
113736960,39,M,1,81,111603.2,1,1,Rent,15018,11/30/2024,Saturday,Parking Lot,0,1,63,Broker,1,4,Large,34704.82967,blue,13140.1956,7269.616995,2000,1101.83,9.008854206,4,N
113757696,62,M,1,33,111603.2,1,1,Rent,50010,2/18/2024,Sunday,Parking Lot,3,0,3,Broker,1,10,Medium,16278.24016,black,25701.71928,4360.72728,1000,840.95,9.656916444,1,N
113861376,41,M,1,68,111603.2,1,0,Rent,20102,4/8/2024,Monday,Highway,1,1,19,Broker,0,6,Large,29639.60084,gray,34457.16081,2617.836281,1000,1503.21,10.06577356,2,N
113882112,64,F,1,46,111603.2,1,0,Rent,50032,5/25/2024,Saturday,Parking Lot,1,0,11,Broker,0,5,Compact,28962.2869,white,13701.08482,5133.572477,1000,1722.5,8.569404395,1,N
117987840,74,F,1,84,111603.2,1,0,Rent,20136,12/12/2023,Tuesday,Local,0,0,84,Broker,1,8,Large,7376.326637,red,11419.97113,1297.910456,500,951.56,9.278670976,8,N
118029312,46,M,1,66,111603.2,1,0,Own,80027,1/9/2023,Monday,Highway,0,1,0,Broker,0,4,Medium,14964.52308,blue,14967.21966,2321.331801,500,1533.71,11.27340153,2,N
118464768,53,M,0,54,111603.2,1,1,Rent,80027,12/19/2023,Tuesday,Highway,0,0,0,Broker,0,6,Medium,8926.572527,gray,50891.20655,6425.340246,1000,1503.21,10.42459844,2,N
118526976,34,M,1,68,111603.2,0,1,Own,50057,1/19/2024,Friday,Local,0,0,99,Broker,1,6,Large,25876.52601,gray,12645.69896,4543.905164,1000,1722.5,10.56080979,2,N
118713600,43,F,1,72,111603.2,1,1,Own,20148,9/29/2024,Sunday,Highway,0,0,81,Broker,1,9,Large,18317.20137,red,9593.602588,5085.526008,500,944.03,10.61377466,2,N
118817280,32,M,0,49,-1.6,0,1,Rent,15022,8/27/2023,Sunday,Parking Lot,0,1,92,Broker,1,3,Large,27550.16141,gray,16293.71651,4407.63998,500,1672.88,10.9534767,3,N
118879488,67,F,1,50,111603.2,0,1,Own,15010,9/29/2024,Sunday,Parking Lot,0,1,55,Broker,0,4,Large,52387.94927,white,34770.35971,5047.145808,1000,1248.05,8.395929975,4,N
119397888,36,M,1,54,107304.0,1,0,Rent,80046,3/31/2024,Sunday,Parking Lot,3,0,19,Broker,1,6,Medium,34934.52264,blue,13754.05025,2100.799622,1000,766.19,8.230595313,5,N
121927680,48,F,1,76,91539.2,1,1,Rent,0,7/27/2024,Saturday,Parking Lot,0,1,42,Broker,0,9,Medium,28448.78922,white,9199.933494,4309.986833,500,1383.49,9.227979477,2,N
122300928,39,M,1,62,107304.0,1,0,Own,20160,8/23/2023,Wednesday,Highway,1,0,15,Broker,1,5,Compact,12427.19862,silver,37368.96382,3718.285067,500,951.56,11.21102956,8,N
122321664,53,F,0,41,100164.8,1,0,Own,50054,9/23/2024,Monday,Local,5,0,18,Broker,1,4,Compact,68745.84778,silver,12436.13969,2878.964425,500,1533.71,9.094457033,2,N
123130368,43,F,1,77,107304.0,1,1,Own,20149,8/2/2023,Wednesday,Local,0,0,100,Broker,1,4,Compact,54727.75113,black,16190.48005,1374.653375,500,1672.88,14.5265104,4,N
123151104,46,M,0,92,100164.8,1,0,Own,15046,1/22/2024,Monday,Local,3,0,16,Broker,1,8,Medium,29267.54248,black,29691.93437,4200.696265,1000,1248.05,7.183181987,7,N
123586560,62,M,1,45,91539.2,1,1,Own,50001,9/20/2024,Friday,Local,0,0,24,Broker,1,7,Large,28759.27269,black,23429.1986,2203.05575,500,1533.71,10.90986006,2,N
123731712,48,F,1,60,100164.8,1,0,Own,50009,10/2/2023,Monday,Local,4,0,49,Broker,1,7,Compact,22287.06711,black,12986.3356,9129.004258,500,1093.83,10.50718495,3,N
123773184,55,F,1,67,91539.2,1,0,Rent,20122,11/6/2024,Wednesday,Parking Lot,1,0,15,Broker,1,9,Medium,33462.22628,blue,34764.02628,2647.79613,1000,988.93,10.78661785,4,N
123980544,47,F,0,83,100164.8,1,0,Rent,80014,5/22/2024,Wednesday,Local,0,1,42,Broker,0,3,Medium,20615.24718,gray,14999.78398,4337.97502,1000,840.95,9.913877348,7,N
124457472,79,F,1,57,91539.2,1,0,Own,15021,1/14/2023,Saturday,Local,1,0,94,Broker,1,3,Large,35988.67504,red,46577.13595,5117.229432,1000,1436.79,10.77727598,5,N
124602624,57,M,1,45,107304.0,1,0,Own,15010,7/17/2023,Monday,Highway,0,1,93,Broker,1,3,Medium,25567.05222,black,13751.2564,4253.679646,500,1383.49,9.757360416,2,N
124623360,40,F,1,87,100164.8,0,1,Own,50054,2/12/2024,Monday,Local,0,0,7,Broker,1,5,Medium,18488.93779,other,22473.59258,6110.297393,2000,1356.92,10.4877081,3,N
124644096,66,F,1,95,91539.2,1,1,Rent,80024,5/10/2023,Wednesday,Highway,2,0,1,Broker,0,5,Large,12850.4989,black,28749.03934,7167.513198,1000,766.19,9.856613573,3,N
125058816,52,F,1,97,100164.8,0,1,Own,50054,3/1/2024,Friday,Parking Lot,0,0,64,Broker,1,2,Compact,44504.75981,red,21055.42793,3625.379339,500,1093.83,11.58938672,7,N
125183232,66,M,1,88,91539.2,1,1,Rent,20149,8/6/2023,Sunday,Parking Lot,0,0,85,Broker,0,7,Compact,22728.22373,red,22832.67225,5306.631438,2000,1188.51,9.075260638,5,N
125307648,40,F,1,98,91539.2,1,0,Own,80019,11/8/2023,Wednesday,Highway,0,1,100,Broker,0,7,Compact,39658.0536,silver,29638.2667,6702.544455,1000,1503.21,10.68831643,5,N
125494272,43,F,1,72,100164.8,1,1,Own,80031,11/6/2024,Wednesday,Local,0,1,1,Broker,0,3,Compact,11200.98969,white,29548.47758,2756.000682,500,944.03,9.927868327,4,N
125515008,51,M,1,97,91539.2,0,0,Own,15038,11/14/2023,Tuesday,Parking Lot,0,1,90,Broker,0,2,Medium,11256.33767,black,13147.65082,6590.118789,2000,1453.61,9.921133186,4,N
125971200,36,M,1,91,107304.0,0,0,Own,20107,12/10/2024,Tuesday,Local,0,0,50,Broker,1,6,Compact,16516.39721,other,43309.50308,5687.279363,2000,1356.92,9.193386046,3,N
126012672,48,F,1,66,100164.8,1,1,Own,80022,11/19/2023,Sunday,Local,0,0,73,Broker,0,9,Medium,34555.2531,black,17817.97481,2706.686238,1000,766.19,9.868434989,2,N
126033408,45,F,1,63,91539.2,0,1,Own,85072,9/20/2023,Wednesday,Local,3,1,40,Broker,1,4,Medium,61592.51891,other,8045.358744,7374.935177,1000,1060.74,9.143195082,6,N
126842112,44,F,0,73,91539.2,1,1,Own,20152,2/4/2024,Sunday,Local,0,0,100,Broker,1,5,Large,29842.70545,silver,18470.13396,4549.095296,500,1672.88,11.38534694,1,N
127008000,42,F,1,70,100164.8,0,0,Own,85013,8/12/2023,Saturday,Local,1,0,88,Broker,1,5,Large,36533.91245,gray,11104.9142,2678.952188,500,1564.43,7.38422149,5,N
127090944,59,M,1,59,91539.2,0,0,Own,20129,6/1/2023,Thursday,Parking Lot,0,0,52,Broker,0,3,Compact,23426.8893,other,28652.76216,4302.023958,1000,1280.88,7.854242017,5,N
128874240,51,M,1,76,82908.8,1,1,Own,50025,7/5/2024,Friday,Local,0,0,81,Broker,1,5,Medium,12437.83893,white,18050.95187,5402.842157,500,1533.71,11.69336176,9,N
143990784,51,M,0,67,82908.8,1,1,Rent,50022,8/14/2024,Wednesday,Highway,0,0,95,Broker,0,5,Large,26843.35549,red,18344.75987,1642.482035,500,722.66,11.47187867,3,N
147267072,51,F,1,29,82908.8,1,1,Own,20152,4/13/2024,Saturday,Local,0,0,100,Broker,1,7,Compact,14783.44857,other,26211.26653,4741.79911,500,722.66,12.39979042,4,N
160579584,51,M,1,64,82908.8,1,1,Rent,50006,1/22/2024,Monday,Local,0,1,50,Broker,1,2,Compact,17572.92164,silver,9397.189963,5090.467912,1000,766.19,11.89522187,3,N
162383616,51,M,0,92,82908.8,1,1,Rent,50040,12/13/2024,Friday,Local,0,0,50,Broker,0,3,Large,11284.97716,blue,57547.64607,4214.738025,1000,1310.8,9.896297657,5,N
163254528,21,F,1,88,48713.6,1,0,Rent,80105,6/13/2023,Tuesday,Local,1,0,14,Broker,1,4,Compact,11643.57337,red,24210.66426,6988.365212,2000,1453.61,8.882743847,1,Y
165722112,51,F,1,92,82908.8,1,1,Own,15055,3/7/2024,Thursday,Parking Lot,0,0,53,Broker,1,7,Large,27443.72918,blue,33905.15914,4794.834046,500,1533.71,10.12200506,5,N
165867264,278,F,1,76,90040.0,1,0,Rent,80015,10/5/2023,Thursday,Local,0,0,53,Broker,1,5,Large,7995.461039,black,19242.95321,10728.27333,1000,1361.45,9.831485779,4,N
176753664,51,M,1,80,82908.8,0,0,Own,15017,2/25/2023,Saturday,Local,0,1,98,Broker,1,7,Medium,15010.01554,other,11087.82616,9437.098342,1000,1436.79,9.511922755,3,N
182539008,22,M,0,81,49456.0,0,0,Rent,80012,3/8/2023,Wednesday,Highway,0,0,17,Broker,1,5,Medium,21778.53628,black,35800.45491,6812.727379,1000,766.19,11.08129531,3,N
182642688,21,F,0,88,48752.0,1,1,Rent,15043,1/31/2024,Wednesday,Parking Lot,0,0,13,Broker,1,5,Compact,15003.20789,white,34889.36989,2870.194849,500,951.56,11.85789174,4,N
186665472,249,M,1,94,88302.4,0,0,Own,80040,11/19/2023,Sunday,Local,0,1,93,Broker,0,5,Compact,10785.66376,gray,35005.87268,6366.632672,500,722.66,9.162071271,5,N
196038144,51,M,0,60,82908.8,1,1,Rent,50020,10/25/2023,Wednesday,Highway,0,1,59,Broker,1,6,Compact,16178.15835,gray,31542.64536,4972.569504,1000,1503.21,7.279874995,2,N
206302464,51,M,0,66,82908.8,1,1,Own,20104,10/23/2024,Wednesday,Highway,0,0,2,Broker,0,2,Medium,9600.159598,black,14860.486,4543.847036,1000,1280.88,9.41478478,5,N
213974784,51,M,0,84,82908.8,0,1,Own,80041,7/17/2024,Wednesday,Highway,0,0,100,Broker,1,4,Compact,23439.31831,other,10054.27393,2444.926327,1000,1310.8,10.56891251,7,N
217769472,51,M,0,86,82908.8,1,1,Own,20134,8/27/2024,Tuesday,Parking Lot,1,0,4,Broker,1,4,Medium,18614.6532,silver,26631.84003,4391.866875,1000,1060.74,11.27248127,2,N
218640384,51,M,1,81,82908.8,0,0,Rent,85065,2/10/2023,Friday,Local,0,0,9,Broker,0,7,Medium,22625.57622,gray,25019.92172,8948.472026,500,1564.43,9.656668178,4,N
220921344,51,F,1,76,82908.8,0,0,Own,20148,9/12/2023,Tuesday,Highway,0,1,4,Broker,0,3,Large,17626.23185,gray,28183.2351,7932.100361,500,944.03,11.05707268,1,N
232533504,21,F,0,73,48721.6,1,1,Rent,85004,12/27/2024,Friday,Parking Lot,0,0,100,Broker,1,5,Medium,44326.62235,silver,40281.30392,6164.870963,2000,1239.06,12.36763615,3,Y
240848640,51,F,1,64,82908.8,1,0,Own,80035,2/3/2023,Friday,Highway,0,0,5,Broker,0,4,Large,19509.65696,gray,31429.24718,3084.516688,2000,1246.68,7.534816782,4,N
280723968,51,F,0,81,82908.8,0,0,Rent,80044,1/1/2024,Monday,Local,0,0,63,Broker,1,5,Compact,19849.48732,blue,15418.20906,7243.846911,1000,1324.78,10.37996648,6,N
285596928,40,M,1,68,-1.6,0,1,Rent,50026,6/12/2024,Wednesday,Parking Lot,0,0,1,Broker,1,11,Medium,15319.50591,red,13854.21894,6775.842276,1000,1324.78,12.09222552,2,N
290677248,51,F,1,78,82908.8,1,1,Own,50047,1/9/2023,Monday,Parking Lot,0,0,28,Broker,1,11,Large,7851.232584,other,23544.43298,3524.882697,2000,1239.06,11.01968369,3,N
299884032,48,M,1,88,91539.2,1,1,Rent,50001,5/24/2024,Friday,Parking Lot,0,0,62,Broker,1,5,Compact,7599.167544,red,5879.401301,2037.716311,1000,1622.67,8.072505543,3,N
299987712,35,F,1,69,107304.0,1,1,Own,85038,9/5/2024,Thursday,Local,0,*,49,Broker,0,2,Large,25582.09316,white,20858.85146,4568.338946,500,1082.36,9.487341104,7,N
300132864,38,M,1,81,100164.8,1,1,Own,15014,12/19/2024,Thursday,Local,2,0,0,Broker,1,6,Large,24416.83622,white,27164.42986,2837.070479,2000,1155.97,9.14466185,1,N
300153600,33,M,1,70,91539.2,1,1,Own,50001,1/4/2024,Thursday,Local,0,0,8,Broker,0,6,Large,21700.33399,other,24767.51112,2786.827469,1000,1726.91,10.38375897,2,N
300298752,38,M,1,73,107304.0,1,0,Own,20109,6/21/2024,Friday,Parking Lot,1,0,20,Broker,0,5,Compact,35811.69402,red,36728.50334,8406.567404,1000,1324.78,9.201610929,3,N
300381696,31,F,1,47,91539.2,1,1,Own,50021,7/20/2024,Saturday,Highway,0,0,95,Broker,1,5,Large,5379.512008,silver,14727.97491,4497.583268,2000,1239.06,11.36872315,7,N
300443904,67,F,1,85,37360.0,1,1,Rent,80012,3/26/2023,Sunday,Local,0,0,27,Broker,1,2,Medium,26605.27719,red,18280.37577,959.4259768,1000,1622.67,12.29448553,1,Y
300817152,31,F,1,57,120872.0,1,1,Own,20116,1/2/2023,Monday,Parking Lot,0,0,12,Broker,0,4,Compact,7454.192612,blue,5990.609894,6733.708158,2000,1155.97,8.038632183,6,N
300879360,47,M,1,64,120872.0,1,0,Own,15025,5/7/2023,Sunday,Local,2,0,3,Broker,1,7,Large,32558.4725,silver,23311.2068,5195.821496,1000,1726.91,9.864069691,7,N
300900096,43,M,1,66,120872.0,0,0,Rent,15055,4/19/2023,Wednesday,Local,0,1,0,Broker,0,7,Large,18404.00606,gray,20001.60984,3965.030299,500,1232.57,10.56191482,3,N
300962304,43,M,0,85,120872.0,0,0,Rent,50022,1/12/2023,Thursday,Local,0,1,66,Broker,0,6,Medium,29180.09847,white,11628.62248,3422.534189,500,1078.65,10.23564023,7,N
301314816,38,M,1,46,120872.0,0,1,Rent,50014,4/17/2023,Monday,Highway,0,0,97,Broker,0,5,Compact,14193.90459,gray,38768.98981,5556.31913,2000,1246.68,11.20777632,0,N
301335552,46,M,1,90,120872.0,0,1,Own,85040,9/28/2023,Thursday,Highway,1,0,28,Broker,1,3,Medium,7215.334973,black,56027.47084,4739.602476,1000,1622.67,9.946986752,5,N
301397760,43,F,1,91,120872.0,1,1,Own,50051,4/28/2024,Sunday,Local,0,0,22,Broker,0,3,Compact,36199.00043,white,12136.71809,9035.341403,500,1082.36,9.331089406,4,N
301418496,53,F,1,63,120872.0,1,1,Own,50023,5/22/2023,Monday,Parking Lot,1,0,51,Broker,1,3,Medium,20545.25843,white,21736.25587,1735.281392,500,1354.2,8.822389481,3,N
302227200,34,M,1,85,120872.0,0,1,Own,15003,4/22/2024,Monday,Parking Lot,0,0,90,Broker,1,5,Large,13181.15721,black,42590.18332,4024.782024,500,1518.54,9.518294205,2,N
302289408,36,M,1,80,120872.0,0,1,Rent,15035,10/2/2023,Monday,Local,3,0,50,Broker,1,3,Medium,26405.73738,blue,34141.11591,4942.340076,2000,1239.06,11.47666539,4,N
303077376,41,M,0,86,120872.0,1,1,Rent,50055,11/24/2024,Sunday,Local,0,1,0,Broker,1,5,Compact,4186.992371,blue,20564.30425,6255.758218,2000,1246.68,12.55298285,4,N
303160320,31,M,1,59,120872.0,1,1,Own,50022,11/6/2024,Wednesday,Parking Lot,0,0,29,Broker,1,8,Medium,9567.866989,other,37281.40788,2706.745009,1000,1622.67,8.078087751,4,N
303761664,54,F,0,50,120872.0,1,0,Own,20151,7/9/2023,Sunday,Local,0,0,71,Broker,1,7,Compact,36351.30212,white,18712.47431,5817.315181,500,1518.54,7.450734847,5,N
303865344,36,M,1,71,120872.0,1,1,Rent,20132,12/25/2023,Monday,Parking Lot,1,0,24,Broker,0,11,Large,17169.81588,gray,25676.73119,3618.465893,2000,1246.68,12.15553915,6,N
303927552,42,M,0,82,120872.0,1,0,Own,50033,3/9/2024,Saturday,Local,2,0,40,Broker,1,6,Large,28716.5963,gray,18957.20999,2725.036478,500,1082.36,10.39039651,7,N
304819200,66,M,1,81,120872.0,1,1,Rent,15009,10/24/2024,Thursday,Parking Lot,0,1,3,Broker,1,3,Compact,40411.80901,blue,42021.88847,2287.696589,2000,1246.68,11.48375653,3,N
304902144,38,M,1,68,120872.0,1,1,Own,50047,3/25/2024,Monday,Parking Lot,1,0,65,Broker,1,5,Medium,33990.64866,silver,8956.917558,7639.352822,500,1082.36,9.987244246,1,N
304985088,59,F,1,87,120872.0,1,1,Own,80005,5/19/2024,Sunday,Local,2,0,93,Broker,0,2,Medium,16770.53996,blue,9700.485603,6623.478744,1000,999.43,9.591830696,2,N
305171712,41,F,1,58,120872.0,1,1,Own,20131,11/11/2023,Saturday,Local,0,0,93,Broker,0,6,Large,28850.91858,silver,12711.05729,5029.54638,500,1232.57,11.85142322,4,N
305233920,61,F,0,50,120872.0,1,1,Rent,85045,7/23/2024,Tuesday,Parking Lot,0,0,1,Broker,0,8,Compact,31400.73608,other,20975.29275,6033.193755,500,1078.65,7.813606552,3,N
305254656,36,F,0,90,120872.0,1,1,Own,20130,11/2/2023,Thursday,Local,0,1,94,Broker,1,6,Medium,17170.0179,blue,20781.84926,2793.784815,1000,1324.78,8.802625699,7,N
305275392,73,F,0,74,120872.0,1,1,Own,20153,9/5/2024,Thursday,Highway,0,1,17,Broker,1,3,Large,15907.3486,silver,17058.83527,7249.480624,500,1518.54,8.430053104,2,N
306395136,55,M,0,55,120872.0,1,1,Own,20159,4/25/2024,Thursday,Local,0,0,50,Broker,0,4,Large,46569.27303,white,14577.02772,7542.793706,500,1232.57,9.473374065,2,N
306436608,51,F,1,75,120872.0,1,0,Own,15050,4/13/2023,Thursday,Parking Lot,0,0,17,Broker,1,3,Large,21669.91254,silver,9490.708345,3167.317662,500,1078.65,8.540312012,2,N
306478080,32,F,0,87,120872.0,1,1,Own,20104,3/19/2023,Sunday,Highway,3,0,77,Broker,1,9,Compact,12053.60964,blue,35335.73776,1918.702737,1000,1324.78,8.894795889,2,N
306519552,57,F,0,70,120872.0,1,0,Own,85031,11/2/2023,Thursday,Highway,0,1,99,Broker,0,6,Medium,39348.20968,white,41764.54607,4260.537736,2000,1239.06,9.798544367,5,N
306643968,85,F,1,46,120872.0,0,0,Rent,85031,2/28/2024,Wednesday,Parking Lot,0,0,98,Broker,1,5,Large,45087.93323,blue,25801.75836,10376.54314,500,1082.36,8.670308573,5,N
306664704,37,F,1,87,120872.0,1,1,Rent,80106,10/23/2023,Monday,Parking Lot,0,1,51,Broker,0,4,Large,46042.40356,other,11617.87692,2826.074744,500,1354.2,11.16215656,3,N
306830592,38,F,0,69,81953.6,0,0,Rent,15012,6/14/2024,Friday,Highway,0,1,63,Broker,1,6,Compact,19440.2471,red,16873.99065,4492.974479,500,1078.65,9.899965596,4,N
306955008,46,M,0,90,81953.6,0,1,Own,20103,8/8/2023,Tuesday,Local,0,0,99,Broker,0,3,Compact,14076.56518,blue,16707.65194,8288.020856,500,1518.54,11.27461814,7,N
306975744,59,M,0,39,81953.6,0,1,Own,80019,5/28/2023,Sunday,Local,0,0,99,Broker,1,3,Large,47174.38372,other,30545.12273,4450.201232,2000,1239.06,10.05055114,3,N
307224576,46,F,0,75,81953.6,1,0,Own,50054,11/27/2024,Wednesday,Local,2,0,3,Broker,1,7,Medium,22322.82975,gray,5458.771865,2490.647961,2000,1246.68,7.728589114,4,N
307286784,73,F,1,65,38635.2,1,0,Own,50021,5/2/2024,Thursday,Local,0,1,31,Broker,1,9,Compact,8685.257452,other,16135.21136,2772.374395,1000,1622.67,12.70434026,4,Y
307763712,41,F,1,90,89412.8,1,1,Own,50025,11/19/2023,Sunday,Parking Lot,0,1,51,Broker,1,3,Large,21944.50162,white,27248.05613,5730.752842,2000,1239.06,9.218916761,1,N
307825920,31,M,1,87,84936.0,1,1,Rent,85062,2/22/2023,Wednesday,Parking Lot,0,0,26,Broker,1,5,Compact,28696.92021,gray,20014.18621,3905.712839,1000,1622.67,8.67314602,5,N
307867392,64,M,0,77,46553.6,1,0,Own,80003,9/24/2024,Tuesday,Highway,0,0,21,Broker,0,4,Medium,30055.29588,black,15379.3265,4288.527429,500,1082.36,10.60594647,3,Y
308178432,42,F,0,87,89412.8,1,1,Own,85022,9/20/2024,Friday,Parking Lot,0,1,49,Broker,1,3,Large,16280.03141,gray,16368.08929,3648.970973,2000,1155.97,10.61247256,2,N
308219904,41,F,1,57,81241.6,0,0,Own,20160,3/7/2024,Thursday,Parking Lot,2,0,91,Broker,1,4,Medium,10304.08609,blue,36533.50913,9482.218502,1000,1726.91,7.906740147,6,N
308240640,43,F,1,70,84936.0,0,1,Rent,80031,11/8/2024,Friday,Parking Lot,0,1,97,Broker,0,1,Compact,35953.63387,white,28927.64666,2777.378068,500,1232.57,9.164227194,7,N
308385792,46,M,1,45,89412.8,0,1,Rent,15001,4/14/2024,Sunday,Parking Lot,0,0,40,Broker,0,5,Medium,16998.68027,other,21963.39055,1775.076213,1000,1622.67,9.384285383,7,N
308572416,49,F,0,91,89412.8,0,0,Own,50055,6/10/2024,Monday,Local,0,0,49,Broker,1,3,Large,6362.203311,other,22359.41036,1868.173099,500,1055.6,7.636246585,4,N
309090816,42,F,1,63,89412.8,1,1,Own,50046,6/7/2024,Friday,Highway,0,1,0,Broker,1,5,Compact,21233.74558,red,21654.35893,8533.176664,1000,1324.78,8.674500793,2,N
309111552,50,F,1,68,81241.6,1,1,Rent,80022,1/27/2023,Friday,Highway,1,0,86,Broker,1,6,Compact,30517.5011,gray,19386.49526,3841.955419,500,1518.54,12.83589857,5,N
309235968,45,M,1,53,81241.6,1,0,Own,50007,5/19/2023,Friday,Parking Lot,0,0,56,Broker,1,4,Compact,24265.19559,white,28495.40849,5012.986689,1000,1622.67,9.306037441,1,N
309443328,39,F,0,86,89412.8,1,1,Own,50047,4/4/2023,Tuesday,Local,0,0,44,Broker,1,4,Compact,13866.46135,blue,26854.76458,4229.102673,2000,1155.97,11.57441989,3,N
309588480,44,M,1,89,81241.6,0,1,Rent,85040,11/25/2024,Monday,Local,1,0,64,Broker,1,3,Medium,15321.03033,blue,13980.4493,5516.827245,1000,1726.91,8.16868483,5,N
309961728,37,M,1,82,84936.0,1,0,Own,50054,6/27/2024,Thursday,Local,2,1,15,Broker,1,4,Medium,37872.43746,white,12058.5412,2407.73658,1000,1622.67,6.478975339,2,N
310003200,49,M,0,54,89412.8,1,0,Rent,85078,5/2/2024,Thursday,Local,0,0,17,Broker,1,4,Compact,47300.47778,black,22636.49772,9254.70491,500,1082.36,8.504003643,5,N
310065408,38,M,1,68,81241.6,1,1,Rent,15025,7/2/2024,Tuesday,Local,1,0,11,Broker,0,8,Large,30379.59978,other,14810.3503,2534.143335,500,1354.2,8.748517576,8,N
310210560,38,M,1,82,84936.0,0,0,Own,80022,4/30/2023,Sunday,Local,0,0,86,Broker,0,6,Medium,16378.37021,gray,16731.19233,2670.608835,500,1055.6,11.62893265,4,N
310252032,24,M,1,46,89412.8,1,1,Rent,20106,7/13/2023,Thursday,Local,0,1,88,Broker,1,5,Large,8693.050506,black,25223.46911,5287.926527,1000,999.43,10.45202247,3,N
311890176,38,M,1,64,84936.0,1,0,Own,80005,12/13/2024,Friday,Parking Lot,0,0,1,Broker,0,2,Large,57991.95361,black,16925.48601,5185.484915,500,1232.57,10.54673766,1,N
311910912,70,M,1,87,89412.8,1,1,Own,85046,4/20/2024,Saturday,Highway,0,1,96,Broker,0,2,Medium,24319.57338,silver,28808.35991,5504.728702,500,1078.65,10.73391465,4,N
311952384,37,F,1,59,81241.6,1,1,Rent,85060,12/26/2024,Thursday,Parking Lot,0,0,50,Broker,0,5,Compact,19195.6117,white,18604.31604,4545.270263,1000,1324.78,8.989926254,6,N
311993856,40,M,0,80,84936.0,0,0,Rent,50038,6/24/2024,Monday,Local,1,0,44,Broker,0,2,Compact,22371.10786,gray,22850.76992,7795.938294,500,1518.54,9.139141913,3,N
312014592,50,F,1,69,89412.8,1,1,Rent,80012,2/17/2024,Saturday,Highway,1,0,54,Broker,0,9,Large,13918.20935,black,8480.937716,4621.874918,2000,1239.06,11.72285306,0,N
312242688,50,M,1,74,84936.0,1,1,Rent,50049,9/2/2024,Monday,Parking Lot,0,0,1,Broker,1,4,Large,18110.93852,black,10907.18448,3599.24665,500,1055.6,9.881388072,0,N
312844032,52,M,0,74,82908.8,1,1,Own,85077,8/7/2024,Wednesday,Local,0,0,80,Broker,0,9,Compact,23479.10005,silver,12548.77156,6211.06128,500,1055.6,9.674983334,3,N
312864768,51,F,1,95,82908.8,1,0,Rent,85039,8/29/2024,Thursday,Local,0,0,47,Broker,0,6,Medium,25024.87523,white,30154.33722,9786.613658,1000,999.43,10.28210328,7,N
317530368,51,M,0,31,82908.8,1,1,Own,80023,1/18/2023,Wednesday,Parking Lot,1,0,82,Broker,0,4,Compact,19814.19999,silver,30563.0225,4942.371586,1000,1622.67,10.08407843,1,N
319417344,44,M,1,67,89412.8,0,0,Own,20129,9/24/2023,Sunday,Parking Lot,1,0,27,Broker,1,2,Large,16038.36215,red,28366.1617,1495.4589,500,1518.54,10.54849063,1,N
319438080,35,M,1,85,81241.6,1,1,Own,20101,8/27/2023,Sunday,Local,0,0,68,Broker,1,2,Compact,14520.31415,black,20295.07595,10256.79419,2000,1239.06,13.19049038,4,N
319458816,52,M,0,69,84936.0,1,1,Own,85069,7/17/2024,Wednesday,Highway,0,1,58,Broker,0,4,Medium,23058.59426,black,54374.88075,7731.415001,2000,1246.68,10.34242766,0,N
319686912,65,M,1,64,81241.6,0,0,Rent,50008,8/23/2023,Wednesday,Local,1,0,11,Broker,1,3,Large,31091.55391,blue,24293.17458,2388.01599,500,1082.36,10.6192224,2,N
319707648,54,M,1,98,84936.0,1,0,Rent,85072,12/24/2023,Sunday,Parking Lot,0,0,44,Broker,1,4,Medium,25946.9775,white,13452.26151,2672.994638,500,1354.2,10.59522248,1,N
319769856,38,F,1,68,89412.8,1,1,Rent,85033,12/3/2024,Tuesday,Local,1,0,1,Broker,1,5,Compact,20704.64449,blue,21569.61222,7251.188967,500,1055.6,12.27760387,3,N
320765184,36,F,1,57,89412.8,1,1,Own,80006,10/24/2023,Tuesday,Highway,0,0,16,Broker,0,4,Medium,36739.83147,white,27597.95806,6727.068098,500,1232.57,10.84586463,5,N
321034752,33,M,0,77,89412.8,1,1,Rent,15001,12/10/2024,Tuesday,Local,0,0,27,Broker,0,7,Medium,35320.55318,other,26317.42191,4770.72322,500,1518.54,10.46962017,4,N
321428736,33,F,1,85,81241.6,0,0,Rent,50006,6/4/2023,Sunday,Parking Lot,1,0,2,Broker,0,3,Compact,22735.56073,white,15870.71663,4257.265151,500,1078.65,9.949701317,3,N
321553152,48,F,0,64,84936.0,0,1,Own,80021,3/24/2023,Friday,Local,1,0,64,Broker,1,4,Compact,29556.72557,other,7483.178316,1013.108717,2000,1246.68,10.11513935,2,N
321615360,62,M,1,84,81241.6,1,1,Rent,15022,9/23/2024,Monday,Local,0,1,100,Broker,0,4,Medium,18852.91114,blue,32874.48294,8318.823597,500,1082.36,8.577584832,4,N
321988608,51,M,0,83,82908.8,1,1,Own,85055,10/20/2023,Friday,Parking Lot,0,0,100,Broker,0,4,Large,14879.52469,blue,29244.88784,3652.636311,500,1055.6,9.056312144,5,N
322195968,47,F,1,64,89412.8,1,0,Own,50009,3/26/2024,Tuesday,Local,0,1,50,Broker,1,8,Large,17409.43384,white,30828.99325,6137.987883,2000,1239.06,9.391784022,8,N
322216704,45,M,1,48,81241.6,0,1,Own,20148,8/23/2023,Wednesday,Local,0,0,50,Broker,0,4,Medium,15512.13395,other,19570.15931,3698.33348,2000,1246.68,11.36665211,4,N
322258176,32,M,1,91,84936.0,0,0,Own,50021,1/8/2023,Sunday,Parking Lot,0,1,17,Broker,1,2,Compact,32407.66836,other,19802.15323,2382.72267,1000,1622.67,11.53782143,3,N
322382592,39,M,1,55,81241.6,1,1,Rent,80021,11/3/2023,Friday,Local,0,0,2,Broker,1,3,Medium,8554.142562,black,16524.74662,4359.417307,500,1354.2,9.760582981,3,N
322818048,51,F,1,58,82908.8,0,1,Rent,50002,8/24/2023,Thursday,Local,0,0,1,Broker,1,4,Medium,17670.66367,silver,24200.62105,3757.570353,500,1078.65,9.032758969,5,N
323294976,35,F,1,47,81241.6,0,1,Own,50002,5/5/2023,Friday,Parking Lot,0,0,3,Broker,0,4,Large,24754.28093,gray,16185.62314,4324.306375,1000,999.43,10.53480102,5,N
323336448,32,M,1,81,84936.0,1,0,Rent,50052,1/13/2023,Friday,Parking Lot,3,0,87,Broker,1,7,Compact,27200.73474,black,31706.34284,3046.336758,2000,1155.97,10.34170515,5,N
323377920,65,M,1,93,89412.8,0,1,Rent,15004,10/30/2023,Monday,Highway,2,0,79,Broker,1,2,Large,12814.37322,white,29850.7895,4699.92778,1000,1726.91,12.43319627,4,N
323875584,56,M,1,82,81241.6,1,1,Own,50048,12/10/2024,Tuesday,Local,2,0,50,Broker,0,7,Large,19360.68545,other,36471.38517,2496.087577,2000,1155.97,14.14285944,5,N
323958528,44,F,0,56,84936.0,1,0,Own,80016,5/18/2023,Thursday,Parking Lot,0,0,97,Broker,0,8,Compact,5807.184223,gray,25045.3303,3020.645192,1000,1726.91,12.30696809,4,N
323979264,35,M,1,69,89412.8,1,1,Rent,80011,1/4/2024,Thursday,Local,0,1,96,Broker,0,8,Medium,8161.855895,other,14548.95722,5206.776141,500,1232.57,12.21538509,3,N
324062208,31,F,1,51,84936.0,0,1,Rent,85068,1/25/2024,Thursday,Highway,0,0,50,Broker,1,6,Medium,9749.749179,gray,14691.31052,8174.538585,1000,1324.78,10.47900357,5,N
341148672,51,M,0,50,82908.8,0,1,Own,15037,3/19/2023,Sunday,Local,0,1,34,Broker,0,6,Large,17712.19439,gray,35715.89893,6686.84615,500,1354.2,10.36458419,8,N
342061056,51,F,1,63,42928.0,1,1,Own,15060,2/27/2023,Monday,Local,0,0,68,Broker,0,7,Medium,57671.53287,silver,15432.09345,3812.835152,2000,1155.97,10.42860708,4,Y
342102528,30,F,1,79,34412.8,0,0,Rent,85029,1/9/2023,Monday,Local,0,0,100,Broker,1,4,Large,19740.43711,blue,19050.80369,1532.386519,1000,1726.91,8.512158211,3,Y
342123264,39,F,1,66,82053.44,1,1,Own,80023,11/22/2024,Friday,Highway,1,0,83,Broker,1,5,Large,67031.00986,white,16748.25899,5810.239684,500,1232.57,10.67445362,3,N
342185472,49,F,0,72,87205.44,0,1,Rent,85067,9/20/2024,Friday,Local,0,0,1,Broker,1,3,Compact,5434.482994,white,27066.73642,2116.938432,500,1078.65,10.39567159,7,N
342537984,52,F,1,83,88495.68,1,0,Own,15017,12/8/2023,Friday,Local,0,0,66,Broker,1,2,Medium,50309.80025,blue,24579.89532,4665.980784,500,1354.2,10.32407031,5,N
342600192,59,F,1,83,91331.52,0,1,Own,85060,12/30/2024,Monday,Local,0,0,95,Broker,1,4,Medium,10778.25778,blue,22208.82327,3590.913655,500,1055.6,11.62597966,5,N
343657728,49,F,1,88,87151.68,0,1,Own,15021,1/12/2024,Friday,Local,0,0,6,Broker,1,5,Compact,14819.38197,red,19633.72966,8047.697127,2000,1246.68,9.939982401,2,N
343678464,42,F,1,75,83733.44,1,1,Rent,80004,10/29/2023,Sunday,Parking Lot,0,0,66,Broker,0,3,Medium,51313.70731,silver,11298.21941,2196.475997,1000,1622.67,10.86499177,8,N
345109248,45,M,1,85,85276.8,1,1,Own,20128,10/10/2024,Thursday,Highway,0,0,27,Broker,1,3,Medium,53260.09836,white,12932.3289,2428.788353,2000,1239.06,11.52833094,3,N
345129984,60,M,1,71,91716.8,0,1,Rent,15026,2/18/2023,Saturday,Local,0,1,34,Broker,1,8,Medium,26753.3611,white,13451.12968,3499.070847,2000,1246.68,9.721197469,6,N
345150720,40,M,0,84,39014.4,0,0,Own,15012,12/10/2023,Sunday,Local,1,0,52,Broker,1,7,Compact,9677.612317,silver,25768.04003,6475.092411,1000,1622.67,12.39174108,5,Y
345378816,43,M,0,66,84284.48,1,1,Own,15031,3/18/2024,Monday,Local,0,0,15,Broker,0,2,Large,18560.48779,other,16280.70781,8304.240242,500,1078.65,12.23105492,1,N
345648384,51,M,1,82,82908.8,1,1,Own,15001,9/23/2023,Saturday,Local,0,0,95,Broker,0,3,Compact,44975.73564,gray,7805.359032,3998.50598,500,1082.36,8.145683165,5,N
346540032,45,M,1,67,85288.0,0,0,Own,20101,1/18/2024,Thursday,Local,0,0,56,Broker,0,2,Compact,35085.85899,black,27657.16872,3082.392595,500,1078.65,9.08923556,6,N
346602240,36,M,0,93,80243.52,1,1,Rent,20156,2/3/2024,Saturday,Local,0,0,33,Broker,1,2,Compact,13849.84933,black,41658.40105,2059.033792,500,1518.54,7.905611894,8,N
346622976,37,F,0,79,80861.76,1,0,Rent,80014,9/9/2023,Saturday,Local,0,0,0,Broker,1,8,Medium,26567.56756,other,18000.06395,2089.501014,2000,1239.06,9.460782866,2,N
346685184,38,M,1,87,81466.56,1,1,Own,50010,8/24/2023,Thursday,Highway,0,0,96,Broker,0,2,Compact,23597.16952,red,26734.44801,3741.41635,1000,1622.67,10.36727981,10,N
346768128,40,M,0,68,82633.6,1,0,Own,80025,5/10/2023,Wednesday,Local,1,0,63,Broker,1,2,Large,29570.96984,gray,13762.2178,5004.000764,500,1354.2,9.163250676,6,N
346851072,47,F,1,54,86233.28,1,0,Rent,85046,1/9/2023,Monday,Local,0,0,25,Broker,1,7,Medium,12882.81943,black,21207.41398,7579.009949,1000,999.43,6.108786355,6,N
346892544,45,M,1,94,85261.12,1,1,Own,50022,2/21/2024,Wednesday,Highway,1,0,33,Broker,1,3,Compact,16337.00578,silver,9187.94121,4318.41077,2000,1155.97,7.937535268,4,N
346975488,43,M,1,74,84208.32,0,1,Rent,80036,7/23/2023,Sunday,Local,0,0,100,Broker,1,6,Large,13150.94902,red,5779.549193,4862.893406,500,1232.57,9.924729044,2,N
347058432,39,M,1,65,82098.24,1,1,Rent,15012,5/31/2024,Friday,Local,2,0,49,Broker,1,5,Medium,14810.70935,other,13177.8032,4066.184701,1000,1324.78,10.60339748,4,N
347929344,50,F,0,67,87657.92,1,0,Own,50048,10/23/2024,Wednesday,Parking Lot,0,0,93,Broker,0,1,Large,18030.85251,silver,24049.8666,4430.300266,1000,1622.67,8.782270843,3,N
348862464,54,M,1,63,89344.64,0,0,Rent,15038,10/19/2024,Saturday,Highway,1,0,1,Broker,0,8,Medium,26422.11994,blue,16567.13298,4213.049285,1000,1726.91,8.922135166,4,N
348883200,79,F,1,90,97896.96,0,1,Own,15009,7/24/2023,Monday,Local,0,1,100,Broker,1,3,Compact,28009.06301,other,18917.85918,8917.280469,500,1232.57,9.457206822,6,N
349007616,39,M,1,41,82055.68,0,1,Own,20102,7/25/2023,Tuesday,Parking Lot,1,0,56,Broker,1,3,Large,23330.51658,blue,18114.90251,8268.703846,500,1078.65,9.210170698,7,N
349049088,61,M,1,90,92070.72,1,0,Own,85016,11/13/2023,Monday,Parking Lot,0,0,30,Broker,0,4,Large,16814.90264,red,21198.54142,7695.977511,1000,1324.78,10.51548373,4,N
349069824,44,F,1,69,84790.72,0,1,Rent,50054,11/5/2023,Sunday,Highway,0,0,98,Broker,0,6,Medium,22543.32978,gray,16385.72856,4944.937976,500,1518.54,10.74151532,4,N
349691904,46,F,1,84,85765.12,0,1,Rent,50054,4/2/2023,Sunday,Local,1,1,97,Broker,1,5,Compact,6175.707298,black,30196.67368,3891.123655,500,1232.57,9.949572739,6,N
349774848,40,F,1,81,82638.08,1,1,Own,85003,12/10/2024,Tuesday,Local,0,0,93,Broker,0,10,Medium,30982.28717,silver,13622.79307,3330.409078,500,1518.54,9.38477541,4,N
349940736,42,M,0,91,111686.4,1,1,Own,20142,3/29/2024,Friday,Highway,0,0,3,Broker,1,6,Large,13627.00022,other,29924.20371,2586.841236,1000,1622.67,9.869500535,3,N
350396928,49,M,0,84,87205.44,1,0,Own,50032,1/13/2023,Friday,Parking Lot,1,0,40,Broker,1,4,Compact,5526.648862,white,16989.91343,4575.731942,1000,1324.78,11.5792215,5,N
350459136,54,F,1,38,89342.4,1,0,Rent,85078,6/14/2024,Friday,Highway,0,0,28,Broker,1,5,Medium,18971.3303,blue,14428.0856,4337.195891,2000,1239.06,9.245322879,4,N
351744768,63,F,1,23,92796.48,1,0,Rent,20148,10/4/2023,Wednesday,Local,0,0,12,Broker,0,2,Medium,22975.93967,gray,10201.13616,4000.647954,2000,1155.97,11.29017135,3,N
351765504,49,M,1,82,87158.4,0,1,Rent,15001,9/24/2024,Tuesday,Parking Lot,0,0,50,Broker,1,2,Compact,20950.33504,other,16409.57207,5136.05298,1000,1726.91,10.82072858,4,N
351931392,64,M,0,82,93163.84,1,1,Rent,85078,7/12/2023,Wednesday,Local,0,0,50,Broker,0,1,Medium,9700.532328,red,9342.011656,5321.158812,2000,1246.68,10.16852959,7,N
351993600,50,M,1,31,87660.16,1,1,Rent,85077,1/27/2024,Saturday,Local,0,0,50,Broker,0,1,Large,60545.67616,gray,17311.41102,4777.326201,500,1082.36,10.92131232,1,N
352035072,42,M,0,14,111686.4,0,1,Own,85011,5/11/2023,Thursday,Parking Lot,0,1,64,Broker,1,5,Compact,14037.7738,other,12074.83479,5933.426426,500,1354.2,8.903677518,3,N
352470528,37,F,1,74,17796.8,1,0,Own,80022,10/7/2023,Saturday,Parking Lot,1,1,0,Broker,1,1,Compact,27379.67552,red,43035.56792,4067.699228,2000,1246.68,9.22850709,5,Y
352553472,41,M,1,67,19416.0,1,0,Own,85072,3/19/2023,Sunday,Local,3,1,76,Broker,1,4,Compact,55589.27638,blue,32791.87923,7980.816045,500,1354.2,12.04539399,5,Y
353113344,43,M,0,77,84226.24,1,1,Own,15031,6/29/2024,Saturday,Parking Lot,0,1,49,Broker,1,5,Compact,19561.4216,black,30393.70887,3412.902691,2000,1246.68,10.58855981,6,N
353175552,54,M,1,87,89308.8,1,1,Rent,15022,9/29/2024,Sunday,Local,0,0,12,Broker,0,1,Compact,17582.72587,red,26051.01485,4683.412187,1000,1622.67,10.89181877,5,N
354378240,51,M,1,75,82908.8,1,1,Rent,50028,3/18/2024,Monday,Highway,0,0,60,Broker,1,3,Large,17127.35859,red,9655.065914,3359.643738,500,1232.57,10.66004727,2,N
355249152,38,F,1,57,81477.76,1,1,Rent,15059,3/5/2023,Sunday,Local,0,1,50,Broker,0,9,Large,31392.63764,red,30130.24915,2947.544808,2000,1155.97,9.924286977,6,N
355311360,47,F,0,66,86255.68,0,0,Rent,50005,11/2/2023,Thursday,Parking Lot,2,0,26,Broker,0,2,Compact,21678.29159,other,27272.876,3368.941438,500,1078.65,9.328715364,5,N
356617728,37,F,1,73,80879.68,0,1,Rent,50005,7/23/2023,Sunday,Highway,0,0,50,Broker,0,8,Medium,20913.16002,silver,22859.09925,1923.605873,500,1354.2,12.09185155,5,N
356638464,67,M,0,74,94176.32,1,1,Own,80016,12/27/2024,Friday,Local,1,0,100,Broker,1,1,Large,21873.09258,red,27824.62176,7409.544409,500,1055.6,11.75503358,6,N
356721408,51,F,1,95,116072.32,1,0,Own,50043,9/12/2023,Tuesday,Local,1,1,69,Broker,0,6,Compact,38195.19017,white,27306.42413,4500.866281,2000,1155.97,10.83363246,4,N
356762880,49,M,1,77,87156.16,0,1,Own,80041,4/1/2024,Monday,Local,0,0,21,Broker,0,9,Large,14909.84004,white,31222.71334,2540.053757,1000,1726.91,12.06193783,5,N
358235136,54,M,1,77,89367.04,0,1,Own,80023,9/30/2023,Saturday,Parking Lot,0,0,1,Broker,1,7,Large,11725.29583,other,19497.34808,2820.423819,2000,1155.97,10.44092395,4,N
358483968,60,M,0,85,91719.04,0,0,Rent,85060,10/18/2023,Wednesday,Local,0,1,77,Broker,1,5,Large,9492.605284,silver,12416.30301,2320.420833,500,1518.54,9.907559075,7,N
358525440,49,F,1,51,87218.88,1,0,Own,50001,10/20/2023,Friday,Parking Lot,0,0,26,Broker,1,5,Compact,19838.81456,blue,33318.06019,4770.84382,2000,1239.06,9.713279336,6,N
358566912,52,M,0,90,88493.44,1,0,Own,85065,7/17/2024,Wednesday,Local,0,0,67,Broker,0,3,Compact,26332.31131,gray,17990.47804,7090.448796,2000,1246.68,12.01647889,5,N
358629120,49,F,1,70,87180.8,1,1,Rent,85066,2/1/2023,Wednesday,Parking Lot,0,0,50,Broker,1,4,Compact,12682.57138,white,34284.65237,3708.684429,500,1082.36,10.97106464,3,N
358691328,51,M,1,94,28040.96,0,1,Own,50031,7/23/2024,Tuesday,Highway,0,0,62,Broker,0,2,Large,5856.538101,black,8612.073402,4253.560265,500,1354.2,13.97036586,4,Y
358836480,47,M,1,87,86264.64,1,1,Rent,15019,1/19/2023,Thursday,Local,0,1,100,Broker,1,1,Compact,19828.04375,other,51653.05568,3683.026584,2000,1155.97,9.391946276,2,N
358898688,57,M,1,79,90567.68,1,1,Own,80003,8/2/2023,Wednesday,Local,0,1,100,Broker,0,7,Medium,29231.14854,red,22658.00993,4118.820894,1000,1726.91,10.06672206,7,N
358981632,81,F,0,91,98425.6,0,1,Own,50011,3/24/2023,Friday,Local,0,1,98,Broker,1,1,Large,9474.688093,blue,36892.86295,8001.602802,500,1078.65,10.6728393,4,N
359085312,60,M,1,76,91741.44,1,0,Rent,20132,2/19/2023,Sunday,Local,0,0,50,Broker,1,3,Compact,11584.20828,blue,17513.53122,4887.561997,500,1518.54,11.94298862,2,N
359209728,40,F,0,88,22658.24,0,1,Own,80016,5/19/2024,Sunday,Highway,0,1,14,Broker,1,4,Medium,18445.44958,black,8937.972745,5591.392129,2000,1246.68,12.22001522,3,Y
359562240,45,F,0,82,85274.56,0,1,Rent,80005,10/3/2024,Thursday,Local,0,0,48,Broker,0,7,Compact,35684.71945,other,44717.69899,7476.094185,2000,1155.97,7.816318923,0,N
359852544,69,F,0,76,94846.08,0,1,Own,50031,1/29/2024,Monday,Local,1,1,77,Broker,1,5,Medium,20647.69732,other,18147.4439,4391.952192,1000,1324.78,10.29573817,6,Y
359956224,63,F,1,65,92814.4,1,0,Own,80002,8/13/2023,Sunday,Local,0,1,74,Broker,0,3,Large,31147.54952,white,7417.972647,8439.515741,2000,1239.06,9.874650488,2,N
359976960,46,M,1,26,85778.56,1,1,Own,20151,10/11/2023,Wednesday,Parking Lot,1,1,75,Broker,1,5,Medium,35701.34424,silver,11463.74689,5997.483933,2000,1246.68,8.428904733,4,N
359997696,36,F,1,87,20248.0,0,0,Own,85031,9/5/2023,Tuesday,Highway,0,0,85,Broker,1,12,Large,27003.97906,silver,12489.38021,4126.784146,1000,1622.67,9.908341561,2,Y
360018432,67,M,1,83,94151.68,0,0,Rent,85014,2/25/2024,Sunday,Parking Lot,2,1,95,Broker,1,10,Large,51452.1776,other,27015.28807,2623.349259,500,1082.36,9.837318625,3,N
360101376,43,F,0,83,84219.52,1,1,Rent,20165,3/25/2023,Saturday,Local,0,1,87,Broker,0,4,Large,22916.83594,white,27133.95581,8218.142467,500,1055.6,9.984802608,7,N
360142848,47,M,1,66,86235.52,0,1,Own,80033,5/30/2023,Tuesday,Local,0,1,50,Broker,0,7,Medium,13115.1699,red,29031.20688,4498.135943,1000,999.43,9.553594903,7,N
360205056,43,M,1,66,84224.0,1,0,Rent,15003,5/19/2023,Friday,Local,2,1,5,Broker,0,5,Medium,31563.62625,silver,9809.22116,9315.7655,2000,1155.97,10.01054421,3,N
360288000,50,M,0,67,87646.72,1,0,Rent,85017,9/12/2024,Thursday,Parking Lot,5,0,51,Broker,1,6,Compact,17787.71406,red,9570.920153,5976.639268,1000,1726.91,9.219707784,4,N
360370944,43,F,1,88,24255.36,0,1,Own,80002,1/11/2024,Thursday,Local,0,1,99,Broker,1,0,Medium,18424.11532,blue,14278.7138,6319.192219,500,1232.57,10.52897272,3,Y
360495360,54,M,1,81,89328.96,0,1,Own,85046,7/10/2023,Monday,Parking Lot,0,0,99,Broker,1,3,Large,27015.58396,black,29723.96192,6958.580985,1000,1324.78,8.896920718,5,N
360536832,44,F,1,74,34761.6,1,0,Rent,80021,3/23/2024,Saturday,Highway,0,0,48,Broker,0,4,Compact,21517.65709,red,23777.20336,4560.591839,2000,1239.06,11.11902195,3,Y
360640512,48,M,1,77,86654.4,1,0,Own,80012,8/19/2024,Monday,Local,0,0,4,Broker,0,5,Medium,32798.10743,blue,67535.59972,2875.943111,500,1082.36,9.534803239,4,N
360930816,48,M,1,82,86712.64,1,1,Own,15022,1/5/2024,Friday,Highway,0,0,12,Broker,1,6,Compact,5696.9033,silver,26459.49308,4319.381553,2000,1155.97,8.783888907,7,N
360993024,37,M,1,68,30872.96,1,1,Rent,15022,4/14/2023,Friday,Highway,0,1,100,Broker,0,5,Medium,23085.49471,white,11324.4747,6119.164023,1000,1726.91,11.87958143,5,Y
361117440,62,M,0,78,92467.2,1,1,Own,50039,11/9/2024,Saturday,Local,0,0,32,Broker,1,2,Compact,8907.957494,other,18067.95582,6632.573885,500,1078.65,12.6488527,5,N
361158912,37,F,0,75,80875.2,1,0,Rent,15021,2/13/2023,Monday,Parking Lot,1,0,14,Broker,0,2,Compact,41236.09149,red,13068.65725,3068.071019,1000,1324.78,10.14404773,4,N
361200384,60,F,1,74,91719.04,0,1,Own,15025,8/19/2024,Monday,Local,1,0,0,Broker,0,5,Medium,21192.74965,white,24318.44479,2789.878217,2000,1239.06,13.36174872,6,N
361345536,54,M,1,72,89311.04,1,0,Own,20147,2/6/2024,Tuesday,Parking Lot,1,1,100,Broker,1,6,Large,11063.68666,silver,18083.71647,2736.5597,500,1082.36,9.172437633,7,Y
361532160,29,M,0,64,95668.16,1,0,Rent,80036,2/9/2023,Thursday,Parking Lot,0,0,96,Broker,0,4,Medium,13493.81413,blue,11649.68055,4526.501658,2000,1155.97,10.97598703,6,N
361698048,61,M,1,55,92075.2,1,1,Rent,50041,11/6/2023,Monday,Local,0,0,18,Broker,0,3,Large,31937.13992,blue,39174.61562,2129.146014,500,1078.65,11.64935566,5,N
361739520,41,M,1,81,83204.8,1,0,Own,85064,9/6/2024,Friday,Local,0,1,1,Broker,0,2,Medium,73044.13373,silver,20924.21527,2479.737834,1000,1324.78,11.06879888,2,N
361801728,64,F,1,81,93152.64,1,1,Rent,50036,11/22/2024,Friday,Local,0,1,50,Broker,1,5,Large,15414.24073,white,12528.81887,10659.89183,500,1518.54,12.25134405,3,N
362092032,49,M,0,84,87158.4,0,1,Rent,15021,9/29/2023,Friday,Highway,6,0,50,Broker,1,9,Medium,51848.38459,other,14541.6321,2929.790292,1000,1622.67,10.73352323,6,N
362112768,45,F,0,78,85288.0,1,1,Rent,20102,7/29/2024,Monday,Parking Lot,0,0,1,Broker,0,1,Compact,45023.21266,blue,54316.46516,4487.680152,500,1082.36,9.991235563,6,N
362154240,43,F,1,73,84253.12,0,1,Own,50029,12/7/2023,Thursday,Parking Lot,0,0,56,Broker,0,5,Compact,20029.68949,blue,21369.41849,4950.558375,500,1354.2,9.322565389,2,N
362195712,45,F,1,68,85294.72,0,0,Rent,50013,3/3/2023,Friday,Local,0,1,100,Broker,0,3,Large,27822.2403,silver,25549.53059,2922.126669,500,1055.6,9.008883857,2,N
362278656,58,F,1,85,90993.28,1,1,Own,80011,3/8/2024,Friday,Local,0,0,2,Broker,1,5,Large,20798.20479,black,17707.38083,3508.883324,2000,1155.97,11.59565876,6,N
362320128,56,F,1,84,90207.04,1,0,Rent,20144,3/18/2024,Monday,Local,0,0,33,Broker,0,7,Compact,14811.68354,black,31252.59572,3291.821333,1000,1726.91,10.2108143,2,Y
365534208,48,F,1,92,-1.6,0,1,Own,50047,5/1/2023,Monday,Local,1,0,98,Broker,0,8,Medium,24636.26318,gray,11341.12605,5783.943551,500,1082.36,8.546132608,2,N
368934912,51,F,1,88,82908.8,0,1,Rent,15025,3/14/2024,Thursday,Local,2,0,7,Broker,1,3,Medium,32385.98694,gray,21956.06415,7494.755898,2000,1155.97,12.48446962,7,N
369826560,31,M,0,79,24944.0,1,0,Own,85055,9/4/2023,Monday,Highway,1,0,50,Broker,1,3,Large,7228.925157,red,52896.47234,2446.99548,500,1078.65,10.4748396,7,Y
369930240,58,F,1,81,24966.4,0,0,Own,15019,5/21/2024,Tuesday,Parking Lot,0,0,76,Broker,1,6,Compact,15672.50269,white,15605.95976,3969.673609,500,1518.54,10.45741283,7,Y
370199808,44,F,1,55,10518.4,0,1,Own,80002,2/23/2023,Thursday,Local,0,0,16,Broker,0,2,Large,22318.63595,white,8853.092611,3349.164183,500,1055.6,7.336865736,3,Y
370448640,30,F,0,64,14420.8,1,0,Own,20160,2/23/2024,Friday,Parking Lot,0,0,46,Broker,1,2,Large,9037.907893,red,17758.17127,4601.845098,500,1232.57,8.980235813,5,Y
370510848,45,F,1,88,10884.8,1,0,Own,20163,7/2/2024,Tuesday,Parking Lot,0,0,1,Broker,0,3,Medium,17745.45643,black,6164.407089,7874.050418,500,1078.65,9.29246393,4,Y
370967040,43,M,1,48,10180.8,1,0,Own,85038,4/7/2024,Sunday,Highway,0,1,0,Broker,0,9,Medium,17386.53623,other,19218.01333,6338.252696,500,1082.36,12.13809575,2,Y
371215872,51,M,0,47,82908.8,1,0,Own,15055,5/22/2023,Monday,Parking Lot,0,0,51,Broker,1,7,Medium,21460.21489,other,40481.61948,4548.833852,1000,1324.78,9.979866771,3,N
371589120,37,F,1,90,27772.8,1,0,Rent,85028,12/7/2024,Saturday,Parking Lot,0,0,16,Broker,0,2,Medium,52015.77659,blue,40979.06029,6621.311416,1000,1726.91,8.755456115,7,Y
371837952,63,M,0,95,96297.6,1,0,Own,80022,4/24/2024,Wednesday,Local,0,0,59,Broker,0,2,Large,24580.31376,gray,12211.47082,6205.675076,500,1518.54,10.89030883,4,N
371879424,42,M,1,68,19812.8,1,1,Rent,80025,12/12/2024,Thursday,Local,0,0,7,Broker,0,4,Large,26278.63078,red,7052.430313,2650.664922,2000,1246.68,8.457581539,2,Y
372086784,40,F,1,74,29035.2,0,1,Rent,80017,3/6/2024,Wednesday,Highway,0,0,26,Broker,1,3,Large,24073.77388,red,6277.494557,1072.223453,500,1354.2,9.093202481,6,Y
372128256,47,F,0,81,161600.0,0,1,Own,50009,11/30/2024,Saturday,Parking Lot,5,0,10,Broker,1,7,Large,39197.5979,black,14808.92096,3508.749991,500,1055.6,11.92939297,4,N
372190464,56,F,1,48,164425.6,1,1,Rent,15059,10/22/2023,Sunday,Local,0,0,38,Broker,0,5,Medium,22006.33664,black,11787.1391,8799.755273,1000,999.43,11.23743383,4,N
372231936,36,F,1,63,157334.4,1,1,Rent,20101,8/2/2023,Wednesday,Local,1,0,52,Broker,0,9,Medium,84898.64534,silver,44786.58955,4543.841184,2000,1155.97,7.214896909,1,N
372273408,38,F,0,94,98206.4,1,1,Own,85026,2/26/2024,Monday,Local,0,1,100,Broker,1,6,Medium,17221.07918,white,10603.89804,4028.837173,1000,1726.91,10.47216456,4,N
372418560,46,M,0,44,101262.4,1,0,Own,85078,3/29/2024,Friday,Local,0,1,12,Broker,0,6,Medium,32914.99311,red,7896.314133,2456.067457,1000,1324.78,9.997003185,11,N
372563712,46,F,1,69,91268.8,0,1,Own,85073,2/5/2023,Sunday,Local,0,1,0,Broker,1,3,Large,8984.589137,black,28243.72246,3531.759243,2000,1246.68,10.38904936,2,N
372999168,32,F,1,75,85464.0,1,1,Own,15010,3/25/2023,Saturday,Local,0,1,85,Broker,1,5,Medium,20279.908,red,15692.54191,4815.438322,500,1055.6,7.039161187,8,N
373019904,31,M,0,97,84939.2,1,1,Rent,80005,8/18/2024,Sunday,Parking Lot,0,0,53,Broker,1,7,Compact,22260.51363,red,16425.63546,1944.054941,1000,999.43,9.693060223,5,N
373061376,36,M,1,75,97316.8,0,1,Rent,85038,7/13/2024,Saturday,Highway,0,1,15,Broker,1,6,Compact,12644.02682,blue,16428.38348,1952.140527,1000,1726.91,11.41074135,3,N
373123584,34,M,1,19,96409.6,0,0,Rent,20105,10/22/2024,Tuesday,Local,0,0,9,Broker,0,3,Large,8934.255078,white,25718.97718,1596.735006,500,1232.57,6.691005634,5,N
373330944,30,F,0,91,94388.8,1,0,Own,15015,5/25/2024,Saturday,Parking Lot,0,0,27,Broker,1,4,Large,25876.09803,silver,41038.56399,7159.919921,1000,1324.78,8.178976859,4,N
373413888,32,F,1,78,95449.6,1,0,Rent,20148,11/27/2024,Wednesday,Parking Lot,0,0,88,Broker,0,6,Large,31642.30235,black,10724.44862,5555.071056,500,1518.54,9.129211496,6,N
373496832,65,M,1,74,-1.0,1,0,Own,50032,11/23/2024,Saturday,Highway,2,0,6,Broker,0,9,Compact,17838.42956,gray,26389.29728,4513.692674,2000,1239.06,12.05130062,9,N
373579776,57,F,0,93,94699.2,1,1,Rent,85068,3/6/2024,Wednesday,Parking Lot,0,0,71,Broker,0,6,Large,14240.41535,black,6970.426746,1996.065189,1000,1622.67,11.4457248,6,N
373600512,45,M,1,85,90923.2,0,1,Own,85071,4/20/2023,Thursday,Local,0,0,62,Broker,1,5,Medium,42511.08325,black,8883.628121,4575.565622,500,1082.36,9.986689902,4,N
374139648,33,F,1,76,94699.2,0,1,Own,85004,1/8/2024,Monday,Local,0,1,1,Broker,1,5,Large,7911.357214,other,37549.72795,6242.911021,2000,1246.68,8.760964745,2,N
374160384,48,F,0,78,90923.2,0,1,Rent,15032,12/9/2024,Monday,Local,0,1,96,Broker,0,5,Large,24379.79732,blue,13829.96212,7935.071231,1000,1622.67,10.5380674,4,N
374740992,33,F,1,77,99404.8,1,0,Own,20110,6/5/2023,Monday,Local,1,1,51,Broker,1,3,Compact,21881.2163,other,22296.60642,4766.938607,1000,1324.78,9.354562687,0,N
374761728,59,M,1,79,94699.2,1,0,Own,15021,6/9/2023,Friday,Parking Lot,0,0,50,Broker,1,1,Large,10661.48716,red,31681.50019,3563.354247,500,1518.54,8.026041508,8,N
374823936,22,F,1,91,98198.4,1,1,Rent,85008,9/26/2024,Thursday,Local,2,1,22,Broker,1,5,Medium,11076.75478,white,20855.65957,2068.573908,2000,1246.68,10.88521961,1,N
374886144,48,F,0,64,21980.8,1,1,Own,15012,4/23/2024,Tuesday,Parking Lot,0,0,75,Broker,0,4,Compact,16304.93199,silver,16100.20531,4250.005917,500,1082.36,8.951081456,6,Y
374927616,51,F,1,78,99404.8,0,0,Own,80045,8/19/2024,Monday,Local,0,0,53,Broker,0,2,Compact,13602.19791,red,23470.49019,4761.44905,500,1354.2,10.03762989,6,N
374989824,64,M,0,86,94699.2,1,1,Own,85018,7/23/2023,Sunday,Local,0,0,51,Broker,0,4,Large,24754.85762,black,19167.71027,9228.311236,500,1055.6,10.36908178,3,N
375010560,58,M,0,88,90923.2,1,1,Own,80006,4/10/2023,Monday,Parking Lot,0,0,5,Broker,1,5,Medium,29372.08659,other,7563.763267,4875.062577,1000,999.43,7.192553834,1,N
375052032,40,M,1,61,98198.4,1,1,Own,15034,3/28/2023,Tuesday,Local,0,0,85,Broker,1,4,Large,7226.575367,gray,5766.238883,3770.230957,2000,1155.97,10.69738934,5,N
375425280,50,M,1,75,22569.6,1,1,Own,20137,11/26/2023,Sunday,Local,0,0,17,Broker,1,10,Compact,20487.49614,black,7401.583521,6928.057706,1000,1324.78,10.73896153,3,Y
375570432,62,F,1,80,26060.8,1,1,Own,80006,2/23/2023,Thursday,Local,0,1,95,Broker,0,8,Large,54230.91163,red,18958.85041,4719.78708,500,1518.54,10.27164316,5,Y
375798528,54,M,1,60,163820.8,0,1,Rent,20159,11/30/2023,Thursday,Local,0,0,98,Broker,1,2,Compact,49609.95527,silver,28328.3735,4639.790243,2000,1246.68,13.77122302,5,N
375964416,38,M,1,81,98182.4,1,1,Own,85041,8/23/2023,Wednesday,Local,0,0,17,Broker,0,4,Medium,25546.02823,gray,37555.75687,7036.309427,500,1082.36,12.00554136,3,N
376213248,45,M,1,71,40881.6,1,0,Own,80044,1/19/2023,Thursday,Local,3,0,46,Broker,1,5,Medium,19939.4847,gray,13050.55213,5862.342992,500,1354.2,9.06623754,4,Y
376254720,49,M,1,76,99404.8,1,1,Rent,50043,11/4/2024,Monday,Local,0,0,87,Broker,1,4,Medium,22309.22445,red,40331.83443,3507.727431,500,1055.6,10.36161103,2,N
376296192,53,M,1,65,94699.2,1,1,Own,15057,9/19/2023,Tuesday,Local,2,0,4,Broker,0,4,Compact,19413.80381,gray,37578.85155,2886.112263,1000,999.43,10.0734199,4,N
376462080,83,M,1,95,40692.8,1,1,Own,15055,1/25/2023,Wednesday,Highway,0,0,0,Broker,1,6,Compact,21626.46014,white,28604.63233,7891.191767,1000,1324.78,11.77644392,1,Y
376503552,45,M,1,97,99404.8,1,1,Own,80013,11/14/2024,Thursday,Local,1,0,50,Broker,0,6,Medium,16829.50078,white,30009.68336,2887.822255,500,1518.54,12.02140598,6,N
376545024,43,M,1,79,94699.2,1,1,Own,85046,12/9/2023,Saturday,Highway,1,1,7,Broker,0,6,Medium,33929.56769,silver,13588.6204,6777.643361,2000,1239.06,10.09590721,6,N
376586496,47,M,1,89,98198.4,1,1,Own,20164,11/11/2024,Monday,Local,1,0,10,Broker,1,5,Medium,15579.30467,red,15068.26728,6677.542226,1000,1622.67,8.673571341,3,N
380153088,35,F,0,67,99404.8,1,1,Own,80106,1/24/2023,Tuesday,Parking Lot,0,0,3,Broker,1,5,Compact,12259.51704,silver,18962.25177,3792.519647,2000,1246.68,14.53752652,5,N
380298240,31,M,1,75,90923.2,1,0,Own,80011,8/28/2023,Monday,Parking Lot,0,1,23,Broker,1,4,Compact,16328.55329,other,38901.09414,3516.416867,500,1082.36,10.11938325,2,N
380401920,33,M,1,67,98198.4,1,0,Own,50014,11/4/2023,Saturday,Local,0,1,12,Broker,0,7,Medium,21327.12757,black,19058.1903,6180.396339,500,1354.2,10.16647596,4,N
380567808,57,M,1,72,90923.2,0,1,Own,20147,12/6/2024,Friday,Highway,0,0,50,Broker,0,6,Large,15137.75366,other,27253.89404,4851.37343,1000,1726.91,12.03937614,1,N
380588544,42,M,1,88,98198.4,0,0,Own,80012,10/20/2023,Friday,Local,0,0,32,Broker,1,7,Large,13584.3604,other,19332.22514,4246.142383,500,1232.57,8.277392909,4,N
381189888,31,F,1,90,-1.6,0,0,Rent,15001,9/20/2024,Friday,Highway,1,1,11,Broker,1,5,Large,15478.76923,gray,55684.29816,2678.258589,500,1055.6,7.984953063,3,N
381272832,43,M,1,39,94699.2,1,1,Own,50021,8/8/2023,Tuesday,Local,1,0,33,Broker,1,11,Large,23716.81064,blue,33081.49795,9688.286736,2000,1155.97,11.40737896,4,N
381293568,61,M,1,75,90923.2,1,1,Own,20148,5/9/2024,Thursday,Parking Lot,1,0,41,Broker,0,9,Medium,13702.36539,black,25012.52747,6760.329562,1000,1726.91,9.830545446,0,N
381314304,43,M,0,97,98198.4,1,0,Own,50049,11/25/2024,Monday,Parking Lot,0,0,70,Broker,0,5,Medium,47282.68534,gray,19509.67825,5302.792602,500,1232.57,9.801055357,2,N
381355776,36,F,1,98,99404.8,1,0,Rent,15027,12/7/2023,Thursday,Local,1,0,50,Broker,1,5,Medium,13179.68309,other,39612.59649,4777.813578,1000,1324.78,12.38781015,1,N
381397248,43,M,1,34,94699.2,0,0,Rent,80028,3/1/2023,Wednesday,Local,0,1,5,Broker,0,5,Compact,11244.94423,white,17200.80507,2945.139341,500,1518.54,9.783582436,4,Y
381480192,34,F,1,68,90923.2,1,1,Own,80037,2/11/2023,Saturday,Highway,0,0,100,Broker,1,6,Compact,35647.35744,blue,6626.014368,5941.779411,2000,1239.06,9.568414808,4,N
381811968,51,M,1,95,82908.8,1,1,Own,15055,2/2/2023,Thursday,Parking Lot,0,0,41,Broker,0,2,Medium,7506.512668,red,36858.87439,7049.375786,2000,1155.97,8.377462115,4,N
382143744,57,F,1,49,99404.8,0,1,Rent,15010,11/12/2024,Tuesday,Highway,1,0,60,Broker,1,3,Large,30206.14302,gray,57546.76155,5842.162694,500,1518.54,11.21633256,5,N
382371840,56,M,0,76,99404.8,1,1,Rent,50005,5/23/2024,Thursday,Local,1,0,0,Broker,1,3,Compact,35228.27628,black,20078.51012,4310.56452,500,1354.2,10.63945217,4,N
382392576,59,F,1,85,94699.2,1,1,Rent,80031,1/5/2024,Friday,Highway,0,0,44,Broker,0,6,Large,7945.5557,silver,18735.53202,1623.517299,500,1055.6,12.63378455,3,N
382475520,54,M,1,91,90923.2,1,0,Rent,15042,9/27/2023,Wednesday,Local,0,1,0,Broker,1,4,Large,26792.18775,white,28458.31056,5594.15396,1000,999.43,11.95327367,4,N
382662144,43,M,1,42,160152.0,1,0,Rent,15034,6/24/2024,Monday,Highway,1,0,38,Broker,1,5,Compact,21158.42305,other,15498.0662,4549.332636,1000,1726.91,11.07581599,2,N
382682880,43,M,0,93,30174.4,1,0,Own,85072,8/26/2024,Monday,Local,0,0,7,Broker,0,5,Large,15970.70351,red,39873.79114,917.2573255,500,1232.57,13.9498607,3,Y
382786560,33,M,1,94,25964.8,0,0,Own,15021,11/24/2023,Friday,Local,0,0,75,Broker,1,8,Compact,43480.88399,black,38205.87806,4747.831398,1000,1324.78,8.491430932,6,Y
382952448,51,F,1,73,92939.2,1,1,Own,50032,4/11/2024,Thursday,Parking Lot,0,0,99,Broker,0,6,Medium,19472.14842,white,12756.38188,6375.280801,2000,1246.68,13.1690762,4,N
383429376,41,F,1,67,162281.6,1,0,Own,85066,2/14/2024,Wednesday,Highway,1,0,18,Broker,0,3,Large,11337.75569,silver,24692.25469,7423.181749,1000,1726.91,12.99618388,2,N
383450112,30,F,0,76,159803.2,1,1,Rent,85038,11/13/2023,Monday,Local,0,1,42,Broker,1,5,Large,22552.70083,blue,39830.68393,2232.329814,500,1232.57,11.42432414,5,N
383470848,37,M,1,84,92939.2,1,1,Rent,80007,7/27/2023,Thursday,Parking Lot,1,0,77,Broker,1,4,Compact,10834.17485,gray,20056.1765,8595.530025,500,1078.65,7.370634727,2,N
383491584,58,F,1,76,89019.2,1,1,Own,80040,9/29/2023,Friday,Highway,0,1,7,Broker,1,7,Medium,12802.24873,black,22577.48411,5785.634489,1000,1324.78,7.513235828,4,N
383533056,40,M,1,71,32587.2,1,0,Own,50056,6/8/2023,Thursday,Local,1,0,99,Broker,1,8,Medium,25977.5395,silver,10109.67075,7149.299224,500,1518.54,10.9451125,2,Y
384403968,55,M,0,61,162281.6,1,1,Own,80002,5/9/2024,Thursday,Parking Lot,0,0,63,Broker,1,3,Compact,47880.38024,black,19297.81748,3546.993954,500,1078.65,13.29917228,2,N
384424704,48,F,1,85,159803.2,1,1,Own,20152,10/1/2023,Sunday,Parking Lot,0,0,41,Broker,0,3,Large,29823.85773,gray,25023.77594,3846.956551,1000,1324.78,10.92700292,4,N
384445440,37,F,0,85,92939.2,1,1,Own,50012,8/13/2024,Tuesday,Highway,0,0,89,Broker,1,11,Compact,6537.193307,silver,7962.081656,9170.03216,500,1518.54,9.76754108,10,N
384673536,51,M,1,40,82908.8,1,0,Own,15012,3/6/2023,Monday,Local,1,0,94,Broker,1,5,Large,17353.04289,silver,10505.05601,4112.435779,500,1082.36,12.11963521,7,N
385440768,61,M,1,85,162281.6,1,0,Rent,50039,7/6/2023,Thursday,Parking Lot,3,0,48,Broker,1,4,Medium,30348.08564,red,37885.68073,2433.223603,500,1055.6,10.48012366,8,N
385523712,34,M,0,68,92939.2,0,0,Own,20103,1/25/2024,Thursday,Local,2,0,50,Broker,1,3,Medium,32193.82443,white,15373.39716,2925.382009,2000,1155.97,9.314860268,3,N
385668864,30,M,1,58,32587.2,1,1,Rent,85048,2/7/2023,Tuesday,Local,0,1,50,Broker,0,2,Medium,12562.90819,silver,19159.67147,5652.518127,500,1232.57,9.545592662,4,Y
385876224,51,M,0,53,82908.8,1,0,Own,15028,10/9/2024,Wednesday,Local,3,0,70,Broker,1,4,Large,15246.96531,white,29031.62124,6228.610579,2000,1246.68,10.75016797,7,N
386290944,31,M,0,89,162281.6,1,1,Own,20160,5/10/2023,Wednesday,Local,0,0,7,Broker,1,2,Compact,18959.61435,gray,4895.641272,4468.187687,500,1232.57,9.795629274,4,N
386332416,33,M,0,92,92939.2,0,0,Rent,15001,6/28/2023,Wednesday,Parking Lot,0,0,99,Broker,0,8,Medium,37091.56427,other,11846.23223,3842.273613,1000,1324.78,8.641728821,6,N
386353152,37,M,1,54,89019.2,1,0,Rent,80012,10/7/2023,Saturday,Local,0,0,13,Broker,1,8,Large,42601.56991,black,37036.18352,5017.22791,500,1518.54,8.813788795,4,N
386477568,44,F,1,92,159803.2,1,1,Own,85038,11/22/2024,Friday,Local,0,0,27,Broker,0,4,Compact,18981.71557,blue,13300.32556,8551.382154,2000,1246.68,12.84652149,8,N
386519040,45,M,1,77,92939.2,0,0,Own,85074,6/23/2024,Sunday,Highway,0,1,1,Broker,1,9,Compact,18921.28084,gray,21893.46131,2560.112842,1000,1622.67,8.80018765,4,N
386560512,34,M,1,48,89019.2,0,0,Own,85039,3/27/2023,Monday,Parking Lot,0,0,50,Broker,1,3,Compact,17798.26373,other,5027.053987,7159.900134,500,1082.36,8.230946354,6,N
386601984,59,F,1,88,162281.6,1,1,Own,20147,2/13/2023,Monday,Parking Lot,2,0,59,Broker,1,0,Large,13720.13814,silver,8715.000188,4181.674692,500,1354.2,13.63077506,3,N
386954496,43,F,0,75,159803.2,1,0,Own,15021,12/6/2023,Wednesday,Parking Lot,0,0,2,Broker,1,3,Compact,13837.15307,blue,13481.48027,6521.301423,500,1078.65,8.717316413,1,N
388862208,62,M,1,83,92939.2,0,1,Own,80030,9/2/2024,Monday,Parking Lot,0,0,43,Broker,1,6,Compact,9530.107871,gray,17191.2342,5528.610508,500,1082.36,13.50076653,6,N
388986624,52,F,1,92,13246.4,1,1,Own,85033,6/24/2024,Monday,Local,0,0,50,Broker,1,5,Large,61658.6921,other,19578.13543,9516.052726,2000,1155.97,9.721883636,9,Y
389069568,43,M,1,85,80209.6,1,0,Rent,15043,4/7/2023,Friday,Local,0,0,5,Broker,0,6,Compact,29422.61347,black,39485.72672,1414.25747,500,1232.57,10.22318384,6,N
389214720,45,F,1,68,160932.8,0,0,Own,50044,10/8/2023,Sunday,Local,1,0,89,Broker,0,3,Large,22726.09873,red,27809.16711,3387.221386,500,1518.54,9.967489143,4,N
389318400,43,F,1,87,40185.6,1,0,Rent,85083,6/24/2023,Saturday,Highway,0,0,88,Broker,0,3,Medium,7835.81039,other,24409.78372,2037.416194,2000,1246.68,12.83963277,5,Y
389380608,71,M,1,41,18240.0,1,1,Rent,80001,5/25/2023,Thursday,Local,0,0,97,Broker,1,0,Medium,49082.64209,red,25848.4629,1111.742656,1000,1622.67,10.24781812,4,Y
389525760,62,M,0,82,96006.4,1,1,Own,50028,5/9/2023,Tuesday,Parking Lot,0,0,5,Broker,1,4,Medium,30561.42674,black,30994.92539,3992.104503,500,1055.6,9.552452719,3,N
391931136,51,F,1,34,82908.8,1,1,Own,85060,10/10/2024,Thursday,Local,0,0,98,Broker,1,5,Medium,13189.71393,gray,5933.745323,3807.175597,1000,1324.78,12.09343378,6,N
409245696,51,M,1,87,82908.8,1,1,Rent,20149,12/22/2023,Friday,Highway,0,1,100,Broker,1,6,Compact,20689.27036,white,23477.47734,5374.4097,500,1055.6,10.00792137,2,N
409971456,51,M,1,78,82908.8,1,1,Rent,85019,8/12/2023,Saturday,Local,0,0,50,Broker,0,1,Large,26322.64297,red,37724.62555,2229.662766,1000,999.43,12.29590042,9,N
429338880,51,M,1,45,82908.8,1,0,Rent,85061,3/19/2024,Tuesday,Local,0,0,100,Broker,0,4,Compact,14958.54982,silver,12689.60467,5189.614575,500,1055.6,6.774078182,6,N
431474688,51,M,1,86,82908.8,1,1,Own,85077,11/29/2023,Wednesday,Parking Lot,0,0,2,Broker,1,7,Large,22437.47601,gray,14340.9977,4958.626273,500,1354.2,10.462026,3,N
445160448,51,F,1,61,82908.8,0,1,Rent,15028,6/8/2023,Thursday,Parking Lot,0,1,92,Broker,0,3,Large,8603.082126,blue,11711.84961,10371.97493,1000,1324.78,7.340522232,4,N
447897600,51,M,0,85,82908.8,1,0,Own,50011,1/24/2023,Tuesday,Local,0,0,97,Broker,1,7,Compact,16882.91117,gray,42213.98056,4717.484632,2000,1155.97,9.927430748,4,N
452314368,51,M,1,73,82908.8,1,1,Own,80016,8/21/2024,Wednesday,Local,0,0,47,Broker,0,0,Large,25076.3056,gray,19832.53408,6925.945517,500,1354.2,9.814255961,3,N
462309120,51,F,0,95,82908.8,0,1,Rent,15005,3/11/2023,Saturday,Parking Lot,2,0,4,Broker,1,4,Compact,8456.634618,red,28829.76793,3815.904108,500,1232.57,11.42124047,5,N
468301824,51,F,1,88,82908.8,1,1,Rent,50001,11/26/2023,Sunday,Local,0,1,86,Broker,1,7,Medium,10754.22191,other,26751.44606,6539.467821,2000,1246.68,8.964461305,9,N
473465088,51,M,1,87,82908.8,0,0,Own,15003,4/23/2023,Sunday,Highway,5,0,90,Broker,1,6,Medium,24782.63581,silver,24387.65349,4692.297586,500,1232.57,11.4217421,3,N
479001600,35,F,1,71,29634.24,0,1,Rent,15047,12/25/2023,Monday,Local,0,0,47,Broker,0,3,Large,9215.727607,black,15015.9818,4505.161889,500,1354.2,9.698803758,6,Y
479167488,44,M,1,57,84763.84,0,1,Own,50021,6/19/2023,Monday,Local,0,0,93,Broker,0,4,Large,21179.35774,silver,11585.73624,6683.565507,1000,1726.91,5.574051927,3,N
479416320,46,F,1,80,85751.68,1,1,Own,50021,10/9/2024,Wednesday,Parking Lot,0,0,51,Broker,0,6,Large,16380.33414,blue,25776.40832,4501.253847,500,1518.54,9.096858469,6,N
479457792,43,F,0,80,24275.52,1,0,Own,15046,11/23/2023,Thursday,Highway,1,0,23,Broker,1,4,Compact,14632.11148,gray,23099.54025,9096.942754,2000,1246.68,10.02008462,7,Y
479561472,62,M,0,81,92420.16,1,1,Own,85044,11/23/2023,Thursday,Local,0,0,88,Broker,0,5,Medium,28055.99305,other,49362.42426,7803.382346,1000,1622.67,9.093771672,2,N
479685888,41,F,0,69,83200.32,0,1,Rent,80025,7/23/2023,Sunday,Local,1,0,20,Broker,1,1,Large,17519.84511,white,22587.07623,2800.75592,500,1055.6,12.27542279,1,N
479706624,56,F,1,72,90157.76,0,0,Own,20122,5/28/2024,Tuesday,Highway,0,1,7,Broker,0,6,Compact,15193.57884,blue,6983.752426,8353.941009,1000,999.43,11.12947744,1,N
479727360,52,M,0,85,88477.76,1,0,Rent,85008,1/6/2024,Saturday,Local,0,1,77,Broker,1,2,Large,32810.47801,white,38146.19902,8696.047288,2000,1155.97,7.182298949,1,N
479748096,52,M,1,76,88491.2,1,0,Rent,85065,9/23/2023,Saturday,Local,0,0,34,Broker,1,7,Large,12181.53145,blue,30940.88219,4047.557238,1000,1726.91,10.2840959,5,Y
479789568,36,M,0,66,20272.64,1,1,Own,85060,5/30/2023,Tuesday,Local,2,1,43,Broker,0,0,Compact,30413.84828,red,23971.0194,3775.258576,500,1078.65,8.552642977,9,Y
479872512,33,F,0,76,106317.12,1,0,Own,15035,5/13/2024,Monday,Highway,1,0,35,Broker,1,3,Medium,24409.97311,gray,37060.28649,5218.916115,1000,1324.78,10.80309724,3,N
480017664,44,M,1,70,84750.4,1,0,Rent,15037,1/3/2023,Tuesday,Highway,0,0,4,Broker,0,4,Medium,34228.62411,blue,20114.944,4439.386508,2000,1239.06,11.29301722,1,Y
480494592,49,F,1,81,87185.28,1,0,Own,80033,4/7/2024,Sunday,Local,3,1,34,Broker,1,3,Medium,8395.873012,gray,5959.997962,1556.344683,500,1055.6,9.460665495,2,N
480515328,54,M,1,77,89358.08,1,0,Rent,20124,4/27/2024,Saturday,Local,0,0,2,Broker,1,6,Compact,20654.49999,other,17310.05223,4533.409473,1000,999.43,11.75770009,4,N
480536064,50,M,1,89,87655.68,1,1,Own,15012,2/21/2024,Wednesday,Parking Lot,0,0,58,Broker,0,6,Medium,31698.20901,gray,35269.94824,6092.292821,2000,1155.97,9.302919475,1,N
480764160,58,M,1,79,90937.28,1,0,Own,50033,4/11/2024,Thursday,Parking Lot,1,0,51,Broker,0,5,Medium,22117.86547,gray,18088.9784,2856.227769,2000,1246.68,11.09658071,4,N
480805632,51,F,0,87,116072.32,0,0,Own,15035,11/1/2024,Friday,Local,0,0,1,Broker,0,2,Compact,33721.49117,other,4150.662375,9320.038474,1000,1622.67,6.871804897,6,N
480888576,55,M,1,63,49754.56,0,1,Own,80011,3/14/2023,Tuesday,Local,1,1,4,Broker,0,5,Compact,50658.72006,white,52756.54994,3316.786834,500,1082.36,10.32038871,3,Y
480992256,45,M,0,71,85281.28,0,1,Own,50010,7/4/2024,Thursday,Local,3,0,85,Broker,1,3,Compact,29954.30296,silver,26273.60302,6033.714201,500,1055.6,10.31754424,5,N
481012992,40,M,1,73,42656.0,1,1,Own,20152,2/21/2023,Tuesday,Local,0,1,88,Broker,1,10,Compact,9860.145531,white,6475.027161,3396.387514,1000,999.43,10.04580264,1,Y
481199616,47,M,1,92,86231.04,1,0,Rent,50014,7/7/2023,Friday,Parking Lot,0,0,38,Broker,0,5,Large,17900.52985,white,26037.50343,4999.05523,1000,1726.91,10.59904317,3,N
481241088,49,M,1,66,87151.68,1,1,Own,80030,1/9/2024,Tuesday,Local,4,1,25,Broker,1,5,Compact,20031.58531,gray,35474.0695,6529.398865,500,1232.57,8.730593973,5,N
481406976,38,F,1,76,41495.68,1,1,Own,85014,3/6/2023,Monday,Parking Lot,0,1,81,Broker,0,9,Medium,26299.76526,white,24317.70597,3406.472666,500,1078.65,7.885244909,2,Y
481469184,57,F,1,81,90572.16,0,1,Rent,15022,11/4/2023,Saturday,Local,0,0,36,Broker,1,7,Compact,45756.95566,gray,34738.01959,6165.619159,500,1518.54,8.937764046,3,N
481572864,37,F,1,90,40877.44,1,0,Own,15001,8/27/2023,Sunday,Local,2,0,50,Broker,1,6,Large,17136.01927,other,23009.45702,7218.595633,2000,1246.68,10.80994239,6,Y
481614336,55,M,1,69,89768.0,1,0,Own,20102,3/13/2023,Monday,Local,0,0,52,Broker,0,5,Medium,36582.9313,blue,19883.6459,7240.500743,1000,1622.67,12.14311347,7,N
481738752,41,F,1,70,83171.2,1,1,Rent,15035,2/23/2023,Thursday,Local,0,1,18,Broker,1,9,Medium,22223.46058,other,40436.39766,3877.347944,500,1082.36,9.643727935,2,Y
481759488,42,F,0,56,111686.4,0,0,Own,15012,1/28/2024,Sunday,Parking Lot,4,0,25,Broker,1,3,Compact,37936.65493,silver,30116.14325,10362.24043,500,1354.2,9.563360956,5,N
481780224,41,F,0,90,83191.36,1,0,Rent,50008,11/24/2023,Friday,Highway,0,1,25,Broker,0,8,Large,32937.7245,silver,14259.25861,2227.556366,500,1055.6,10.79628504,4,N
481966848,64,M,0,69,93136.96,0,1,Own,80031,11/20/2024,Wednesday,Local,0,1,27,Broker,0,7,Medium,23176.48676,blue,21399.96053,8475.23112,1000,1726.91,12.02990142,3,N
481987584,35,F,1,30,39623.04,1,0,Rent,15017,5/3/2024,Friday,Highway,0,0,0,Broker,0,4,Medium,35502.27843,other,24889.37023,8837.650287,500,1232.57,12.03475113,5,Y
482049792,43,M,0,45,84288.96,1,0,Rent,50049,12/1/2024,Sunday,Local,0,0,45,Broker,1,3,Large,16196.32297,black,16221.69012,4559.688652,1000,1324.78,9.486582615,4,N
482236416,36,M,1,67,80263.68,0,1,Own,50022,9/28/2024,Saturday,Highway,0,1,13,Broker,1,3,Large,37516.37688,black,29242.32003,1081.292393,1000,1622.67,8.364943277,6,Y
482277888,45,M,1,75,85247.68,1,1,Own,15060,10/14/2024,Monday,Local,2,0,49,Broker,0,3,Compact,16043.27381,red,21061.76859,4042.842533,500,1082.36,12.22515818,5,N
482547456,52,F,1,84,88504.64,1,0,Own,80023,1/27/2023,Friday,Highway,2,1,99,Broker,1,3,Large,9650.849787,black,37314.3976,5062.647575,2000,1155.97,10.89703737,4,N
482588928,55,F,1,83,89806.08,1,0,Rent,50023,12/22/2024,Sunday,Local,0,0,27,Broker,1,4,Large,28874.29335,silver,19823.8115,5456.764916,1000,1726.91,11.51773377,6,N
482651136,46,M,1,87,85796.48,1,0,Rent,20116,2/21/2024,Wednesday,Parking Lot,3,0,32,Broker,0,6,Medium,26330.17734,gray,44892.48814,9339.926296,500,1078.65,13.29702866,4,N
482796288,64,M,0,78,93121.28,0,1,Rent,20122,2/23/2023,Thursday,Highway,0,0,0,Broker,1,7,Medium,19964.64165,white,12939.1572,4392.682856,500,1518.54,8.715988417,6,N
483024384,49,M,1,76,87196.48,0,1,Rent,50038,6/28/2024,Friday,Parking Lot,2,0,30,Broker,0,5,Large,29696.87771,blue,49278.72182,5233.91536,2000,1155.97,12.54558293,2,Y
483086592,42,M,1,99,83737.92,1,0,Own,20117,2/22/2024,Thursday,Highway,0,0,0,Broker,0,6,Large,19104.2539,white,11972.7728,2080.206725,1000,1726.91,9.502495659,4,Y
483231744,48,F,0,21,86728.32,1,0,Own,15001,6/3/2023,Saturday,Local,1,0,100,Broker,1,8,Large,25392.38493,black,10153.79461,7233.266163,1000,1324.78,9.511291741,3,Y
483273216,56,F,1,80,90195.84,1,1,Rent,50042,11/30/2023,Thursday,Local,0,0,89,Broker,1,4,Compact,8056.584121,silver,9686.52253,8499.251413,500,1518.54,10.34940062,5,N
483604992,31,F,1,79,90935.04,1,1,Own,80017,4/1/2024,Monday,Local,0,0,38,Broker,1,2,Medium,31240.78594,blue,5831.672457,2063.607618,500,1354.2,8.44849905,4,N
483791616,42,F,1,82,83764.8,1,0,Own,20155,11/28/2023,Tuesday,Local,0,0,7,Broker,1,3,Medium,12705.58769,gray,17574.35484,1936.25933,1000,999.43,12.73515573,1,N
483812352,59,M,1,78,91336.0,1,1,Own,85073,7/10/2023,Monday,Highway,3,1,41,Broker,1,5,Compact,30503.16268,silver,29198.84534,4134.265133,2000,1155.97,9.500993913,7,N
483936768,50,M,1,73,87628.8,1,0,Own,85064,7/29/2024,Monday,Parking Lot,0,0,18,Broker,0,2,Medium,6651.52113,gray,21576.51683,1762.345457,500,1078.65,9.169172477,10,N
486756864,47,F,1,84,86197.44,1,1,Own,85003,2/28/2024,Wednesday,Parking Lot,0,0,50,Broker,0,10,Medium,13337.61725,other,21811.98716,6418.493652,500,1354.2,10.02516689,7,N
486860544,43,F,1,49,84300.16,0,1,Rent,20134,4/1/2023,Saturday,Local,0,0,0,Broker,0,5,Medium,25600.80871,gray,42357.32653,2692.392326,1000,999.43,10.01059736,2,N
486964224,64,M,1,74,93188.48,1,1,Rent,85074,7/23/2024,Tuesday,Local,0,1,88,Broker,1,9,Medium,14244.67339,silver,31252.29201,10084.33559,1000,1726.91,10.55967127,3,N
487026432,42,F,1,85,83749.12,1,1,Rent,80024,6/30/2024,Sunday,Local,0,0,25,Broker,1,6,Large,11886.97389,other,12754.14012,8704.098024,500,1232.57,12.00158018,5,N
487689984,38,F,1,68,81500.16,1,0,Own,50034,1/21/2024,Sunday,Parking Lot,1,0,91,Broker,1,7,Large,18313.22518,red,28273.95046,3260.474296,1000,1726.91,11.14147795,4,N
487772928,61,F,1,90,92095.36,0,1,Own,20117,10/3/2023,Tuesday,Parking Lot,0,1,8,Broker,1,7,Medium,10046.05547,black,26672.1738,7564.268024,1000,1324.78,8.930074164,5,N
488540160,41,F,1,79,83142.08,0,1,Own,50005,11/28/2023,Tuesday,Local,0,0,0,Broker,1,4,Large,27403.04231,gray,18835.16975,2861.697023,1000,1622.67,11.26349557,4,N
489452544,47,M,1,82,86248.96,1,1,Own,15017,4/6/2023,Thursday,Parking Lot,0,0,36,Broker,1,2,Large,19741.48443,black,13876.66492,3500.214977,500,1518.54,10.74943223,4,N
489473280,48,M,1,79,86705.92,1,0,Own,50014,10/1/2024,Tuesday,Parking Lot,0,0,1,Broker,1,2,Large,37736.89463,red,15850.54906,2061.700135,2000,1239.06,10.36585505,3,N
489535488,46,M,0,78,85800.96,0,1,Own,85023,4/29/2024,Monday,Local,1,0,79,Broker,0,6,Medium,20734.26467,other,27630.55651,2060.827307,2000,1246.68,8.958174499,4,N
489701376,41,M,0,73,83189.12,0,1,Rent,50011,12/31/2023,Sunday,Local,0,0,45,Broker,0,7,Compact,81893.33087,black,38204.62468,7117.400652,500,1082.36,10.3491348,0,N
489929472,51,F,1,73,88043.2,1,1,Own,50046,2/25/2024,Sunday,Highway,0,0,94,Broker,0,6,Compact,58822.48481,red,21676.42899,3560.013375,1000,999.43,9.302505499,3,N
489950208,38,F,1,90,81520.32,1,1,Own,50055,4/19/2024,Friday,Parking Lot,0,0,0,Broker,0,4,Medium,15744.04028,white,19420.93773,11559.57053,2000,1155.97,7.650318775,4,N
490758912,53,M,1,78,88912.32,1,1,Own,85018,3/9/2023,Thursday,Parking Lot,1,0,1,Broker,1,3,Compact,32570.85717,black,10754.40988,3652.452698,500,1518.54,10.56849233,4,N
490821120,40,M,1,55,82629.12,1,0,Own,20101,2/3/2024,Saturday,Local,0,0,71,Broker,0,4,Medium,25604.61437,black,34421.4812,4488.645889,2000,1239.06,10.5845219,3,N
491028480,37,F,1,89,80884.16,0,1,Rent,15022,5/8/2024,Wednesday,Parking Lot,0,1,2,Broker,1,4,Large,32950.0553,blue,7261.559164,2947.597928,500,1055.6,9.023116707,2,N
491132160,53,M,1,81,88939.2,1,0,Own,50051,11/3/2023,Friday,Parking Lot,3,0,61,Broker,1,5,Compact,28670.74317,blue,37574.06799,7596.781114,2000,1155.97,9.141046012,3,N
491194368,52,M,1,81,88527.04,1,1,Own,80022,12/22/2024,Sunday,Local,2,0,41,Broker,1,5,Large,9727.125861,black,15052.238,5475.41348,500,1232.57,10.86909184,4,N
491215104,47,M,0,76,86199.68,1,0,Rent,50057,9/22/2023,Friday,Highway,0,0,89,Broker,0,6,Medium,25633.18823,white,29543.0927,5409.418546,500,1078.65,9.202695296,6,N
491256576,49,F,1,64,87196.48,1,1,Own,85064,12/26/2023,Tuesday,Local,0,1,16,Broker,1,7,Compact,38715.10036,black,26694.35315,3211.594924,1000,1324.78,8.662539133,2,N
491339520,46,F,1,46,85740.48,1,1,Rent,15012,3/9/2023,Thursday,Local,0,0,73,Broker,1,3,Compact,23760.60674,black,19468.3174,3331.697889,2000,1239.06,10.76326615,3,N
491505408,42,F,0,57,111686.4,0,0,Own,15019,8/23/2024,Friday,Parking Lot,1,0,97,Broker,0,2,Large,10495.95918,white,13846.74278,6811.740742,2000,1246.68,7.996305919,5,N
491629824,44,F,1,78,84784.0,0,1,Rent,85074,10/31/2024,Thursday,Parking Lot,0,0,92,Broker,1,4,Large,20660.31972,other,12177.25071,7181.988039,1000,1622.67,12.09171346,3,N
491671296,47,F,1,69,86240.0,0,1,Own,80028,11/19/2023,Sunday,Highway,0,1,88,Broker,0,7,Medium,52582.96501,blue,7987.670134,5735.680996,500,1082.36,9.693897988,4,N
491774976,46,M,0,99,85792.0,0,1,Own,50021,4/2/2024,Tuesday,Highway,0,1,74,Broker,1,4,Compact,23138.76108,black,27498.73662,2997.683299,1000,999.43,13.15608353,8,N
492106752,34,F,1,81,110628.672,1,1,Rent,50049,1/24/2024,Wednesday,Highway,0,1,17,Broker,1,3,Compact,26646.78288,silver,40404.05084,2354.353027,1000,1324.78,4.757746632,4,N
492189696,47,F,1,74,120770.496,0,0,Own,80105,9/2/2024,Monday,Highway,0,1,92,Broker,0,4,Large,32054.83113,other,17207.75432,5199.409926,500,1518.54,12.46527882,4,N
492251904,61,M,1,74,128886.464,1,1,Own,50047,9/22/2024,Sunday,Local,0,1,96,Broker,0,5,Medium,13102.79064,silver,6364.823337,10126.30953,2000,1239.06,9.376709049,6,N
492562944,43,M,1,73,84280.0,0,0,Own,50035,1/5/2023,Thursday,Highway,0,0,7,Broker,1,9,Medium,9780.495915,blue,25978.0418,5661.79763,1000,999.43,10.65935628,5,N
494076672,38,F,0,89,81426.24,1,0,Rent,15051,4/2/2023,Sunday,Local,0,0,82,Broker,1,4,Medium,11115.23591,red,13035.23099,2650.520594,2000,1246.68,10.24061932,4,N
494118144,40,M,1,74,82611.2,0,1,Rent,50007,6/24/2023,Saturday,Local,0,1,27,Broker,1,5,Large,23271.71295,silver,18413.19761,5487.231822,500,1082.36,9.164209172,3,N
494159616,33,M,1,85,106317.12,1,0,Rent,15046,3/31/2023,Friday,Local,4,0,59,Broker,1,3,Large,20722.15849,white,9736.797614,8114.871172,500,1354.2,8.366069912,3,N
494180352,48,F,1,56,86737.28,0,1,Rent,15006,7/31/2024,Wednesday,Highway,5,1,67,Broker,1,6,Compact,10673.0669,other,36034.21268,6144.454658,500,1055.6,10.55715931,1,N
495009792,43,F,1,60,84271.04,1,0,Rent,50031,11/30/2024,Saturday,Local,2,0,17,Broker,1,4,Medium,8375.202081,blue,29844.16956,6724.198073,1000,999.43,10.885087,6,N
495030528,57,F,0,78,90547.52,0,0,Own,20148,5/31/2024,Friday,Parking Lot,1,0,54,Broker,1,5,Compact,13108.74115,black,27715.79809,7352.242995,2000,1155.97,10.66343293,2,N
495072000,59,F,1,53,91340.48,1,1,Rent,80028,11/17/2023,Friday,Local,0,0,40,Broker,0,8,Large,34650.81233,other,24598.16413,5706.731427,1000,1726.91,9.464567533,5,N
495113472,54,M,0,88,89344.64,1,1,Own,80030,1/30/2023,Monday,Local,0,0,60,Broker,0,6,Large,26245.34011,black,15134.75471,6211.02968,500,1078.65,11.98059904,4,N
495196416,54,M,1,67,89340.16,0,0,Own,15031,8/7/2023,Monday,Local,0,0,25,Broker,1,5,Large,17043.36559,white,13704.76102,4102.802578,2000,1239.06,6.714102209,3,N
495217152,56,M,1,85,90168.96,1,1,Own,15021,10/20/2024,Sunday,Local,0,0,96,Broker,1,4,Medium,24314.99964,blue,30613.1163,5538.075031,2000,1246.68,9.02892756,0,N
495258624,65,F,1,83,93506.56,0,1,Rent,15046,2/8/2024,Thursday,Parking Lot,1,1,50,Broker,1,7,Medium,31836.15991,gray,9230.07859,2660.219015,1000,1622.67,9.559628229,4,N
495279360,45,F,0,53,85258.88,1,1,Rent,20121,10/30/2023,Monday,Highway,1,0,4,Broker,1,8,Large,16034.06456,gray,22969.06165,5038.251535,500,1082.36,6.854375822,1,N
497062656,50,M,1,96,87615.36,0,0,Own,85028,3/25/2024,Monday,Local,1,1,12,Broker,1,4,Large,17546.7447,blue,8893.13008,6359.977494,1000,999.43,10.71501496,6,N
497124864,45,F,0,63,85283.52,1,1,Own,15044,8/18/2023,Friday,Parking Lot,2,0,44,Broker,1,4,Large,12432.20212,silver,10624.66211,3525.83669,1000,1726.91,7.612457549,4,N
497145600,49,M,1,46,87162.88,1,1,Own,80030,7/10/2023,Monday,Local,0,0,36,Broker,0,11,Compact,18959.35791,silver,42279.20742,9201.140659,500,1232.57,10.5389754,5,N
499613184,51,F,1,50,116072.32,0,1,Own,85068,8/30/2024,Friday,Local,0,0,92,Broker,0,1,Medium,24898.89557,blue,7885.62902,5654.151382,2000,1246.68,10.71456649,4,N
499841280,48,M,1,96,86710.4,1,0,Rent,50048,7/28/2023,Friday,Local,0,1,73,Broker,0,6,Compact,40107.71568,blue,47541.17454,3625.062051,500,1082.36,9.693682159,1,N
499903488,45,M,1,52,85296.96,0,1,Rent,20132,10/12/2024,Saturday,Parking Lot,1,0,65,Broker,1,8,Medium,11370.81779,gray,28622.44009,5900.81877,500,1354.2,10.45637942,3,N
499924224,46,F,1,74,85783.04,1,1,Own,50011,1/14/2023,Saturday,Parking Lot,0,0,0,Broker,0,7,Medium,9602.746592,other,15146.39031,4368.974824,500,1055.6,9.49843133,7,N
503013888,41,F,1,81,83204.8,0,1,Rent,50023,1/31/2023,Tuesday,Parking Lot,0,0,84,Broker,0,5,Large,13062.83428,red,18850.49277,9141.345785,1000,1726.91,11.0987811,5,N
503055360,41,M,0,91,83160.0,1,0,Own,15049,3/8/2023,Wednesday,Parking Lot,0,0,87,Broker,0,1,Large,33134.14115,silver,3152.699057,6281.138846,500,1232.57,8.949726008,5,N
503159040,53,F,0,86,88921.28,1,0,Own,20103,1/19/2023,Thursday,Local,1,0,72,Broker,1,4,Large,17783.06382,white,27312.13347,4193.162656,500,1078.65,9.804925949,5,N
503179776,37,F,1,88,80841.6,1,0,Own,15009,6/24/2023,Saturday,Local,0,0,63,Broker,1,7,Medium,21765.80022,blue,14143.41599,6847.133355,1000,1324.78,9.502862587,3,N
503324928,44,M,1,81,84757.12,0,0,Rent,80044,2/2/2023,Thursday,Parking Lot,0,0,16,Broker,1,4,Medium,16827.7802,black,8023.149197,1823.371968,2000,1239.06,11.28124189,7,N
503366400,58,F,1,83,90930.56,1,1,Own,80016,8/24/2023,Thursday,Parking Lot,2,0,51,Broker,0,3,Compact,28573.30662,gray,13945.57484,3727.986554,2000,1246.68,11.83280027,2,N
503428608,39,M,1,64,82060.16,1,0,Own,20111,11/23/2024,Saturday,Local,0,0,95,Broker,0,8,Medium,8615.313646,gray,21592.91192,3817.639319,500,1082.36,11.01023109,2,N
503511552,48,F,1,62,86739.52,1,1,Rent,85069,10/5/2023,Thursday,Local,1,1,3,Broker,1,7,Medium,33972.48965,other,32719.5778,8115.293841,2000,1155.97,11.55002324,5,N
505253376,49,F,1,84,87180.8,1,0,Rent,15022,5/27/2023,Saturday,Parking Lot,0,1,19,Broker,1,3,Compact,33252.15812,black,21725.28366,4364.255574,1000,999.43,8.850126784,4,N
505294848,57,M,0,99,90567.68,1,0,Rent,15009,9/14/2024,Saturday,Local,0,1,17,Broker,0,7,Large,16807.10961,red,3386.279669,2061.86801,2000,1155.97,11.03731328,6,N
505336320,42,F,1,66,83733.44,0,1,Own,85018,1/21/2024,Sunday,Local,0,0,62,Broker,0,6,Compact,30628.16687,silver,33032.51781,3450.912503,1000,1726.91,9.477743517,2,N
505937664,79,M,1,70,97872.32,1,1,Own,20148,3/28/2023,Tuesday,Parking Lot,1,1,6,Broker,1,7,Medium,10398.11341,black,30733.16122,2957.146067,1000,999.43,9.36030841,4,N
506414592,68,M,1,91,94492.16,1,0,Own,15018,1/7/2023,Saturday,Local,0,0,4,Broker,1,6,Large,40097.0812,silver,7465.930592,1990.277857,1000,1324.78,9.482473953,4,N
506850048,46,M,1,87,31214.4,1,1,Rent,15001,1/24/2024,Wednesday,Local,0,0,38,Broker,1,9,Large,39890.48213,other,12215.28549,5540.932076,1000,1726.91,8.448541009,4,N
506912256,61,M,1,53,35744.0,1,0,Own,20134,2/20/2024,Tuesday,Parking Lot,0,0,77,Broker,0,7,Large,16915.47285,white,13353.69256,6415.417989,500,1078.65,9.853784666,6,N
506995200,38,M,1,68,38204.8,0,1,Rent,85074,5/31/2023,Wednesday,Highway,1,0,16,Broker,1,3,Medium,29108.02466,gray,36816.51505,8778.241298,1000,1324.78,11.23240085,4,N
507098880,46,F,0,59,31248.0,1,0,Own,15012,11/30/2024,Saturday,Local,2,0,1,Broker,0,3,Compact,35691.47987,blue,18343.16504,4819.601202,500,1518.54,11.09857533,2,N
507223296,45,M,1,74,30883.2,1,1,Rent,50025,5/21/2023,Sunday,Local,0,0,49,Broker,0,9,Medium,10242.91234,gray,27262.11521,3063.563993,2000,1246.68,7.754502581,2,N
507244032,45,F,1,79,30881.6,1,0,Rent,80041,5/10/2023,Wednesday,Local,1,0,3,Broker,0,2,Compact,17254.26755,blue,35351.9624,4485.213818,1000,1622.67,11.18508214,5,N
507389184,25,M,1,84,31478.4,1,0,Own,20144,3/13/2024,Wednesday,Highway,1,0,4,Broker,0,5,Compact,26988.74711,black,10682.72432,6589.61845,500,1082.36,10.06115831,2,N
507617280,39,F,1,89,38603.2,1,1,Rent,85007,8/24/2024,Saturday,Parking Lot,1,0,95,Broker,1,10,Large,19476.37143,red,24058.27886,3736.184876,2000,1155.97,8.759802552,5,N
507638016,58,M,1,56,34952.0,1,1,Rent,15049,6/11/2024,Tuesday,Highway,0,0,48,Broker,1,6,Compact,41503.3039,black,13692.27739,5674.849981,1000,1726.91,10.58490327,1,N
507700224,67,M,0,74,37270.4,1,1,Own,80003,8/19/2024,Monday,Highway,0,0,79,Broker,1,7,Large,16875.96403,other,12509.58621,4625.086754,500,1232.57,9.185407771,3,N
507720960,52,M,1,80,33228.8,1,1,Rent,20134,11/11/2024,Monday,Parking Lot,1,0,12,Broker,1,8,Compact,19990.79044,white,15848.39229,4669.760347,500,1078.65,9.745629416,4,Y
507928320,28,M,1,55,48334.4,1,1,Rent,15049,8/4/2024,Sunday,Local,0,0,92,Broker,1,3,Large,21038.17982,white,29910.59428,8811.410545,1000,1622.67,12.70339586,4,N
508032000,56,M,1,76,44414.4,1,1,Own,20151,1/24/2023,Tuesday,Local,2,0,2,Broker,1,7,Medium,26328.11004,black,16360.87673,3443.426699,500,1354.2,9.196046183,6,N
508052736,52,M,0,77,43230.4,1,1,Rent,50035,6/8/2024,Saturday,Local,0,1,13,Broker,1,5,Large,19839.69894,red,33353.97845,6130.91012,500,1055.6,8.911871797,3,N
508135680,45,F,1,59,40924.8,0,1,Own,80014,8/25/2023,Friday,Highway,0,0,35,Broker,0,5,Compact,24321.10813,gray,10971.07501,5763.374176,1000,999.43,9.741118882,4,N
508260096,56,F,0,68,44401.6,1,1,Own,20111,2/25/2023,Saturday,Highway,0,0,93,Broker,1,2,Medium,12883.33885,other,18270.99877,4124.888,500,1232.57,8.79012292,6,N
508571136,33,M,1,90,44766.72,1,1,Own,15034,4/12/2023,Wednesday,Local,2,0,36,Broker,1,1,Compact,25341.84381,red,53628.92225,7537.279529,500,1082.36,11.00863897,4,N
509338368,41,M,1,94,47569.92,0,1,Own,85005,8/17/2023,Thursday,Highway,3,1,39,Broker,1,7,Large,8364.568885,gray,19474.20928,3747.655406,1000,1622.67,11.83305134,5,N
509421312,30,F,0,39,43540.48,1,0,Rent,85006,9/18/2023,Monday,Highway,0,0,16,Broker,1,5,Large,25835.16326,silver,20661.35797,3898.845207,500,1055.6,8.550924231,5,N
509504256,40,F,1,82,47207.68,1,1,Rent,50049,5/22/2024,Wednesday,Local,0,0,8,Broker,0,3,Compact,60118.87245,other,23260.13872,6574.94615,2000,1155.97,10.03534049,7,N
509607936,44,M,0,59,48451.84,1,0,Rent,50025,1/26/2024,Friday,Local,0,1,17,Broker,1,4,Large,19409.51334,silver,9263.394861,2954.841634,500,1232.57,10.34481104,6,N
510603264,47,F,1,70,49282.56,1,1,Rent,20151,8/2/2024,Friday,Local,0,0,45,Broker,0,5,Medium,15058.20188,other,45034.00412,2043.972488,1000,1622.67,10.36447986,7,N
510727680,33,M,1,76,44747.52,1,1,Rent,80019,2/4/2024,Sunday,Local,0,0,5,Broker,0,1,Large,22884.70596,blue,26266.10211,3606.324807,500,1082.36,8.939961581,7,N
510914304,48,M,0,69,49552.64,0,0,Rent,50022,9/3/2023,Sunday,Highway,1,0,100,Broker,1,3,Medium,37795.05036,gray,6368.921226,2910.778133,1000,999.43,9.058887203,2,N
512552448,43,M,1,80,48147.2,0,1,Rent,20148,1/17/2023,Tuesday,Highway,0,0,83,Broker,0,3,Large,20220.75654,other,12204.56459,1784.234003,500,1518.54,11.14323668,9,N
512573184,33,M,1,77,44768.0,1,0,Own,20159,3/17/2023,Friday,Local,0,0,71,Broker,1,5,Compact,20160.09866,black,9946.807808,2301.956293,2000,1239.06,11.07797662,1,N
512676864,44,F,0,64,48465.92,0,1,Own,50001,6/10/2024,Monday,Parking Lot,0,0,61,Broker,1,6,Medium,50284.79761,silver,30117.41863,2462.915827,500,1082.36,10.77290464,5,N
512759808,45,F,1,69,48732.16,1,0,Own,50039,5/6/2024,Monday,Local,0,1,68,Broker,1,5,Large,19362.09603,white,6125.321691,13124.95031,500,1354.2,9.376332343,7,N
513257472,41,F,0,77,47526.4,1,1,Own,20139,9/30/2023,Saturday,Highway,0,0,83,Broker,1,2,Large,15495.43327,silver,16849.72226,7028.92233,2000,1239.06,10.67433365,0,Y
516347136,51,M,1,78,82908.8,1,1,Rent,50046,1/24/2024,Wednesday,Local,0,0,99,Broker,0,5,Compact,16777.47979,gray,10694.36028,6230.266857,1000,1324.78,10.84013731,4,N
516367872,37,M,1,81,46229.76,1,0,Own,15006,1/25/2023,Wednesday,Highway,0,0,46,Broker,1,5,Medium,25463.36911,red,6751.442486,7765.866058,500,1518.54,8.271679483,6,N
516844800,30,F,0,79,43553.28,0,1,Own,20139,5/9/2024,Thursday,Local,0,1,67,Broker,1,8,Large,17725.46721,gray,16690.26534,2068.838323,500,1232.57,8.176645681,6,N
517010688,51,F,1,36,82908.8,1,1,Own,85042,2/9/2023,Thursday,Local,0,0,44,Broker,0,6,Compact,11641.62179,silver,26310.63363,10421.17062,500,1518.54,7.995535807,6,N
517197312,37,F,1,91,46233.6,1,1,Own,50014,6/3/2024,Monday,Highway,0,0,56,Broker,0,4,Large,12017.02291,blue,29495.82695,4308.639969,1000,1622.67,9.600961024,3,N
517218048,35,M,0,85,45527.04,0,0,Rent,85039,2/6/2023,Monday,Local,2,1,0,Broker,1,6,Medium,17491.7276,black,16790.7904,3354.651597,500,1082.36,9.067830807,6,N
517259520,22,F,1,46,49444.8,0,1,Rent,80102,1/24/2024,Wednesday,Highway,0,0,45,Broker,1,3,Large,41254.0046,other,6685.332584,4708.469329,500,1055.6,9.084802914,6,N
517300992,38,M,1,92,46556.16,1,1,Own,80010,8/22/2024,Thursday,Highway,0,0,64,Broker,0,5,Medium,28190.90425,silver,23752.11831,4676.873135,1000,999.43,10.15794081,3,N
517508352,40,F,1,74,47223.04,1,0,Own,85007,8/24/2023,Thursday,Parking Lot,0,0,58,Broker,1,5,Large,10904.40132,black,23577.28338,9022.964628,1000,1324.78,9.80777522,2,N
517798656,38,F,1,71,46558.72,1,1,Own,20109,6/24/2023,Saturday,Parking Lot,1,0,3,Broker,0,9,Medium,19446.16994,gray,20139.94165,2755.20477,2000,1155.97,9.946106824,7,N
517902336,42,M,1,72,47852.8,1,0,Own,80002,1/13/2023,Friday,Local,0,0,95,Broker,1,3,Large,20530.39704,black,23617.74242,2903.443513,500,1232.57,10.58972904,6,N
518441472,36,F,0,49,45871.36,1,0,Own,20109,9/18/2023,Monday,Highway,0,0,99,Broker,0,6,Medium,42630.63817,gray,48107.69796,7429.588114,500,1055.6,10.59405934,3,Y
518690304,41,F,1,82,47555.84,1,0,Own,20148,3/29/2023,Wednesday,Local,1,1,93,Broker,1,8,Compact,8821.851376,other,21393.12938,6298.363261,500,1518.54,9.823867788,2,N
518752512,44,M,1,80,48439.04,0,1,Own,15038,5/8/2023,Monday,Local,0,1,14,Broker,1,8,Large,16866.4775,black,31447.01987,4400.620734,1000,1622.67,12.23434415,3,Y
518980608,39,M,1,70,46883.84,0,1,Own,80106,11/24/2023,Friday,Parking Lot,0,0,1,Broker,1,6,Large,17792.27009,black,20291.1362,4770.873897,1000,1726.91,7.758978864,4,N
548529408,51,F,1,96,82908.8,1,0,Own,80106,4/20/2024,Saturday,Parking Lot,0,0,18,Broker,0,4,Compact,35167.9162,black,30913.20749,6867.456364,2000,1239.06,8.812003405,6,N
573246720,51,M,1,80,82908.8,1,0,Own,85001,8/30/2024,Friday,Local,0,0,100,Broker,0,4,Compact,14222.90791,black,26029.99915,9263.908943,1000,1726.91,10.32548584,2,N
585895680,39,F,1,87,8600.0,1,1,Rent,80014,8/3/2024,Saturday,Local,0,1,50,Broker,1,4,Medium,19551.67704,black,27987.32862,5372.602073,500,1518.54,8.209449262,2,Y
585916416,47,M,0,81,11617.6,1,0,Own,20146,4/13/2023,Thursday,Parking Lot,0,0,96,Broker,0,3,Medium,25361.82602,other,35401.61502,2833.452705,2000,1239.06,10.14764056,7,Y
586123776,52,M,0,82,83232.0,0,0,Own,15009,1/18/2024,Thursday,Local,1,0,86,Broker,1,8,Large,20715.23741,silver,11112.11333,2462.097712,2000,1246.68,12.24991464,2,N
586662912,48,M,0,75,41912.0,0,1,Rent,20104,12/17/2023,Sunday,Parking Lot,0,0,79,Broker,0,9,Large,25145.92319,other,23818.09968,4588.831962,2000,1239.06,9.034810691,5,Y
586704384,66,M,1,68,167041.6,1,0,Own,80038,11/24/2023,Friday,Parking Lot,0,*,41,Broker,0,8,Compact,49594.38696,black,26561.86551,6147.690434,2000,1246.68,8.447347972,5,N
586787328,43,M,1,68,20201.6,0,1,Rent,85080,5/5/2023,Friday,Parking Lot,0,0,100,Broker,0,4,Large,44263.78486,black,45719.97377,2337.473469,500,1354.2,9.272707168,1,Y
586828800,50,M,1,63,22550.4,1,0,Rent,15046,2/8/2024,Thursday,Highway,1,0,50,Broker,0,4,Large,15012.89526,other,11135.58753,4339.860919,500,1055.6,13.22176256,1,Y
586911744,46,F,0,92,31270.4,1,1,Own,80107,7/27/2023,Thursday,Highway,0,0,64,Broker,1,3,Medium,14968.60005,gray,31346.49725,5023.819351,2000,1155.97,9.656115625,0,Y
586932480,62,F,0,82,166038.4,1,1,Rent,20153,6/9/2024,Sunday,Highway,0,0,19,Broker,0,6,Compact,11626.40492,red,6122.923727,7178.199224,1000,1726.91,7.836535129,3,N
586973952,40,M,0,72,158988.8,1,0,Own,20165,2/6/2024,Tuesday,Highway,0,0,63,Broker,1,3,Medium,11227.59237,red,30041.44662,3863.527973,500,1078.65,7.92053754,3,N
589151232,52,F,1,84,29014.4,0,0,Own,50038,2/9/2023,Thursday,Local,0,0,52,Broker,1,2,Compact,28026.9523,black,6835.313679,10029.92003,500,1082.36,9.248544391,4,Y
589337856,49,M,0,72,99801.6,0,1,Own,85003,12/19/2023,Tuesday,Highway,0,0,76,Broker,1,5,Compact,13978.92463,blue,18519.29829,4247.555672,500,1055.6,10.18760617,2,N
590001408,46,M,1,74,29014.4,1,1,Rent,20160,7/22/2023,Saturday,Local,0,0,30,Broker,0,6,Large,8230.604537,red,36561.75197,6490.696342,500,1055.6,8.994493611,4,Y
592531200,30,F,1,74,29014.4,0,0,Own,20119,7/5/2024,Friday,Parking Lot,0,0,57,Broker,0,7,Compact,9972.720504,silver,19191.50922,4369.480413,500,1232.57,9.621539292,6,Y
592551936,36,M,0,71,90190.4,1,1,Rent,20136,5/28/2023,Sunday,Parking Lot,1,1,30,Broker,1,7,Medium,17556.78077,black,61399.59869,2960.453225,500,1078.65,12.38444804,4,N
592945920,59,M,1,90,29014.4,1,1,Own,85060,6/18/2023,Sunday,Local,2,0,55,Broker,1,4,Medium,39871.06951,other,13394.9305,5314.30542,500,1354.2,11.61965095,4,Y
593070336,62,F,1,71,90190.4,1,1,Own,85077,4/6/2023,Thursday,Local,0,0,52,Broker,1,8,Compact,24774.57399,gray,17226.61992,4254.313249,500,1055.6,8.234467556,2,N
593091072,54,F,1,72,99801.6,0,1,Own,85077,4/4/2024,Thursday,Local,0,0,98,Broker,0,3,Medium,10731.47862,silver,44499.84181,3705.946761,1000,999.43,11.62368737,10,N
594065664,52,F,0,81,29014.4,1,0,Own,80046,12/4/2023,Monday,Local,0,0,0,Broker,1,5,Compact,17278.68157,white,45511.15041,5855.183167,1000,1726.91,9.476600935,2,Y
594127872,35,M,0,82,90190.4,1,0,Rent,15049,10/29/2023,Sunday,Local,0,0,59,Broker,1,5,Medium,6602.886787,silver,27474.48745,5954.598457,500,1232.57,8.429515428,3,N
594148608,42,M,1,67,99801.6,1,0,Own,85022,11/23/2023,Thursday,Parking Lot,2,0,0,Broker,1,5,Large,26742.48039,black,24926.3657,1718.297999,500,1078.65,11.77010255,4,N
595620864,37,M,0,83,90190.4,1,1,Own,85073,1/7/2024,Sunday,Local,0,0,100,Broker,1,4,Compact,3793.389242,other,8172.748585,2299.387823,1000,1622.67,10.30486767,2,N
595786752,49,M,0,90,90190.4,1,1,Own,15025,9/25/2024,Wednesday,Local,1,0,50,Broker,1,4,Medium,19649.51959,black,23377.35088,4398.609911,1000,999.43,9.647956424,2,N
596056320,33,F,0,65,90190.4,1,1,Own,20149,11/24/2024,Sunday,Local,0,0,20,Broker,0,3,Compact,32007.59629,white,19253.59418,8200.072237,500,1518.54,9.407341238,3,N
597777408,40,F,1,61,29014.4,1,1,Own,85071,7/8/2024,Monday,Parking Lot,0,0,32,Broker,0,5,Medium,19531.72992,black,34207.37555,4980.421029,500,1082.36,8.088745515,4,Y
598420224,30,F,1,48,90190.4,0,1,Own,50033,2/13/2024,Tuesday,Highway,0,0,95,Broker,0,6,Medium,20899.38386,gray,15240.98071,5046.964146,2000,1239.06,9.003213655,8,N
598586112,56,M,0,36,90190.4,1,0,Own,20149,2/6/2024,Tuesday,Local,0,1,61,Broker,0,4,Large,39003.92053,gray,8772.428076,5452.879055,500,1082.36,10.02585015,5,N
599000832,49,F,1,80,90190.4,1,0,Own,50048,6/24/2023,Saturday,Parking Lot,0,0,26,Broker,0,7,Compact,22494.56548,white,21624.56098,8498.529903,1000,1324.78,8.657043894,5,N
600058368,22,F,1,71,49449.6,1,1,Own,80110,3/14/2024,Thursday,Highway,1,1,59,Broker,1,5,Medium,18440.28053,other,22520.99381,6767.67421,500,1232.57,10.13098855,3,N
602671104,69,F,1,74,25248.0,1,1,Rent,80006,12/2/2023,Saturday,Local,2,0,50,Broker,1,5,Large,9023.034774,other,5847.253139,3630.526364,500,1055.6,9.852251852,1,Y
602754048,57,F,1,73,21928.0,1,1,Own,20120,4/3/2023,Monday,Highway,0,1,90,Broker,1,5,Medium,15332.76423,white,13083.26333,5296.722476,1000,999.43,8.825551357,3,Y
603127296,22,M,1,64,49464.0,0,1,Rent,50052,10/28/2023,Saturday,Parking Lot,2,0,49,Broker,1,5,Medium,15827.23288,gray,20071.03636,5116.306872,500,1082.36,9.300941716,5,N
603500544,49,M,1,84,25248.0,1,1,Rent,15021,9/5/2024,Thursday,Highway,0,0,87,Broker,0,6,Medium,38843.09045,black,35040.36355,6437.597799,2000,1239.06,12.95707125,8,Y
604101888,44,M,1,80,25248.0,0,0,Own,50055,8/13/2023,Sunday,Local,0,0,56,Broker,1,5,Large,16858.35244,other,35090.94537,2284.396876,500,1082.36,10.75552095,6,Y
604143360,64,F,1,41,21928.0,0,0,Own,80007,11/21/2024,Thursday,Highway,0,1,27,Broker,0,7,Compact,36140.10484,white,10256.34391,2023.664245,500,1354.2,10.73742462,4,Y
605159424,48,M,1,80,21928.0,0,1,Own,20110,9/24/2024,Tuesday,Local,0,0,95,Broker,0,3,Compact,43429.82335,black,23563.4259,2918.681643,500,1232.57,8.719537549,3,Y
605346048,68,M,1,85,85512.0,1,1,Own,15042,1/11/2024,Thursday,Parking Lot,0,0,14,Broker,1,5,Medium,22177.38614,other,24495.43472,5764.131564,2000,1239.06,9.687222354,7,N
607067136,49,M,0,55,85512.0,1,0,Own,15022,12/22/2024,Sunday,Local,3,0,22,Broker,1,3,Compact,29492.66267,red,26447.31767,2548.766836,500,1055.6,12.5584218,0,N
608414976,60,M,0,77,85512.0,0,0,Own,20110,1/13/2023,Friday,Local,1,1,33,Broker,1,3,Medium,17698.65129,red,3774.99252,8142.476772,500,1232.57,8.011734859,4,N
609057792,31,M,1,77,34939.2,1,0,Own,85006,9/1/2023,Friday,Highway,0,0,46,Broker,0,3,Large,31325.57008,silver,15924.26795,6177.049942,1000,1726.91,9.250077566,5,Y
609265152,45,F,0,72,30912.0,1,0,Own,85001,7/26/2023,Wednesday,Parking Lot,0,0,63,Broker,0,4,Large,6599.41541,white,15381.90344,5489.252452,500,1232.57,12.56423687,2,Y
609368832,45,F,1,72,94942.4,1,1,Own,50046,2/10/2023,Friday,Local,0,0,44,Broker,0,1,Compact,26795.15229,blue,12194.82674,4953.821058,500,1518.54,5.383285762,4,N
609410304,35,M,1,74,93310.4,1,1,Own,85044,12/17/2023,Sunday,Highway,0,1,98,Broker,1,5,Medium,19840.55384,red,31635.05489,6902.208687,2000,1239.06,9.868587565,1,N
609431040,43,M,1,78,94942.4,0,0,Own,15025,3/8/2024,Friday,Local,3,0,99,Broker,1,3,Medium,29825.80765,white,12552.27526,3803.734615,2000,1246.68,10.18364428,3,N
609472512,44,F,1,93,93310.4,1,0,Rent,80108,5/13/2023,Saturday,Local,0,0,4,Broker,1,8,Large,20153.56946,white,9246.628949,3004.435397,1000,1622.67,12.05719165,8,N
609534720,36,F,0,86,94942.4,1,1,Rent,80023,5/8/2024,Wednesday,Local,0,0,1,Broker,0,3,Compact,22015.50413,black,36338.91509,5654.027623,500,1082.36,9.371598331,1,N
609679872,48,M,0,70,94942.4,1,0,Rent,50006,1/19/2023,Thursday,Local,0,1,89,Broker,0,4,Medium,5212.083118,black,29047.26096,3777.048525,500,1055.6,11.90086612,3,N
609845760,63,F,1,71,94942.4,1,0,Rent,85011,12/10/2024,Tuesday,Local,0,1,17,Broker,1,5,Medium,30998.34988,red,17033.36415,3442.003006,2000,1155.97,13.9607128,6,N
609990912,52,F,1,68,93310.4,1,0,Own,85053,10/12/2024,Saturday,Highway,0,1,26,Broker,1,4,Large,17140.15046,red,59444.07608,6419.744596,500,1078.65,12.15649918,6,N
614096640,53,F,1,62,94942.4,1,1,Own,85077,10/19/2024,Saturday,Local,1,0,29,Broker,1,3,Compact,11220.47,white,18435.70487,3601.663697,500,1232.57,11.81123093,3,N
614117376,33,M,1,68,93310.4,1,1,Own,15010,10/24/2024,Thursday,Parking Lot,0,0,49,Broker,1,4,Large,63311.42156,red,41388.01916,4398.191764,500,1078.65,5.960083458,6,N
614138112,53,F,1,72,94942.4,1,1,Own,85055,4/24/2023,Monday,Highway,2,0,100,Broker,1,5,Medium,29249.0997,red,23289.48233,3593.195151,1000,1324.78,11.91969717,9,N
614490624,31,F,1,71,94942.4,1,1,Own,85019,5/1/2024,Wednesday,Highway,1,0,10,Broker,0,9,Large,24919.92104,white,24443.94299,10506.70534,500,1082.36,10.83793089,3,N
614656512,53,F,1,66,33515.2,1,1,Own,15025,12/22/2023,Friday,Local,1,0,25,Broker,0,4,Large,22377.40872,silver,28147.38207,5000.296042,2000,1155.97,7.798638566,5,Y
614760192,58,F,1,43,105003.2,1,1,Rent,15014,9/21/2023,Thursday,Highway,1,0,50,Broker,0,5,Medium,29611.86826,gray,15768.67977,3519.008871,1000,1726.91,12.15481852,6,N
614946816,36,M,1,30,257313.6,1,0,Rent,20134,7/31/2024,Wednesday,Parking Lot,0,0,99,Broker,1,3,Medium,3809.845246,black,12194.17537,3742.967665,500,1518.54,10.59292916,3,N
615091968,87,F,1,91,88593.6,1,0,Own,15003,10/11/2023,Wednesday,Parking Lot,0,0,87,Broker,1,3,Medium,9564.844249,gray,13464.40195,5052.001705,500,1354.2,8.012501415,3,N
615278592,51,M,1,67,23315.2,0,0,Rent,15010,10/6/2024,Sunday,Parking Lot,0,0,36,Broker,0,5,Medium,25511.12395,red,25634.41395,5527.639004,1000,1726.91,8.997544519,3,Y
615776256,51,M,0,82,82908.8,1,0,Rent,20159,12/22/2024,Sunday,Local,0,1,2,Broker,1,7,Compact,11677.28463,blue,29432.06252,5529.087915,500,1354.2,9.585540581,7,N
617663232,49,F,1,86,88593.6,0,1,Own,85001,8/6/2023,Sunday,Local,0,0,70,Broker,1,10,Compact,5328.467817,black,16939.54867,4904.020353,500,1354.2,6.170682398,6,N
617849856,46,M,0,64,23315.2,0,1,Rent,80102,7/2/2024,Tuesday,Highway,1,0,58,Broker,0,7,Large,19475.69912,other,21494.61823,12591.0575,1000,1726.91,10.42106512,4,Y
618388992,44,M,1,68,23315.2,1,0,Own,85001,8/21/2023,Monday,Local,0,1,47,Broker,1,5,Large,20134.4469,other,19463.65791,1905.424297,1000,1726.91,10.21822433,2,Y
618596352,51,F,1,34,82908.8,1,1,Rent,50046,3/23/2024,Saturday,Local,2,0,50,Broker,0,4,Large,26067.4726,black,36625.86324,3006.342095,1000,1324.78,9.576450692,3,N
618928128,45,M,1,75,23315.2,0,0,Own,50043,6/1/2024,Saturday,Parking Lot,0,0,95,Broker,1,5,Large,14018.5925,other,27546.84967,3713.962991,500,1055.6,7.573050613,2,Y
620234496,52,M,0,81,82908.8,1,1,Own,80024,12/29/2023,Friday,Parking Lot,0,0,76,Broker,0,5,Large,10069.47222,white,21160.85412,2810.363735,500,1055.6,12.59236933,4,N
620504064,32,F,1,89,23315.2,1,1,Rent,85074,10/18/2023,Wednesday,Local,0,1,99,Broker,0,7,Compact,11716.4042,silver,9807.598785,8972.021891,2000,1246.68,6.982758078,2,Y
620773632,68,M,1,66,88593.6,1,0,Rent,85009,1/25/2023,Wednesday,Local,1,1,82,Broker,0,2,Large,11783.48861,black,24902.17658,11791.18854,2000,1155.97,9.443036455,4,N
620960256,40,F,1,75,23315.2,1,1,Rent,80002,4/11/2023,Tuesday,Parking Lot,0,0,20,Broker,1,2,Medium,16087.30078,silver,21511.18911,2837.855285,1000,1324.78,7.558577549,4,Y
621478656,46,M,1,97,31257.6,1,1,Own,15021,2/8/2023,Wednesday,Parking Lot,1,0,52,Broker,1,9,Large,32401.76839,silver,13635.22652,3885.037314,1000,1726.91,8.431914643,3,Y
621665280,42,M,0,71,39832.0,0,1,Own,20113,8/27/2023,Sunday,Highway,0,1,77,Broker,0,6,Large,50804.10342,gray,12208.58622,2142.045782,2000,1239.06,9.748277639,6,Y
621706752,31,F,1,70,88593.6,0,1,Own,80004,5/13/2024,Monday,Local,0,1,91,Broker,1,5,Compact,43472.51405,white,19151.5175,3152.915424,2000,1246.68,10.64478429,4,N
621810432,65,F,1,97,23315.2,1,0,Rent,20134,7/24/2023,Monday,Parking Lot,0,0,89,Broker,1,5,Compact,57417.73927,gray,26718.21104,3382.4126,500,1055.6,9.730108325,6,Y
